POLE_LAT,POLE_LONG,POLE_ZIPCODE,POLE_POP_SCALED,POLE_SUB_DIST,POLE_SUB_DIST_SCALED,POLE_ZONE,SYNTH_SENSOR_DATA,FAKE_OR_SYNTH,POLE_CRIT_LABEL,POLE_CRIT_CALC
37.3004791,-121.9543924,95008,0.397310299,1.436875148,,0,0.333333333,1,,
37.298107,-121.9530383,95008,0.397310299,1.328130838,,0,0.333333333,1,,
37.2989946,-121.956237,95008,0.397310299,1.551455868,,0,0.333333333,1,,
37.2882109,-121.9546855,95008,0.397310299,1.428484694,,0,0.333333333,1,,
37.2989946,-121.953034,95008,0.397310299,1.333795539,,0,0.333333333,1,,
37.2960894,-121.9519983,95008,0.397310299,1.246129784,,0,0.333333333,1,,
37.2857072,-121.9531547,95008,0.397310299,1.335567161,,0,0.333333333,1,,
37.2945064,-121.9559328,95008,0.397310299,1.511481781,,0,0.333333333,1,,
37.3085199,-121.9511797,95008,0.397310299,1.327750265,,0,0.333333333,1,,
37.3075707,-121.9503694,95008,0.397310299,1.262090092,,0,0.333333333,1,,
37.3075707,-121.9537064,95008,0.397310299,1.471190514,,0,0.333333333,1,,
37.3049715,-121.9572833,95008,0.397310299,1.671829203,,0,0.333333333,1,,
37.2989946,-121.9521803,95008,0.397310299,1.27599473,,0,0.333333333,1,,
37.2816897,-122.0189597,95070,0.268768215,0.25344903,,1,1,1,,
37.2816897,-122.0166085,95070,0.268768215,0.09290184,,1,1,1,,
37.2918084,-122.0148289,95070,0.268768215,0.395462671,,1,1,1,,
37.2857072,-122.0094674,95070,0.268768215,0.43809853,,1,1,1,,
37.2816897,-122.0159186,95070,0.268768215,0.048288662,,1,1,1,,
37.2945064,-122.0107829,95070,0.268768215,0.583670133,,1,1,1,,
37.2857072,-122.0156579,95070,0.268768215,0.172294858,,1,1,1,,
37.2882109,-122.0169681,95070,0.268768215,0.286307445,,1,1,1,,
37.2831277,-122.0147021,95070,0.268768215,0.086829498,,1,1,1,,
37.2936298,-122.0147542,95070,0.268768215,0.462382893,,1,1,1,,
37.2882109,-122.0104479,95070,0.268768215,0.426074879,,1,1,1,,
37.2882109,-122.008093,95070,0.268768215,0.563282467,,1,1,1,,
37.2816897,-122.0061486,95070,0.268768215,0.633283828,,1,1,1,,
37.2831277,-122.0124721,95070,0.268768215,0.210169817,,1,1,1,,
37.2795579,-122.0182492,95070,0.268768215,0.210497101,,1,1,1,,
37.2795579,-122.0131001,95070,0.268768215,0.162023036,,1,1,1,,
37.2886359,-122.0133168,95070,0.268768215,0.310039198,,1,1,1,,
37.2767965,-122.0170435,95070,0.268768215,0.196660302,,1,1,0,,
37.2761554,-122.0146761,95070,0.268768215,0.184544627,,1,1,0,,
37.2786442,-122.0170232,95070,0.268768215,0.147737683,,1,1,0,,
37.2768026,-122.0170616,95070,0.268768215,0.197249374,,1,1,0,,
37.2803671,-122.014639,95070,0.268768215,0.052533365,,1,1,0,,
37.2792909,-122.0207976,95070,0.268768215,0.384797486,,1,1,0,,
37.2776272,-122.0157497,95070,0.268768215,0.129073162,,1,1,0,,
37.2776032,-122.0146409,95070,0.268768215,0.134415631,,1,1,0,,
37.2791201,-122.0169299,95070,0.268768215,0.132550327,,1,1,0,,
37.2777964,-122.0213324,95070,0.268768215,0.433045529,,1,1,0,,
37.2777927,-122.0198096,95070,0.268768215,0.333198727,,1,1,0,,
37.2776294,-122.0143476,95070,0.268768215,0.141786308,,1,1,0,,
37.2776046,-122.0151653,95070,0.268768215,0.12661092,,1,1,0,,
37.2777932,-122.0192406,95070,0.268768215,0.296817345,,1,1,0,,
37.2786135,-122.0186063,95070,0.268768215,0.244805275,,1,1,0,,
37.2774861,-122.0145025,95070,0.268768215,0.141920914,,1,1,0,,
37.2795579,-121.9894266,95070,0.268768215,1.789135851,,1,1,1,,
37.2886359,-121.9624128,95032,0.22024123,1.299981771,,1,1,1,,
37.2989946,-121.9651317,95032,0.22024123,1.652474294,,1,1,1,,
37.2857072,-121.9827065,95032,0.22024123,1.623482195,,1,1,1,,
37.298107,-121.9596214,95032,0.22024123,1.683009229,,1,1,1,,
37.2989946,-121.9599711,95032,0.22024123,1.707867499,,1,1,1,,
37.2945064,-121.9750673,95032,0.22024123,1.604150889,,1,1,1,,
37.2886359,-121.9564142,95032,0.22024123,1.444383839,,1,1,1,,
37.2936298,-121.9609228,95032,0.22024123,1.501390326,,1,1,1,,
37.2936298,-121.9612485,95032,0.22024123,1.495948166,,1,1,1,,
37.2936298,-121.9633506,95032,0.22024123,1.468655207,,1,1,1,,
37.2795579,-121.9787602,95032,0.22024123,1.272650264,,1,1,1,,
37.2882109,-121.9579513,95032,0.22024123,1.382994951,,1,1,1,,
37.2973888,-121.9599255,95032,0.22024123,1.652019967,,1,1,1,,
37.2816897,-121.9906291,95070,0.268768215,1.70537156,,1,1,1,,
37.2973888,-121.9632039,95032,0.22024123,1.606242024,,1,1,1,,
37.2831277,-121.9916682,95070,0.268768215,1.635181914,,1,1,1,,
37.2795579,-121.9842032,95032,0.22024123,1.551429536,,1,1,1,,
37.2936298,-121.9764668,95032,0.22024123,1.614032957,,1,1,1,,
37.2816897,-121.9960314,95070,0.268768215,1.332130718,,1,1,1,,
37.2945064,-121.9617397,95032,0.22024123,1.519686232,,1,1,1,,
37.2831277,-121.9796294,95032,0.22024123,1.410277019,,1,1,1,,
37.2899865,-121.9794375,95032,0.22024123,1.601495445,,1,1,1,,
37.3004791,-121.9629688,95032,0.22024123,1.720436817,,1,1,1,,
37.3004791,-121.9595143,95032,0.22024123,1.768529064,,1,1,1,,
37.2945064,-121.9694399,95032,0.22024123,1.501666821,,1,1,1,,
37.2918084,-121.9648342,95032,0.22024123,1.391367618,,1,1,1,,
37.2960894,-121.9673096,95032,0.22024123,1.545607632,,1,1,1,,
37.2899865,-121.9579096,95032,0.22024123,1.443382676,,1,1,1,,
37.2816897,-121.9781687,95032,0.22024123,1.305284784,,1,1,1,,
37.3006486,-121.964071,95032,0.22024123,1.718001964,,1,1,1,,
37.2795579,-121.9550796,95032,0.22024123,1.219499168,,1,1,1,,
37.2899865,-121.9981833,95070,0.268768215,1.22765814,,1,1,1,,
37.2857072,-122.003931,95070,0.268768215,0.804371799,,1,1,1,,
37.2991858,-122.0064041,95070,0.268768215,0.905365944,,1,1,1,,
37.3049715,-122.0112639,95070,0.268768215,0.919686077,,1,1,1,,
37.2899865,-122.0065505,95070,0.268768215,0.687931338,,1,1,1,,
37.3049715,-122.0173599,95070,0.268768215,0.887696275,,1,1,1,,
37.2991858,-122.0026931,95070,0.268768215,1.095852344,,1,1,1,,
37.3028574,-122.0081437,95070,0.268768215,0.939687482,,1,1,1,,
37.2795579,-121.964513,95032,0.22024123,0.947764617,,1,1,1,,
37.2991858,-122.008831,95070,0.268768215,0.800943254,,1,1,1,,
37.3028574,-122.0095728,95070,0.268768215,0.89164471,,1,1,1,,
37.2989946,-122.0029307,95070,0.268768215,1.078561562,,1,1,1,,
37.2831277,-121.9658901,95032,0.22024123,1.070403386,,1,1,1,,
37.3085199,-122.0109769,95070,0.268768215,1.049741279,,1,1,1,,
37.2795579,-121.9675657,95032,0.22024123,0.943220721,,1,1,1,,
37.2795579,-121.9744865,95032,0.22024123,1.095327186,,1,1,1,,
37.3004791,-122.0092043,95070,0.268768215,0.827207981,,1,1,1,,
37.3028574,-122.0127834,95070,0.268768215,0.81761357,,1,1,1,,
37.2918084,-122.0037682,95070,0.268768215,0.889373987,,1,1,1,,
37.2945064,-122.0042816,95070,0.268768215,0.907365828,,1,1,1,,
37.2989946,-122.0090149,95070,0.268768215,0.788066809,,1,1,1,,
37.2816897,-121.998489,95070,0.268768215,1.162346557,,1,1,1,,
37.2882109,-122.0036151,95070,0.268768215,0.84940964,,1,1,1,,
37.2989946,-122.0120156,95070,0.268768215,0.695538221,,1,1,1,,
37.2816897,-121.9614736,95032,0.22024123,1.071350358,,1,1,1,,
37.2816897,-121.9673963,95032,0.22024123,1.020004147,,1,1,1,,
37.2816897,-121.9697496,95032,0.22024123,1.04437952,,1,1,1,,
37.2989946,-122.0125282,95070,0.268768215,0.684778399,,1,1,1,,
37.2816897,-121.9715948,95032,0.22024123,1.080357497,,1,1,1,,
37.3006486,-122.0139739,95070,0.268768215,0.723789334,,1,1,1,,
37.2989946,-122.016216,95070,0.268768215,0.660325446,,1,1,1,,
37.3006486,-122.0205322,95070,0.268768215,0.803623968,,1,1,1,,
37.2886359,-122.0066008,95070,0.268768215,0.662661029,,1,1,1,,
37.2857072,-121.9712965,95032,0.22024123,1.213793254,,1,0.666666667,1,,
37.2795579,-121.9594172,95032,0.22024123,1.053969688,,1,0.666666667,1,,
37.2899865,-122.0037534,95070,0.268768215,0.862836533,,1,0.666666667,1,,
37.2831277,-121.9634813,95032,0.22024123,1.087962218,,1,0.666666667,1,,
37.2795579,-121.9598291,95032,0.22024123,1.041372384,,1,0.666666667,1,,
37.2831277,-121.9641137,95032,0.22024123,1.080901671,,1,0.666666667,1,,
37.2831277,-121.9655457,95032,0.22024123,1.071348405,,1,0.666666667,1,,
37.2795579,-121.9701014,95032,0.22024123,0.974774247,,1,0.666666667,1,,
37.2857072,-121.9630836,95032,0.22024123,1.185773609,,1,0.666666667,1,,
37.2960894,-122.0076438,95070,0.268768215,0.764091446,,1,0.666666667,1,,
37.3005419,-122.0195403,95070,0.268768215,0.771627984,,1,0.666666667,1,,
37.3028574,-122.017103,95070,0.268768215,0.808422228,,1,0.666666667,1,,
37.3049715,-122.0065653,95070,0.268768215,1.064211285,,1,0.666666667,1,,
37.3004791,-122.0073567,95070,0.268768215,0.899010578,,1,0.666666667,1,,
37.2936298,-121.9998436,95070,0.268768215,1.163599881,,1,0.666666667,1,,
37.2960894,-122.0208775,95070,0.268768215,0.672065604,,1,0.666666667,1,,
37.2945064,-121.9993336,95070,0.268768215,1.208768243,,1,0.666666667,1,,
37.2973888,-122.020521,95070,0.268768215,0.698593721,,1,0.666666667,1,,
37.2882109,-122.0013375,95070,0.268768215,1.000275978,,1,0.666666667,1,,
37.3006486,-122.0090668,95070,0.268768215,0.837408335,,1,0.666666667,1,,
37.2816897,-121.971006,95032,0.22024123,1.067355262,,1,0.666666667,1,,
37.2973888,-122.0117128,95070,0.268768215,0.647965131,,1,0.666666667,1,,
37.2886359,-122.0021944,95070,0.268768215,0.947711132,,1,0.666666667,1,,
37.298107,-122.0081138,95070,0.268768215,0.798360189,,1,0.666666667,1,,
37.2973888,-122.0070765,95070,0.268768215,0.82557894,,1,0.666666667,1,,
37.3005419,-122.0059436,95070,0.268768215,0.963483008,,1,0.666666667,1,,
37.2886359,-121.9571407,95032,0.22024123,1.421253673,,1,0.666666667,1,,
37.2886359,-121.9693154,95032,0.22024123,1.288066147,,1,0.666666667,1,,
37.2857072,-121.9975929,95070,0.268768215,1.235852624,,1,0.666666667,1,,
37.2936298,-121.9587466,95032,0.22024123,1.54569032,,1,0.666666667,1,,
37.298107,-121.9600532,95032,0.22024123,1.675038241,,1,0.666666667,1,,
37.2816897,-121.9855373,95032,0.22024123,1.672048423,,1,0.666666667,1,,
37.2936298,-121.9672694,95032,0.22024123,1.455596205,,1,0.666666667,1,,
37.2936298,-121.9685237,95032,0.22024123,1.462025036,,1,0.666666667,1,,
37.2831277,-121.9754498,95032,0.22024123,1.241624233,,1,0.666666667,1,,
37.2857072,-121.9604665,95032,0.22024123,1.232865778,,1,0.666666667,1,,
37.2816897,-121.9801176,95032,0.22024123,1.393611215,,1,0.666666667,1,,
37.2882109,-121.9598376,95032,0.22024123,1.33368176,,1,0.666666667,1,,
37.2973888,-121.966552,95032,0.22024123,1.591732763,,1,0.666666667,1,,
37.2882109,-121.9763759,95032,0.22024123,1.434910795,,1,0.666666667,1,,
37.2945064,-121.966783,95032,0.22024123,1.48654385,,1,0.666666667,1,,
37.2918084,-121.9571268,95032,0.22024123,1.526332954,,1,0.666666667,1,,
37.2831277,-121.9811012,95032,0.22024123,1.478542666,,1,0.666666667,1,,
37.2882109,-121.9707435,95032,0.22024123,1.292378492,,1,0.666666667,1,,
37.2918084,-121.972091,95032,0.22024123,1.443470981,,1,0.666666667,1,,
37.3005419,-121.9617148,95032,0.22024123,1.736514034,,1,0.666666667,1,,
37.2945064,-121.9688782,95032,0.22024123,1.496606312,,1,0.666666667,1,,
37.2918084,-121.9696485,95032,0.22024123,1.406325426,,1,0.666666667,1,,
37.2918084,-121.966909,95032,0.22024123,1.388092549,,1,0.666666667,1,,
37.2960894,-121.9726218,95032,0.22024123,1.604163843,,1,0.666666667,1,,
37.2899865,-121.975124,95032,0.22024123,1.453890736,,1,0.666666667,1,,
37.2886359,-121.996936,95070,0.268768215,1.299459787,,1,0.666666667,1,,
37.2960894,-121.971993,95032,0.22024123,1.592937333,,1,0.666666667,1,,
37.2899865,-121.9634157,95032,0.22024123,1.336149295,,1,0.666666667,1,,
37.2831277,-121.9920513,95070,0.268768215,1.608739778,,1,0.666666667,1,,
37.3006486,-121.9604334,95032,0.22024123,1.758723727,,1,0.666666667,1,,
37.2857072,-121.9552982,95032,0.22024123,1.391761433,,1,0.666666667,1,,
37.2831277,-121.9928545,95070,0.268768215,1.553304934,,1,0.666666667,1,,
37.2899865,-121.9680141,95032,0.22024123,1.325977429,,1,0.666666667,1,,
37.2899865,-121.9739618,95032,0.22024123,1.422206336,,1,0.666666667,1,,
37.2857072,-121.9768024,95032,0.22024123,1.370768067,,1,0.333333333,1,,
37.2886359,-121.9685083,95032,0.22024123,1.280324698,,1,0.333333333,1,,
37.2886359,-121.9698378,95032,0.22024123,1.294333747,,1,0.333333333,1,,
37.2795579,-121.9539787,95032,0.22024123,1.269360954,,1,0.333333333,1,,
37.2886359,-121.9751467,95032,0.22024123,1.409819844,,1,0.333333333,1,,
37.2886359,-121.9813154,95032,0.22024123,1.639665539,,1,0.333333333,1,,
37.298107,-121.964688,95032,0.22024123,1.621900991,,1,0.333333333,1,,
37.2795579,-121.9954484,95070,0.268768215,1.373297235,,1,0.333333333,1,,
37.298107,-121.968819,95032,0.22024123,1.627054594,,1,0.333333333,1,,
37.2973888,-121.9602637,95032,0.22024123,1.645914746,,1,0.333333333,1,,
37.2973888,-121.9591477,95032,0.22024123,1.66721936,,1,0.333333333,1,,
37.2991858,-121.9639199,95032,0.22024123,1.665730848,,1,0.333333333,1,,
37.2936298,-121.9750516,95032,0.22024123,1.57406673,,1,0.333333333,1,,
37.2886359,-121.9958347,95070,0.268768215,1.373893223,,1,0.333333333,1,,
37.2816897,-121.9825733,95032,0.22024123,1.514651418,,1,0.333333333,1,,
37.2831277,-121.9860147,95032,0.22024123,1.730388895,,1,0.333333333,1,,
37.2882109,-121.9660897,95032,0.22024123,1.25602881,,1,0.333333333,1,,
37.2960894,-121.9623835,95032,0.22024123,1.568014593,,1,0.333333333,1,,
37.3005419,-121.9631152,95032,0.22024123,1.721381062,,1,0.333333333,1,,
37.2795579,-121.9888017,95032,0.22024123,1.814536433,,1,0.333333333,1,,
37.2918084,-121.9699424,95032,0.22024123,1.409777923,,1,0.333333333,1,,
37.2918084,-121.9586116,95032,0.22024123,1.486511895,,1,0.333333333,1,,
37.2882109,-121.9749696,95032,0.22024123,1.390516457,,1,0.333333333,1,,
37.2918084,-121.9591384,95032,0.22024123,1.473842167,,1,0.333333333,1,,
37.2918084,-121.9652537,95032,0.22024123,1.389513569,,1,0.333333333,1,,
37.2918084,-121.9779033,95032,0.22024123,1.601433204,,1,0.333333333,1,,
37.2945064,-121.9719968,95032,0.22024123,1.536926256,,1,0.333333333,1,,
37.2899865,-121.9670408,95032,0.22024123,1.321779794,,1,0.333333333,1,,
37.2882109,-121.9788748,95032,0.22024123,1.525925162,,1,0.333333333,1,,
37.2960894,-121.9714027,95032,0.22024123,1.583411046,,1,0.333333333,1,,
37.2857072,-121.9585724,95032,0.22024123,1.281868779,,1,0.333333333,1,,
37.2899865,-121.9747229,95032,0.22024123,1.442529279,,1,0.333333333,1,,
37.2831277,-121.995419,95070,0.268768215,1.376344303,,1,0.333333333,1,,
37.2795579,-121.9591318,95032,0.22024123,1.063057603,,1,0.333333333,1,,
37.2857072,-121.9681649,95032,0.22024123,1.17118865,,1,0.333333333,1,,
37.2991858,-122.015265,95070,0.268768215,0.664333104,,1,0.333333333,1,,
37.3004791,-122.0147355,95070,0.268768215,0.712793071,,1,0.333333333,1,,
37.3005419,-122.012478,95070,0.268768215,0.740260043,,1,0.333333333,1,,
37.2831277,-121.9715694,95032,0.22024123,1.129479357,,1,0.333333333,1,,
37.2918084,-122.0077142,95070,0.268768215,0.656160945,,1,0.333333333,1,,
37.3049715,-122.0110735,95070,0.268768215,0.923765693,,1,0.333333333,1,,
37.3005419,-122.013203,95070,0.268768215,0.728640462,,1,0.333333333,1,,
37.2960894,-122.0025432,95070,0.268768215,1.039838679,,1,0.333333333,1,,
37.3085199,-122.0117867,95070,0.268768215,1.035192732,,1,0.333333333,1,,
37.3075707,-122.0136877,95070,0.268768215,0.977884336,,1,0.333333333,1,,
37.3075707,-122.0115176,95070,0.268768215,1.006105821,,1,0.333333333,1,,
37.3004791,-122.0042391,95070,0.268768215,1.044639644,,1,0.333333333,1,,
37.3005419,-122.0116961,95070,0.268768215,0.756318707,,1,0.333333333,1,,
37.2795579,-121.9975566,95070,0.268768215,1.227754909,,1,0.333333333,1,,
37.3028574,-122.0200333,95070,0.268768215,0.863040384,,1,0.333333333,1,,
37.2918084,-122.0032118,95070,0.268768215,0.923996733,,1,0.333333333,1,,
37.2882109,-121.998313,95070,0.268768215,1.203197078,,1,0.333333333,1,,
37.2918084,-122.0012886,95070,0.268768215,1.045729969,,1,0.333333333,1,,
37.2918084,-122.0017196,95070,0.268768215,1.018206361,,1,0.333333333,1,,
37.2816897,-122.0036798,95070,0.268768215,0.80378006,,1,0.333333333,1,,
37.2795579,-122.002583,95070,0.268768215,0.880923186,,1,0.333333333,1,,
37.3005419,-122.0068941,95070,0.268768215,0.920672619,,1,0.333333333,1,,
37.2936298,-122.0036207,95070,0.268768215,0.929711675,,1,0.333333333,1,,
37.2816897,-121.9708138,95032,0.22024123,1.063413588,,1,0.333333333,1,,
37.298107,-122.0119065,95070,0.268768215,0.667512894,,1,0.333333333,1,,
37.2886359,-121.9994561,95070,0.268768215,1.129968252,,1,0.333333333,1,,
37.298107,-122.0025593,95070,0.268768215,1.079893013,,1,0.333333333,1,,
37.2936298,-122.0050771,95070,0.268768215,0.843784058,,1,0.333333333,1,,
37.298107,-122.0098737,95070,0.268768215,0.728900549,,1,0.333333333,1,,
37.3005419,-122.0066063,95070,0.268768215,0.933354581,,1,0.333333333,1,,
37.298107,-122.0096394,95070,0.268768215,0.73736862,,1,0.333333333,1,,
37.2831277,-121.9979445,95070,0.268768215,1.202143967,,1,0.333333333,1,,
37.2831277,-122.0029731,95070,0.268768215,0.855659333,,1,0.333333333,1,,
37.2973888,-122.0036609,95070,0.268768215,1.002846513,,1,0.333333333,1,,
37.2831277,-122.0056585,95070,0.268768215,0.671042769,,1,0.333333333,1,,
37.3049715,-121.9943138,95051,0.476904035,0.829345902,,0,0.666666667,1,,
37.3028574,-121.9939976,95051,0.476904035,0.909259789,,0,0.666666667,1,,
37.3085199,-121.9964838,95051,0.476904035,0.689494313,,0,0.666666667,1,,
37.3049715,-121.9947377,95051,0.476904035,0.82526685,,0,0.666666667,1,,
37.3085199,-121.9924486,95051,0.476904035,0.736183891,,0,0.666666667,1,,
37.3028574,-121.9950849,95051,0.476904035,0.899781393,,0,0.666666667,1,,
37.3028574,-121.9943559,95051,0.476904035,0.905458916,,0,0.666666667,1,,
37.2991858,-121.9974636,95051,0.476904035,1.034682509,,0,0.666666667,1,,
37.3085199,-122.0021441,95051,0.476904035,0.802527979,,0,0.666666667,1,,
37.2991858,-122.0009642,95051,0.476904035,1.08239616,,0,0.666666667,1,,
37.2973888,-121.9972767,95051,0.476904035,1.099296273,,0,0.666666667,1,,
37.2945064,-121.9934579,95051,0.476904035,1.217008511,,0,0.666666667,1,,
37.3049715,-122.000688,95051,0.476904035,0.876021768,,0,0.666666667,1,,
37.3049715,-121.9873176,95051,0.476904035,1.023260347,,0,0.666666667,1,,
37.3028574,-121.9901786,95051,0.476904035,0.988149498,,0,0.666666667,1,,
37.3049715,-121.9862594,95051,0.476904035,1.068687414,,0,0.666666667,1,,
37.2991858,-121.9920423,95051,0.476904035,1.070076525,,0,0.666666667,1,,
37.2960894,-121.9916046,95051,0.476904035,1.187387695,,0,0.666666667,1,,
37.2989946,-121.9965092,95051,0.476904035,1.038174018,,0,0.666666667,1,,
37.3006486,-121.9975118,95051,0.476904035,0.981630215,,0,0.666666667,1,,
37.3004791,-122.0025453,95051,0.476904035,1.077107873,,0,0.666666667,1,,
37.3075707,-122.0048461,95051,0.476904035,0.938913507,,0,0.666666667,1,,
37.298107,-122.001449,95051,0.476904035,1.130399378,,0,0.666666667,1,,
37.3006486,-121.9912645,95051,0.476904035,1.035000035,,0,0.666666667,1,,
37.3006486,-121.9954784,95051,0.476904035,0.978630964,,0,0.666666667,1,,
37.3085199,-121.9783381,95051,0.476904035,1.118907988,,0,0.666666667,1,,
37.298107,-121.9956717,95051,0.476904035,1.071043274,,0,0.666666667,1,,
37.298107,-121.9891695,95051,0.476904035,1.175279218,,0,0.666666667,1,,
37.2960894,-121.9948015,95051,0.476904035,1.148332719,,0,0.666666667,1,,
37.2857072,-121.9359549,95008,0.397310299,0.258994159,,0,1,1,,
37.2857072,-121.9374106,95008,0.397310299,0.320846387,,0,1,1,,
37.2945064,-121.9414237,95008,0.397310299,0.514968731,,0,1,1,,
37.3075707,-121.9346659,95008,0.397310299,0.575241844,,0,1,1,,
37.3075707,-121.93804,95008,0.397310299,0.635163093,,0,1,1,,
37.3006486,-121.9345425,95008,0.397310299,0.322364779,,0,1,1,,
37.2989946,-121.9357585,95008,0.397310299,0.284499655,,0,1,1,,
37.2973888,-121.9474158,95008,0.397310299,0.941775739,,0,0.666666667,1,,
37.2960894,-121.9516144,95008,0.397310299,1.219811769,,0,0.666666667,1,,
37.2857072,-121.9491126,95008,0.397310299,1.061310606,,0,0.666666667,1,,
37.2899865,-121.9491844,95008,0.397310299,1.044368933,,0,0.666666667,1,,
37.2945064,-121.9444669,95008,0.397310299,0.722600226,,0,0.666666667,1,,
37.2882109,-121.9460277,95008,0.397310299,0.834754494,,0,0.666666667,1,,
37.2899865,-121.9509173,95008,0.397310299,1.163875053,,0,0.666666667,1,,
37.2936298,-121.9516816,95008,0.397310299,1.216359542,,0,0.666666667,1,,
37.3075707,-121.9399063,95008,0.397310299,0.700174906,,0,0.666666667,1,,
37.3004791,-121.9494295,95008,0.397310299,1.104834538,,0,0.666666667,1,,
37.2991858,-121.9451195,95008,0.397310299,0.806861499,,0,0.666666667,1,,
37.3006486,-121.9479375,95008,0.397310299,1.008396858,,0,0.666666667,1,,
37.2991858,-121.9513028,95008,0.397310299,1.218216655,,0,0.666666667,1,,
37.3005419,-121.9498323,95008,0.397310299,1.132183037,,0,0.666666667,1,,
37.2989946,-121.9488637,95008,0.397310299,1.05269144,,0,0.666666667,1,,
37.3028574,-121.9931802,95051,0.476904035,0.920367981,,0,1,1,,
37.3028574,-121.9984143,95051,0.476904035,0.909565902,,0,1,1,,
37.2973888,-121.9915585,95051,0.476904035,1.142504559,,0,1,1,,
37.2991858,-121.9989416,95051,0.476904035,1.048305457,,0,1,1,,
37.3049715,-121.9913735,95051,0.476904035,0.884227038,,0,1,1,,
37.2991858,-122.0001791,95051,0.476904035,1.0671212,,0,1,1,,
37.3085199,-122.0035075,95051,0.476904035,0.85463127,,0,1,1,,
37.3049715,-122.0049427,95051,0.476904035,1.018067249,,0,1,1,,
37.2989946,-121.9899802,95051,0.476904035,1.123188235,,0,1,1,,
37.3004791,-121.9885193,95051,0.476904035,1.117386904,,0,1,1,,
37.3049715,-121.9840374,95051,0.476904035,1.173216734,,0,1,1,,
37.2960894,-121.9909321,95051,0.476904035,1.200626046,,0,1,1,,
37.3006486,-121.98972,95051,0.476904035,1.074844883,,0,1,1,,
37.3005419,-121.9873893,95051,0.476904035,1.154522944,,0,1,1,,
37.3004791,-121.9970566,95051,0.476904035,0.985406322,,0,1,1,,
37.3075707,-121.9995789,95051,0.476904035,0.760808023,,0,1,1,,
37.3006486,-122.0024081,95051,0.476904035,1.067591849,,0,1,1,,
37.3075707,-121.9781053,95051,0.476904035,1.153835899,,0,1,1,,
37.3075707,-121.9947162,95051,0.476904035,0.731116874,,0,1,1,,
37.2960894,-121.9924144,95051,0.476904035,1.173692036,,0,1,1,,
37.3085199,-121.9742352,95051,0.476904035,1.155700424,,0,1,1,,
37.3085199,-121.9764113,95051,0.476904035,1.127491818,,0,1,1,,
37.3028574,-121.987948,95051,0.476904035,1.06221275,,0,1,1,,
37.2960894,-121.9964966,95051,0.476904035,1.144504888,,0,1,1,,
37.3005419,-121.9989353,95051,0.476904035,0.999430303,,0,0.333333333,1,,
37.3005419,-122.0023205,95051,0.476904035,1.068757575,,0,0.333333333,1,,
37.2973888,-121.9965805,95051,0.476904035,1.097065453,,0,0.333333333,1,,
37.3028574,-122.0026166,95051,0.476904035,1.000384725,,0,0.333333333,1,,
37.3085199,-121.9884254,95051,0.476904035,0.873569833,,0,0.333333333,1,,
37.3085199,-122.0053858,95051,0.476904035,0.937239382,,0,0.333333333,1,,
37.3005419,-121.9925096,95051,0.476904035,1.013750103,,0,0.333333333,1,,
37.3004791,-121.9933314,95051,0.476904035,1.003262592,,0,0.333333333,1,,
37.3085199,-121.9858154,95051,0.476904035,0.994613615,,0,0.333333333,1,,
37.2989946,-121.9941333,95051,0.476904035,1.047644565,,0,0.333333333,1,,
37.3004791,-122.0026398,95051,0.476904035,1.079785547,,0,0.333333333,1,,
37.3075707,-121.9883041,95051,0.476904035,0.906251647,,0,0.333333333,1,,
37.3075707,-121.9841704,95051,0.476904035,1.101949548,,0,0.333333333,1,,
37.3085199,-121.9839364,95051,0.476904035,1.091936742,,0,0.333333333,1,,
37.3028574,-121.984025,95051,0.476904035,1.229075878,,0,0.333333333,1,,
37.3028574,-121.9874452,95051,0.476904035,1.081243611,,0,0.333333333,1,,
37.298107,-121.9938828,95051,0.476904035,1.08226444,,0,0.333333333,1,,
37.3004791,-121.9664577,95051,0.476904035,1.637142326,,0,1,1,,
37.2989946,-121.9795277,95051,0.476904035,1.469453582,,0,1,1,,
37.2918084,-121.9906506,95051,0.476904035,1.356184328,,0,1,1,,
37.3004791,-121.9774605,95051,0.476904035,1.41469466,,0,1,1,,
37.2936298,-121.9822742,95051,0.476904035,1.564705759,,0,1,1,,
37.3004791,-121.9847882,95051,0.476904035,1.26031456,,0,1,1,,
37.2973888,-121.9728856,95051,0.476904035,1.57339663,,0,1,1,,
37.2936298,-121.9886419,95051,0.476904035,1.340041151,,0,1,1,,
37.2936298,-121.9964758,95051,0.476904035,1.234516947,,0,1,1,,
37.3075707,-121.9605941,95051,0.476904035,1.687730311,,0,1,1,,
37.2857072,-121.9910889,95051,0.476904035,1.564617222,,0,1,1,,
37.2960894,-121.9845807,95051,0.476904035,1.397523203,,0,1,1,,
37.2945064,-121.9891903,95051,0.476904035,1.295930571,,0,1,1,,
37.2899865,-121.9925167,95051,0.476904035,1.391096231,,0,1,1,,
37.2899865,-121.9952944,95051,0.476904035,1.369147755,,0,1,1,,
37.298107,-121.9780979,95051,0.476904035,1.500105753,,0,1,1,,
37.298107,-121.9789965,95051,0.476904035,1.500470037,,0,1,1,,
37.3005419,-121.9814871,95051,0.476904035,1.412579662,,0,1,1,,
37.2886359,-121.9862605,95051,0.476904035,1.574522039,,0,1,1,,
37.2945064,-121.9830948,95051,0.476904035,1.50476078,,0,1,1,,
37.2886359,-121.9880796,95051,0.476904035,1.523959348,,0,1,1,,
37.3049715,-121.9663624,95051,0.476904035,1.50123539,,0,1,1,,
37.3005419,-121.9700021,95051,0.476904035,1.526052197,,0,1,1,,
37.2991858,-121.9780515,95051,0.476904035,1.460687283,,0,1,1,,
37.3049715,-121.9698067,95051,0.476904035,1.383372696,,0,1,1,,
37.3005419,-121.9747988,95051,0.476904035,1.432861772,,0,1,1,,
37.2886359,-121.9902546,95051,0.476904035,1.475333792,,0,1,1,,
37.3049715,-121.978246,95051,0.476904035,1.248800779,,0,1,1,,
37.298107,-121.9808398,95051,0.476904035,1.507017576,,0,1,1,,
37.2945064,-121.9815254,95051,0.476904035,1.57236255,,0,1,1,,
37.2882109,-121.9837497,95051,0.476904035,1.670805316,,0,1,1,,
37.2945064,-122.016686,95070,0.268768215,0.502041982,,1,0.666666667,1,,
37.2960894,-122.0130191,95070,0.268768215,0.573125907,,1,0.666666667,1,,
37.2816897,-122.0137783,95070,0.268768215,0.108220189,,1,0.666666667,1,,
37.2960894,-122.0189223,95070,0.268768215,0.604907533,,1,0.666666667,1,,
37.2936298,-122.0170253,95070,0.268768215,0.475857761,,1,0.666666667,1,,
37.2795579,-122.008969,95070,0.268768215,0.441367341,,1,0.666666667,1,,
37.2886359,-122.0096485,95070,0.268768215,0.479678389,,1,0.666666667,1,,
37.2936298,-122.0092956,95070,0.268768215,0.620372732,,1,0.666666667,1,,
37.2831277,-122.0078639,95070,0.268768215,0.519925098,,1,0.666666667,1,,
37.2765438,-122.170425,95070,0.268768215,0.362432964,,1,0.666666667,0,,
37.2709035,-122.0207343,95070,0.268768215,0.528014981,,1,0.666666667,0,,
37.2785666,-122.0230772,95070,0.268768215,0.544532028,,1,0.666666667,0,,
37.2780842,-122.0231375,95070,0.268768215,0.551847094,,1,0.666666667,0,,
37.2776216,-122.0163341,95070,0.268768215,0.144258241,,1,0.666666667,0,,
37.2777961,-122.0220298,95070,0.268768215,0.479558752,,1,0.666666667,0,,
37.277612,-122.0171002,95070,0.268768215,0.176669772,,1,0.666666667,0,,
37.2789553,-122.014526,95070,0.268768215,0.093839557,,1,0.666666667,0,,
37.2777897,-122.0209197,95070,0.268768215,0.405778765,,1,0.666666667,0,,
37.2777945,-122.020994,95070,0.268768215,0.410636903,,1,0.666666667,0,,
37.2777975,-122.018675,95070,0.268768215,0.261433247,,1,0.666666667,0,,
37.2776016,-122.0145179,95070,0.268768215,0.137613098,,1,0.666666667,0,,
37.2918084,-121.9913894,95051,0.476904035,1.342669635,,0,0.666666667,1,,
37.3004791,-121.9709377,95051,0.476904035,1.504758471,,0,0.666666667,1,,
37.3004791,-121.9773635,95051,0.476904035,1.415024789,,0,0.666666667,1,,
37.2973888,-121.9860742,95051,0.476904035,1.300596978,,0,0.666666667,1,,
37.3004791,-121.9790161,95051,0.476904035,1.4137375,,0,0.666666667,1,,
37.2882109,-121.9915775,95051,0.476904035,1.467764562,,0,0.666666667,1,,
37.3006486,-121.9724591,95051,0.476904035,1.465996253,,0,0.666666667,1,,
37.2960894,-121.9789385,95051,0.476904035,1.574183359,,0,0.666666667,1,,
37.2973888,-121.9859682,95051,0.476904035,1.304548522,,0,0.666666667,1,,
37.2936298,-121.9914221,95051,0.476904035,1.277580002,,0,0.666666667,1,,
37.2973888,-121.9774598,95051,0.476904035,1.527663917,,0,0.666666667,1,,
37.2882109,-121.9916712,95051,0.476904035,1.466372587,,0,0.666666667,1,,
37.3028574,-121.9674622,95051,0.476904035,1.52708083,,0,0.666666667,1,,
37.2831277,-121.988599,95051,0.476904035,1.70166362,,0,0.666666667,1,,
37.2795579,-121.988956,95051,0.476904035,1.819495643,,0,0.666666667,1,,
37.2960894,-121.985462,95051,0.476904035,1.363477445,,0,0.666666667,1,,
37.2899865,-121.9875541,95051,0.476904035,1.49224092,,0,0.666666667,1,,
37.3006486,-121.9847584,95051,0.476904035,1.256770656,,0,0.666666667,1,,
37.2945064,-121.9863035,95051,0.476904035,1.382823866,,0,0.666666667,1,,
37.3028574,-121.9723283,95051,0.476904035,1.391332214,,0,0.666666667,1,,
37.3085199,-121.9652343,95051,0.476904035,1.443041414,,0,0.666666667,1,,
37.3028574,-121.9793411,95051,0.476904035,1.327628399,,0,0.666666667,1,,
37.3049715,-121.9628381,95051,0.476904035,1.648893763,,0,0.666666667,1,,
37.3085199,-121.9688951,95051,0.476904035,1.2982018,,0,0.666666667,1,,
37.3005419,-121.9660024,95051,0.476904035,1.651284873,,0,0.666666667,1,,
37.3005419,-121.9723812,95051,0.476904035,1.471261117,,0,0.666666667,1,,
37.2991858,-121.9768861,95051,0.476904035,1.464306784,,0,0.666666667,1,,
37.298107,-121.9863152,95051,0.476904035,1.269478016,,0,0.666666667,1,,
37.2945064,-121.9791432,95051,0.476904035,1.632471115,,0,0.666666667,1,,
37.3049715,-121.9727905,95051,0.476904035,1.307961635,,0,0.666666667,1,,
37.3004791,-121.9695423,95051,0.476904035,1.540552086,,0,0.333333333,1,,
37.2989946,-121.9774102,95051,0.476904035,1.469117423,,0,0.333333333,1,,
37.2989946,-121.9712997,95051,0.476904035,1.547741152,,0,0.333333333,1,,
37.2918084,-121.9957094,95051,0.476904035,1.301471092,,0,0.333333333,1,,
37.2973888,-121.9738842,95051,0.476904035,1.558065575,,0,0.333333333,1,,
37.3006486,-121.9788248,95051,0.476904035,1.407210836,,0,0.333333333,1,,
37.3006486,-121.9691414,95051,0.476904035,1.546144275,,0,0.333333333,1,,
37.3006486,-121.9659739,95051,0.476904035,1.648977375,,0,0.333333333,1,,
37.2973888,-121.9797593,95051,0.476904035,1.529028565,,0,0.333333333,1,,
37.2857072,-121.9892108,95051,0.476904035,1.598849574,,0,0.333333333,1,,
37.2918084,-121.9840365,95051,0.476904035,1.548537029,,0,0.333333333,1,,
37.3075707,-121.966289,95051,0.476904035,1.426101123,,0,0.333333333,1,,
37.2918084,-121.9829285,95051,0.476904035,1.591356932,,0,0.333333333,1,,
37.2989946,-121.9861406,95051,0.476904035,1.248874764,,0,0.333333333,1,,
37.3075707,-121.9691253,95051,0.476904035,1.320436691,,0,0.333333333,1,,
37.2899865,-121.982439,95051,0.476904035,1.665381606,,0,0.333333333,1,,
37.3028574,-121.9679561,95051,0.476904035,1.510448659,,0,0.333333333,1,,
37.3075707,-121.9718232,95051,0.476904035,1.240479422,,0,0.333333333,1,,
37.2991858,-121.9861696,95051,0.476904035,1.241948347,,0,0.333333333,1,,
37.298107,-121.9698493,95051,0.476904035,1.612614477,,0,0.333333333,1,,
37.298107,-121.974871,95051,0.476904035,1.51985283,,0,0.333333333,1,,
37.2991858,-121.9826598,95051,0.476904035,1.391815564,,0,0.333333333,1,,
37.3085199,-121.9601713,95051,0.476904035,1.685932955,,0,0.333333333,1,,
37.3049715,-121.9819763,95051,0.476904035,1.272665533,,0,0.333333333,1,,
37.3028574,-121.9744121,95051,0.476904035,1.354732063,,0,0.333333333,1,,
37.3085199,-121.9654745,95051,0.476904035,1.432617963,,0,0.333333333,1,,
37.3028574,-121.976084,95051,0.476904035,1.335903864,,0,0.333333333,1,,
37.2991858,-121.9690143,95051,0.476904035,1.598548384,,0,0.333333333,1,,
37.3085199,-121.9583983,95051,0.476904035,1.779432709,,0,0.333333333,1,,
37.3049715,-121.9800709,95051,0.476904035,1.253929645,,0,0.333333333,1,,
37.2991858,-121.974352,95051,0.476904035,1.487271163,,0,0.333333333,1,,
37.3028574,-121.9826864,95051,0.476904035,1.294107256,,0,0.333333333,1,,
37.298107,-121.9807024,95051,0.476904035,1.508210356,,0,0.333333333,1,,
37.3005419,-121.9669949,95051,0.476904035,1.616710758,,0,0.333333333,1,,
37.2991858,-121.9769301,95051,0.476904035,1.46408984,,0,0.333333333,1,,
37.2882109,-121.9903897,95051,0.476904035,1.487741512,,0,0.333333333,1,,
37.2945064,-122.0177152,95070,0.268768215,0.520249064,,1,0.333333333,1,,
37.2945064,-122.0192713,95070,0.268768215,0.563922499,,1,0.333333333,1,,
37.2899865,-122.0128469,95070,0.268768215,0.368850569,,1,0.333333333,1,,
37.2918084,-122.0138652,95070,0.268768215,0.406477551,,1,0.333333333,1,,
37.2882109,-122.0195862,95070,0.268768215,0.395248107,,1,0.333333333,1,,
37.2899865,-122.0175883,95070,0.268768215,0.363316932,,1,0.333333333,1,,
37.2831277,-122.0189932,95070,0.268768215,0.26580554,,1,0.333333333,1,,
37.2816897,-122.011514,95070,0.268768215,0.263158328,,1,0.333333333,1,,
37.2882109,-122.0079206,95070,0.268768215,0.573851324,,1,0.333333333,1,,
37.2816897,-122.0112123,95070,0.268768215,0.283928452,,1,0.333333333,1,,
37.2816897,-122.0102665,95070,0.268768215,0.349099962,,1,0.333333333,1,,
37.2973888,-122.0163871,95070,0.268768215,0.603141513,,1,0.333333333,1,,
37.298107,-122.015312,95070,0.268768215,0.624810777,,1,0.333333333,1,,
37.2795579,-122.0108646,95070,0.268768215,0.311817362,,1,0.333333333,1,,
37.2886359,-122.0166699,95070,0.268768215,0.293387273,,1,0.333333333,1,,
37.2831277,-122.011779,95070,0.268768215,0.255401506,,1,0.333333333,1,,
37.2786434,-122.0169232,95070,0.268768215,0.142269957,,1,0.333333333,0,,
37.2759486,-122.0166566,95070,0.268768215,0.20885678,,1,0.333333333,0,,
37.2768445,-122.0159938,95070,0.268768215,0.161209893,,1,0.333333333,0,,
37.2795659,-122.0214041,95070,0.268768215,0.424763709,,1,0.333333333,0,,
37.2796796,-122.0145437,95070,0.268768215,0.072845989,,1,0.333333333,0,,
37.2795579,-122.021372,95070,0.268768215,0.422601849,,1,0.333333333,0,,
37.2762184,-122.0144616,95070,0.268768215,0.186405344,,1,0.333333333,0,,
37.2768258,-122.0144954,95070,0.268768215,0.164613907,,1,0.333333333,0,,
37.2777961,-122.0231083,95070,0.268768215,0.552052041,,1,0.333333333,0,,
37.2777943,-122.0225769,95070,0.268768215,0.516276097,,1,0.333333333,0,,
37.2776195,-122.0151656,95070,0.268768215,0.126065146,,1,0.333333333,0,,
37.2777081,-122.0176795,95070,0.268768215,0.204590996,,1,0.333333333,0,,
37.2777927,-122.018104,95070,0.268768215,0.227121233,,1,0.333333333,0,,
37.2782278,-122.0145162,95070,0.268768215,0.116962931,,1,0.333333333,0,,
37.2857072,-121.9296438,95008,0.397310299,0.381602725,,0,0.666666667,1,,
37.2857072,-121.9419646,95008,0.397310299,0.588055346,,0,0.666666667,1,,
37.3075707,-121.9376971,95008,0.397310299,0.625378815,,0,0.666666667,1,,
37.2857072,-121.9236807,95008,0.397310299,0.754511233,,0,0.333333333,1,,
37.2973888,-121.9507834,95008,0.397310299,1.170127458,,0,0.333333333,1,,
37.2960894,-121.95032,95008,0.397310299,1.131146823,,0,0.333333333,1,,
37.2899865,-121.9500366,95008,0.397310299,1.103132952,,0,0.333333333,1,,
37.2899865,-121.9511478,95008,0.397310299,1.179774605,,0,0.333333333,1,,
37.2795579,-121.949879,95008,0.397310299,1.179330858,,0,0.333333333,1,,
37.2945064,-121.9497714,95008,0.397310299,1.086950817,,0,0.333333333,1,,
37.2886359,-121.9487807,95008,0.397310299,1.02106569,,0,0.333333333,1,,
37.3004791,-121.9489776,95008,0.397310299,1.074939893,,0,0.333333333,1,,
37.2973888,-121.955024,95008,0.397310299,1.459627816,,0,0.666666667,1,,
37.2936298,-121.9532422,95008,0.397310299,1.324054294,,0,0.666666667,1,,
37.3049715,-121.9565322,95008,0.397310299,1.622173228,,0,0.666666667,1,,
37.3005419,-121.9571764,95008,0.397310299,1.625564506,,0,0.666666667,1,,
37.3004791,-121.9553229,95008,0.397310299,1.499675247,,0,0.666666667,1,,
37.3005419,-121.9537281,95008,0.397310299,1.392646035,,0,0.666666667,1,,
37.3006486,-121.9537939,95008,0.397310299,1.397964286,,0,0.666666667,1,,
37.2991858,-121.9549389,95008,0.397310299,1.464371467,,0,0.666666667,1,,
37.2989946,-121.952215,95008,0.397310299,1.278342021,,0,0.666666667,1,,
37.2882109,-121.9521044,95008,0.397310299,1.251030552,,0,1,1,,
37.2960894,-121.9573979,95008,0.397310299,1.617018089,,0,1,1,,
37.2936298,-121.9565334,95008,0.397310299,1.551238539,,0,1,1,,
37.2886359,-121.9544241,95008,0.397310299,1.409115172,,0,1,1,,
37.2899865,-121.9553966,95008,0.397310299,1.472956791,,0,1,1,,
37.3085199,-121.9559273,95008,0.397310299,1.626271762,,0,1,1,,
37.3075707,-121.9524881,95008,0.397310299,1.394065483,,0,1,1,,
37.3075707,-121.9544467,95008,0.397310299,1.518421741,,0,1,1,,
37.3049715,-121.9507507,95008,0.397310299,1.246087214,,0,1,1,,
37.3006486,-121.958712,95008,0.397310299,1.730476597,,0,1,1,,
37.2991858,-121.9575249,95008,0.397310299,1.640376763,,0,1,1,,
37.2857072,-121.9431663,95008,0.397310299,0.665521978,,0,1,1,,
37.2936298,-121.9469393,95008,0.397310299,0.88930692,,0,1,1,,
37.3075707,-121.9458035,95008,0.397310299,0.991538335,,0,1,1,,
37.2991858,-121.943899,95008,0.397310299,0.727833152,,0,1,1,,
37.3006486,-121.9457046,95008,0.397310299,0.863528278,,0,1,1,,
37.2989946,-121.9466549,95008,0.397310299,0.905602513,,0,1,1,,
37.2886359,-121.9430711,95008,0.397310299,0.630848025,,0,0.333333333,1,,
37.3006486,-121.931408,95008,0.397310299,0.371024158,,0,0.333333333,1,,
37.2989946,-121.9422141,95008,0.397310299,0.618054898,,0,0.333333333,1,,
37.3006486,-121.9405698,95008,0.397310299,0.550174451,,0,0.333333333,1,,
37.3085199,-122.0196579,95014,0.532997999,0.952929176,,1,0.666666667,1,,
37.3075707,-122.0191958,95014,0.532997999,0.990296547,,1,0.666666667,1,,
37.3085199,-122.0183053,95014,0.532997999,0.964009853,,1,0.333333333,1,,
37.2795579,-122.0188834,95070,,0.25307074903877,,,,1,,
37.2795579,-122.0130540,95070,,0.16502507482760,,,,1,,
37.2795579,-122.0101894,95070,,0.35784272230589,,,,1,,
37.2795579,-122.0069774,95070,,0.57817344587517,,,,1,,
37.2795579,-122.0024453,95070,,0.89041977411004,,,,1,,
37.2795579,-121.9979053,95070,,1.20368496458644,,,,1,,
37.2795579,-121.9976531,95070,,1.22109364401081,,,,1,,
37.2795579,-121.9975076,95070,,1.23113734113048,,,,1,,
37.2795579,-121.9928472,95070,,1.55290784759093,,,,1,,
37.2795579,-121.9862343,95032,,1.66529239839598,,,,1,,
37.2795579,-121.9847421,95032,,1.58122523474955,,,,1,,
37.2795579,-121.9798028,95032,,1.32232350777677,,,,1,,
37.2795579,-121.9766085,95032,,1.17746818211684,,,,1,,
37.2795579,-121.9707411,95032,,0.98749731634925,,,,1,,
37.2795579,-121.9695123,95032,,0.96470187172870,,,,1,,
37.2795579,-121.9663057,95032,,0.93937599315947,,,,1,,
37.2795579,-121.9596081,95032,,1.04805404781664,,,,1,,
37.2795579,-121.9556141,95032,,1.19628598187657,,,,1,,
37.2795579,-121.9527805,95032,,1.32646033809065,,,,1,,
37.2795579,-121.9490298,95008,,1.12531364016691,,,,1,,
37.2795579,-121.9430435,95008,,0.76427969400432,,,,1,,
37.2795579,-121.9371344,95008,,0.49630349722937,,,,1,,
37.2795579,-121.9343532,95008,,0.45024489182045,,,,1,,
37.2795579,-121.9322006,95008,,0.46870534194827,,,,1,,
37.2795579,-121.9259790,95008,,0.71935427474326,,,,1,,
37.2795579,-121.9207074,95008,,1.02910651133939,,,,1,,
37.2795579,-121.9199162,95008,,1.07854000455461,,,,1,,
37.2795579,-121.9170285,95008,,1.26262986440070,,,,1,,
37.2795579,-121.9119998,95008,,1.59211478145613,,,,1,,
37.2795579,-121.9084463,95118,,1.46382823488171,,,,1,,
37.2795579,-121.9033248,95118,,1.16729231557921,,,,1,,
37.2795579,-121.8976312,95118,,0.88836463048422,,,,1,,
37.2795579,-121.8960106,95118,,0.82618480225134,,,,1,,
37.2795579,-121.8926670,95118,,0.73611982635759,,,,1,,
37.2795579,-121.8883961,95118,,0.71931180959285,,,,1,,
37.2795579,-121.8837630,95118,,0.82935758126646,,,,1,,
37.2795579,-121.8817805,95118,,0.90740168326809,,,,1,,
37.2795579,-121.8787529,95118,,1.05014155784164,,,,1,,
37.2795579,-121.8777111,95118,,1.10416809945164,,,,1,,
37.2795579,-121.8723035,95125,,0.96020460710976,,,,1,,
37.2795579,-121.8657674,95125,,0.90694120441171,,,,1,,
37.2795579,-121.8625890,95125,,0.96000030624258,,,,1,,
37.2795579,-121.8586920,95111,,0.82703457056862,,,,1,,
37.2795579,-121.8553502,95111,,0.64990104296994,,,,1,,
37.2795579,-121.8510025,95111,,0.49155633763488,,,,1,,
37.2795579,-121.8499332,95111,,0.47416250188419,,,,1,,
37.2795579,-121.8463677,95111,,0.49771471032271,,,,1,,
37.2795579,-121.8399079,95111,,0.77355839120088,,,,1,,
37.2795579,-121.8365594,95111,,0.91336034341564,,,,1,,
37.2795579,-121.8311446,95111,,1.09743724349812,,,,1,,
37.2795579,-121.8298637,95111,,1.15450241903454,,,,1,,
37.2795579,-121.8293726,95111,,1.17741272723389,,,,1,,
37.2795579,-121.8239557,95111,,1.45889766081048,,,,1,,
37.2795579,-121.8211229,95111,,1.62112205132174,,,,1,,
37.2795579,-121.8173840,95111,,1.84521648522108,,,,1,,
37.2795579,-121.8145385,95123,,1.77859441655747,,,,1,,
37.2795579,-121.8083831,95138,,1.50703867895553,,,,1,,
37.2795579,-121.8046824,95138,,1.26123299613565,,,,1,,
37.2795579,-121.8040808,95138,,1.22165812990622,,,,1,,
37.2795579,-121.8022282,95138,,1.10071294014720,,,,1,,
37.2795579,-121.7970786,95138,,0.77651752446215,,,,1,,
37.2795579,-121.7933781,95138,,0.56745965894941,,,,1,,
37.2795579,-121.7899780,95138,,0.42322454230577,,,,1,,
37.2795579,-121.7835357,95138,,0.45947320004768,,,,1,,
37.2795579,-121.7812051,95138,,0.56595971510484,,,,1,,
37.2795579,-121.7788891,95138,,0.69296592732550,,,,1,,
37.2795579,-121.7761946,95138,,0.85480006178782,,,,1,,
37.2795579,-121.7759337,95138,,0.87098673846445,,,,1,,
37.2795579,-121.7742537,95138,,0.97676246533886,,,,1,,
37.2795579,-121.7676667,95138,,1.40725722445637,,,,1,,
37.2795579,-121.7626511,95138,,1.74347064689127,,,,1,,
37.2795579,-121.7599893,95138,,1.92339378735455,,,,1,,
37.2795579,-121.7575176,95138,,2.09109063569377,,,,1,,
37.2795579,-121.7518075,95013,,1.97858626810164,,,,1,,
37.2795579,-121.7468080,95013,,1.93685266462278,,,,1,,
37.2795579,-121.7423642,95013,,1.95102852778979,,,,1,,
37.2795579,-121.7358085,95013,,2.03523381098563,,,,1,,
37.2795579,-121.7346663,95013,,2.05291957744218,,,,1,,
37.28163919094946,-122.0206912,95070,,0.37263216915735,,,,1,,
37.28163919094946,-122.0182962,95070,,0.20764176931327,,,,1,,
37.28163919094946,-122.0144962,95070,,0.06005694699750,,,,1,,
37.28163919094946,-122.0106806,95070,,0.32042706949916,,,,1,,
37.28163919094946,-122.0040596,95070,,0.77749483461960,,,,1,,
37.28163919094946,-121.9996299,95070,,1.08349191305714,,,,1,,
37.28163919094946,-121.9929881,95070,,1.54236039535703,,,,1,,
37.28163919094946,-121.9880943,95051,,1.76432163512554,,,,1,,
37.28163919094946,-121.9861403,95032,,1.70420080367128,,,,1,,
37.28163919094946,-121.9820406,95032,,1.48632472035383,,,,1,,
37.28163919094946,-121.9757638,95032,,1.20658338924400,,,,1,,
37.28163919094946,-121.9748345,95032,,1.17315187104940,,,,1,,
37.28163919094946,-121.9719910,95032,,1.08815037349291,,,,1,,
37.28163919094946,-121.9711635,95032,,1.06894237938704,,,,1,,
37.28163919094946,-121.9702192,95032,,1.05040200225914,,,,1,,
37.28163919094946,-121.9654845,95032,,1.01720485556890,,,,1,,
37.28163919094946,-121.9647431,95032,,1.02144112376312,,,,1,,
37.28163919094946,-121.9584503,95032,,1.15238248853116,,,,1,,
37.28163919094946,-121.9578342,95032,,1.17310548424028,,,,1,,
37.28163919094946,-121.9541032,95032,,1.32115520156319,,,,1,,
37.28163919094946,-121.9540568,95032,,1.32320834392201,,,,1,,
37.28163919094946,-121.9505219,95008,,1.19455357992035,,,,1,,
37.28163919094946,-121.9468700,95008,,0.95815148512332,,,,1,,
37.28163919094946,-121.9403194,95008,,0.56947107007580,,,,1,,
37.28163919094946,-121.9363719,95008,,0.40540076937513,,,,1,,
37.28163919094946,-121.9356495,95008,,0.38882637627498,,,,1,,
37.28163919094946,-121.9335618,95008,,0.37570372721652,,,,1,,
37.28163919094946,-121.9284617,95008,,0.54006421803883,,,,1,,
37.28163919094946,-121.9276967,95008,,0.57936901407233,,,,1,,
37.28163919094946,-121.9215914,95008,,0.94185046856055,,,,1,,
37.28163919094946,-121.9193450,95008,,1.08606912301287,,,,1,,
37.28163919094946,-121.9156743,95008,,1.32708097556966,,,,1,,
37.28163919094946,-121.9094264,95118,,1.56031836457865,,,,1,,
37.28163919094946,-121.9067864,95118,,1.40585028564778,,,,1,,
37.28163919094946,-121.9032842,95118,,1.21297342708919,,,,1,,
37.28163919094946,-121.8967504,95118,,0.91762430581111,,,,1,,
37.28163919094946,-121.8921656,95118,,0.80240807276528,,,,1,,
37.28163919094946,-121.8905681,95118,,0.78864528576308,,,,1,,
37.28163919094946,-121.8868468,95118,,0.81575308680111,,,,1,,
37.28163919094946,-121.8848485,95118,,0.86219340465110,,,,1,,
37.28163919094946,-121.8814116,95118,,0.98315251790644,,,,1,,
37.28163919094946,-121.8798135,95118,,1.05299377177865,,,,1,,
37.28163919094946,-121.8785275,95118,,1.11397440044915,,,,1,,
37.28163919094946,-121.8738067,95125,,0.93365315065999,,,,1,,
37.28163919094946,-121.8728290,95125,,0.90380030642127,,,,1,,
37.28163919094946,-121.8675998,95125,,0.82367465687059,,,,1,,
37.28163919094946,-121.8664106,95125,,0.82668293727875,,,,1,,
37.28163919094946,-121.8645899,95125,,0.84685923542079,,,,1,,
37.28163919094946,-121.8604454,95111,,0.89365966712810,,,,1,,
37.28163919094946,-121.8580650,95111,,0.74933243762314,,,,1,,
37.28163919094946,-121.8551897,95111,,0.58925430070791,,,,1,,
37.28163919094946,-121.8541383,95111,,0.53719439521746,,,,1,,
37.28163919094946,-121.8490754,95111,,0.39241429246537,,,,1,,
37.28163919094946,-121.8453120,95111,,0.46101896531384,,,,1,,
37.28163919094946,-121.8444233,95111,,0.49608845288958,,,,1,,
37.28163919094946,-121.8416463,95111,,0.63213180728617,,,,1,,
37.28163919094946,-121.8385242,95111,,0.80275255828369,,,,1,,
37.28163919094946,-121.8368122,95111,,0.83609745754192,,,,1,,
37.28163919094946,-121.8316242,95111,,1.01763134366206,,,,1,,
37.28163919094946,-121.8314579,95111,,1.02499352656300,,,,1,,
37.28163919094946,-121.8283149,95111,,1.17664221788595,,,,1,,
37.28163919094946,-121.8253612,95111,,1.33575110504677,,,,1,,
37.28163919094946,-121.8188050,95111,,1.72313916739316,,,,1,,
37.28163919094946,-121.8138363,95123,,1.80014737285573,,,,1,,
37.28163919094946,-121.8113225,95123,,1.68854358774426,,,,1,,
37.28163919094946,-121.8095087,95138,,1.60231077647876,,,,1,,
37.28163919094946,-121.8094836,95138,,1.60064809261721,,,,1,,
37.28163919094946,-121.8085316,95138,,1.53770222562618,,,,1,,
37.28163919094946,-121.8071974,95138,,1.44990906888270,,,,1,,
37.28163919094946,-121.8024100,95138,,1.14061367707179,,,,1,,
37.28163919094946,-121.8021066,95138,,1.12142580649402,,,,1,,
37.28163919094946,-121.7981955,95138,,0.88135234264524,,,,1,,
37.28163919094946,-121.7946437,95138,,0.68315050468145,,,,1,,
37.28163919094946,-121.7936192,95138,,0.63216779776446,,,,1,,
37.28163919094946,-121.7877446,95138,,0.45675158319781,,,,1,,
37.28163919094946,-121.7832283,95138,,0.53463258222068,,,,1,,
37.28163919094946,-121.7791095,95138,,0.72529759532298,,,,1,,
37.28163919094946,-121.7740098,95138,,1.02369274779221,,,,1,,
37.28298499541484,-122.0207342,95070,,0.38161695783908,,,,1,,
37.28298499541484,-122.0164182,95070,,0.10446497374603,,,,1,,
37.28298499541484,-122.0161713,95070,,0.09265572756736,,,,1,,
37.28298499541484,-122.0105344,95070,,0.33732900958640,,,,1,,
37.28298499541484,-122.0057054,95070,,0.66724763455622,,,,1,,
37.28298499541484,-122.0049873,95070,,0.71660536497702,,,,1,,
37.28298499541484,-122.0048545,95070,,0.72573711525046,,,,1,,
37.28298499541484,-122.0043066,95070,,0.76342372248505,,,,1,,
37.28298499541484,-122.0020551,95070,,0.91843879565362,,,,1,,
37.28298499541484,-121.9955400,95070,,1.36771560649417,,,,1,,
37.28298499541484,-121.9914167,95070,,1.65230894978757,,,,1,,
37.28298499541484,-121.9893081,95051,,1.69222443252395,,,,1,,
37.28298499541484,-121.9833365,95032,,1.58556226676236,,,,1,,
37.28298499541484,-121.9817796,95032,,1.50758063091171,,,,1,,
37.28298499541484,-121.9801823,95032,,1.43156791080375,,,,1,,
37.28298499541484,-121.9749072,95032,,1.21846261355305,,,,1,,
37.28298499541484,-121.9703766,95032,,1.10078557512863,,,,1,,
37.28298499541484,-121.9649643,95032,,1.06893717538321,,,,1,,
37.28298499541484,-121.9608422,95032,,1.13032851054787,,,,1,,
37.28298499541484,-121.9553000,95032,,1.30954212752696,,,,1,,
37.28298499541484,-121.9501347,95008,,1.15437975427647,,,,1,,
37.28298499541484,-121.9475917,95008,,0.98699469171653,,,,1,,
37.28298499541484,-121.9466237,95008,,0.92409217801322,,,,1,,
37.28298499541484,-121.9408503,95008,,0.56815192927895,,,,1,,
37.28298499541484,-121.9366416,95008,,0.36902864361880,,,,1,,
37.28298499541484,-121.9308265,95008,,0.39577893885266,,,,1,,
37.28298499541484,-121.9250398,95008,,0.70536498842495,,,,1,,
37.28298499541484,-121.9233023,95008,,0.81382758119581,,,,1,,
37.28298499541484,-121.9220151,95008,,0.89608910104405,,,,1,,
37.28298499541484,-121.9198588,95008,,1.03636842549900,,,,1,,
37.28298499541484,-121.9161166,95008,,1.28448701948530,,,,1,,
37.28298499541484,-121.9134069,95008,,1.46640534659554,,,,1,,
37.28298499541484,-121.9127368,95008,,1.51159337082325,,,,1,,
37.28298499541484,-121.9061792,95118,,1.40009422253692,,,,1,,
37.28298499541484,-121.9000494,95118,,1.09023481774004,,,,1,,
37.28298499541484,-121.8934177,95118,,0.87054250739745,,,,1,,
37.28298499541484,-121.8868832,95118,,0.86264714627607,,,,1,,
37.28298499541484,-121.8811755,95118,,1.03238702456876,,,,1,,
37.28298499541484,-121.8800966,95118,,1.07776825884971,,,,1,,
37.28298499541484,-121.8768958,95125,,1.01317308764471,,,,1,,
37.28298499541484,-121.8717336,95125,,0.82931955985391,,,,1,,
37.28298499541484,-121.8675921,95125,,0.77457612398122,,,,1,,
37.28298499541484,-121.8671616,95125,,0.77475067459990,,,,1,,
37.28298499541484,-121.8660429,95125,,0.78052287699151,,,,1,,
37.28298499541484,-121.8595631,95111,,0.81752568385616,,,,1,,
37.28298499541484,-121.8553625,95111,,0.56727113354227,,,,1,,
37.28298499541484,-121.8496443,95111,,0.34761942432278,,,,1,,
37.28298499541484,-121.8476422,95111,,0.35252907414921,,,,1,,
37.28298499541484,-121.8445477,95111,,0.45264790759199,,,,1,,
37.28298499541484,-121.8404651,95111,,0.67167109609646,,,,1,,
37.28298499541484,-121.8382969,95111,,0.75863643272461,,,,1,,
37.28298499541484,-121.8335199,95111,,0.89905264743306,,,,1,,
37.28298499541484,-121.8312929,95111,,0.99563115101121,,,,1,,
37.28298499541484,-121.8288300,95111,,1.11749679836512,,,,1,,
37.28298499541484,-121.8244385,95111,,1.36076660315136,,,,1,,
37.28298499541484,-121.8230757,95111,,1.44090904169778,,,,1,,
37.28298499541484,-121.8201105,95111,,1.62050423476397,,,,1,,
37.28298499541484,-121.8182736,95111,,1.73457554036766,,,,1,,
37.28298499541484,-121.8180332,95111,,1.74963538067134,,,,1,,
37.28298499541484,-121.8136647,95123,,1.82902179666071,,,,1,,
37.28298499541484,-121.8133226,95123,,1.81365557649678,,,,1,,
37.28298499541484,-121.8121469,95123,,1.76224266644552,,,,1,,
37.28298499541484,-121.8117835,95123,,1.74680960566834,,,,1,,
37.28298499541484,-121.8098606,95138,,1.64004928802153,,,,1,,
37.28298499541484,-121.8086273,95138,,1.55918531512012,,,,1,,
37.28298499541484,-121.8021871,95138,,1.14720590425388,,,,1,,
37.28298499541484,-121.7987489,95138,,0.93967728224612,,,,1,,
37.28298499541484,-121.7932387,95138,,0.65140326967528,,,,1,,
37.28298499541484,-121.7916600,95138,,0.58851347352854,,,,1,,
37.28298499541484,-121.7858756,95138,,0.51379416580328,,,,1,,
37.28298499541484,-121.7850497,95138,,0.52753247467139,,,,1,,
37.28298499541484,-121.7813357,95138,,0.65048211903607,,,,1,,
37.28298499541484,-121.7805456,95138,,0.68624320687714,,,,1,,
37.28298499541484,-121.7787956,95138,,0.77332521666481,,,,1,,
37.28298499541484,-121.7730772,95138,,1.10329648189039,,,,1,,
37.28298499541484,-121.7717005,95138,,1.18868783610295,,,,1,,
37.28298499541484,-121.7676769,95138,,1.44524332477181,,,,1,,
37.28298499541484,-121.7652165,95138,,1.60565006956837,,,,1,,
37.28388274258498,-122.0206709,95070,,0.38485531745541,,,,1,,
37.28388274258498,-122.0166528,95070,,0.13930794294579,,,,1,,
37.28388274258498,-122.0101713,95070,,0.36974434119794,,,,1,,
37.28388274258498,-122.0058344,95070,,0.66273058205013,,,,1,,
37.28388274258498,-121.9995528,95070,,1.09353542268583,,,,1,,
37.28388274258498,-121.9981692,95070,,1.18874219336195,,,,1,,
37.28388274258498,-121.9977852,95070,,1.21517662321936,,,,1,,
37.28388274258498,-121.9927663,95070,,1.56098504417860,,,,1,,
37.28388274258498,-121.9883160,95051,,1.68161660723596,,,,1,,
37.28388274258498,-121.9828077,95032,,1.58130696777028,,,,1,,
37.28388274258498,-121.9810078,95032,,1.49427205282998,,,,1,,
37.28388274258498,-121.9807734,95032,,1.48332917734440,,,,1,,
37.28388274258498,-121.9805235,95032,,1.47176939103631,,,,1,,
37.28388274258498,-121.9771370,95032,,1.32739614726736,,,,1,,
37.28388274258498,-121.9730395,95032,,1.19139500199190,,,,1,,
37.28388274258498,-121.9707533,95032,,1.13928584766378,,,,1,,
37.28388274258498,-121.9678067,95032,,1.10229646691256,,,,1,,
37.28388274258498,-121.9677674,95032,,1.10204895465929,,,,1,,
37.28388274258498,-121.9657169,95032,,1.09840978231480,,,,1,,
37.28388274258498,-121.9608868,95032,,1.16030851977313,,,,1,,
37.28388274258498,-121.9578206,95032,,1.24525812303886,,,,1,,
37.28388274258498,-121.9549085,95032,,1.35198752875824,,,,1,,
37.28388274258498,-121.9510815,95008,,1.20895869397281,,,,1,,
37.28388274258498,-121.9496318,95008,,1.11201336668279,,,,1,,
37.28388274258498,-121.9462850,95008,,0.89093347872605,,,,1,,
37.28388274258498,-121.9430090,95008,,0.68110726090018,,,,1,,
37.28388274258498,-121.9425100,95008,,0.65012103835731,,,,1,,
37.28388274258498,-121.9421408,95008,,0.62742961952726,,,,1,,
37.28388274258498,-121.9400170,95008,,0.50218233562021,,,,1,,
37.28388274258498,-121.9396901,95008,,0.48397835701190,,,,1,,
37.28388274258498,-121.9394847,95008,,0.47273387161816,,,,1,,
37.28388274258498,-121.9384529,95008,,0.41896545930576,,,,1,,
37.28388274258498,-121.9344557,95008,,0.29286165232937,,,,1,,
37.28388274258498,-121.9310556,95008,,0.35985870425230,,,,1,,
37.28388274258498,-121.9249746,95008,,0.69496716219791,,,,1,,
37.28388274258498,-121.9247315,95008,,0.71024691986617,,,,1,,
37.28388274258498,-121.9203844,95008,,0.99180136404137,,,,1,,
37.28388274258498,-121.9158603,95008,,1.29383972898273,,,,1,,
37.28388274258498,-121.9157427,95008,,1.30175747871111,,,,1,,
37.28388274258498,-121.9143632,95008,,1.39481494331416,,,,1,,
37.28388274258498,-121.9114866,95008,,1.58972556345163,,,,1,,
37.28388274258498,-121.9052784,95118,,1.37124170069204,,,,1,,
37.28388274258498,-121.8996464,95118,,1.09834775848471,,,,1,,
37.28388274258498,-121.8958613,95118,,0.96105151974556,,,,1,,
37.28388274258498,-121.8935844,95118,,0.90522656869884,,,,1,,
37.28388274258498,-121.8898974,95118,,0.86931772760443,,,,1,,
37.28388274258498,-121.8884843,95118,,0.87504305521527,,,,1,,
37.28388274258498,-121.8854717,95118,,0.92230647779117,,,,1,,
37.28388274258498,-121.8804426,95118,,1.08883008012844,,,,1,,
37.28388274258498,-121.8794930,95125,,1.11512080982575,,,,1,,
37.28388274258498,-121.8735754,95125,,0.85426387304961,,,,1,,
37.28388274258498,-121.8669411,95125,,0.74256659993400,,,,1,,
37.28388274258498,-121.8664710,95125,,0.74479011747819,,,,1,,
37.28388274258498,-121.8600617,95111,,0.83623103264871,,,,1,,
37.28388274258498,-121.8556868,95111,,0.56671404136935,,,,1,,
37.28388274258498,-121.8518853,95111,,0.37551115668338,,,,1,,
37.28388274258498,-121.8481325,95111,,0.31387214404888,,,,1,,
37.28388274258498,-121.8473755,95111,,0.32595075528164,,,,1,,
37.28388274258498,-121.8462345,95111,,0.35809495092489,,,,1,,
37.28388274258498,-121.8440850,95111,,0.45102586682516,,,,1,,
37.28388274258498,-121.8410932,95111,,0.61767401794120,,,,1,,
37.28388274258498,-121.8352935,95111,,0.80585808149576,,,,1,,
37.28388274258498,-121.8346180,95111,,0.82973958387498,,,,1,,
37.28388274258498,-121.8311251,95111,,0.97977488500053,,,,1,,
37.28388274258498,-121.8291943,95111,,1.07704778659439,,,,1,,
37.28388274258498,-121.8277392,95111,,1.15513424300476,,,,1,,
37.28388274258498,-121.8268189,95111,,1.20623927742902,,,,1,,
37.28388274258498,-121.8241524,95111,,1.36026941893941,,,,1,,
37.28388274258498,-121.8211358,95111,,1.54253306850257,,,,1,,
37.28388274258498,-121.8182971,95111,,1.71948852623923,,,,1,,
37.28388274258498,-121.8149657,95148,,1.87419588996856,,,,1,,
37.28388274258498,-121.8138032,95148,,1.82203881489830,,,,1,,
37.28388274258498,-121.8123891,95148,,1.76145177538812,,,,1,,
37.28388274258498,-121.8107781,95148,,1.69665448427931,,,,1,,
37.28388274258498,-121.8069961,95138,,1.46467161867486,,,,1,,
37.28388274258498,-121.8059599,95138,,1.39831033701825,,,,1,,
37.28388274258498,-121.7997088,95138,,1.01321467197499,,,,1,,
37.28388274258498,-121.7943440,95138,,0.72604162375466,,,,1,,
37.28646281294965,-122.0170968,95070,,0.23366124659925,,,,1,,
37.28646281294965,-122.0139520,95070,,0.21926631303601,,,,1,,
37.28646281294965,-122.0083862,95070,,0.51769890497000,,,,1,,
37.28646281294965,-122.0034830,95070,,0.84074089124496,,,,1,,
37.28646281294965,-121.9982881,95070,,1.19258027976474,,,,1,,
37.28646281294965,-121.9978051,95070,,1.22550254591077,,,,1,,
37.28646281294965,-121.9964368,95070,,1.31889199110782,,,,1,,
37.28646281294965,-121.9963932,95070,,1.32187048951986,,,,1,,
37.28646281294965,-121.9961854,95070,,1.33606828146052,,,,1,,
37.28646281294965,-121.9926190,95051,,1.51694694855134,,,,1,,
37.28646281294965,-121.9918582,95051,,1.52637602895621,,,,1,,
37.28646281294965,-121.9913349,95051,,1.53387412549921,,,,1,,
37.28646281294965,-121.9908065,95051,,1.54226871076930,,,,1,,
37.28646281294965,-121.9847734,95051,,1.69187294781290,,,,1,,
37.28646281294965,-121.9794053,95032,,1.49557025614677,,,,1,,
37.28646281294965,-121.9742436,95032,,1.31133382184612,,,,1,,
37.28646281294965,-121.9702358,95032,,1.22209967333287,,,,1,,
37.28646281294965,-121.9697133,95032,,1.21464250882796,,,,1,,
37.28646281294965,-121.9676821,95032,,1.19560953220069,,,,1,,
37.28646281294965,-121.9675256,95032,,1.19481475211137,,,,1,,
37.28646281294965,-121.9630212,95032,,1.21372908171928,,,,1,,
37.28646281294965,-121.9564177,95032,,1.37482237100990,,,,1,,
37.28646281294965,-121.9547355,95032,,1.43628404461246,,,,1,,
37.28646281294965,-121.9526579,95008,,1.29724979320074,,,,1,,
37.28646281294965,-121.9477785,95008,,0.96539333971638,,,,1,,
37.28646281294965,-121.9421372,95008,,0.58926463591134,,,,1,,
37.28646281294965,-121.9393781,95008,,0.41460546469101,,,,1,,
37.28646281294965,-121.9326712,95008,,0.22092453750742,,,,1,,
37.28646281294965,-121.9306331,95008,,0.31064334618224,,,,1,,
37.28646281294965,-121.9289053,95008,,0.40987324967116,,,,1,,
37.28646281294965,-121.9269051,95008,,0.53513260733498,,,,1,,
37.28646281294965,-121.9261335,95008,,0.58501374182902,,,,1,,
37.28646281294965,-121.9210152,95008,,0.92563880671888,,,,1,,
37.28646281294965,-121.9155261,95008,,1.29870928344422,,,,1,,
37.28646281294965,-121.9105898,95110,,1.62302250930628,,,,1,,
37.28646281294965,-121.9082655,95110,,1.57454903636976,,,,1,,
37.28646281294965,-121.9028261,95118,,1.31236694611794,,,,1,,
37.28646281294965,-121.8996736,95118,,1.17539736961482,,,,1,,
37.28646281294965,-121.8951511,95118,,1.02881149488678,,,,1,,
37.28646281294965,-121.8907905,95118,,0.96532710691941,,,,1,,
37.28646281294965,-121.8870446,95118,,0.98391467663688,,,,1,,
37.28646281294965,-121.8812033,95118,,1.13664684206312,,,,1,,
37.28646281294965,-121.8774288,95125,,0.94631264113139,,,,1,,
37.28646281294965,-121.8745075,95125,,0.81098716643930,,,,1,,
37.28646281294965,-121.8722715,95125,,0.72851719450296,,,,1,,
37.28646281294965,-121.8718991,95125,,0.71709813714516,,,,1,,
37.28646281294965,-121.8680005,95125,,0.64877880343738,,,,1,,
37.28646281294965,-121.8643999,95125,,0.68091818050809,,,,1,,
37.28646281294965,-121.8589097,95111,,0.72969730314053,,,,1,,
37.28646281294965,-121.8582276,95111,,0.68482342775332,,,,1,,
37.28646281294965,-121.8571005,95111,,0.61141888458284,,,,1,,
37.28646281294965,-121.8560141,95111,,0.54184895203281,,,,1,,
37.28646281294965,-121.8559486,95111,,0.53770179028242,,,,1,,
37.28646281294965,-121.8500572,95111,,0.23235879345113,,,,1,,
37.28646281294965,-121.8473768,95111,,0.23813945440447,,,,1,,
37.28646281294965,-121.8429528,95111,,0.45963089702782,,,,1,,
37.28646281294965,-121.8380393,95111,,0.64204634047948,,,,1,,
37.28646281294965,-121.8363409,95111,,0.68862338248660,,,,1,,
37.28646281294965,-121.8335132,95111,,0.79906043426035,,,,1,,
37.28646281294965,-121.8282641,95111,,1.07046712820468,,,,1,,
37.28646281294965,-121.8273942,95111,,1.12044748995736,,,,1,,
37.28646281294965,-121.8232088,95111,,1.37232641255260,,,,1,,
37.28646281294965,-121.8191838,95111,,1.62630743075854,,,,1,,
37.28646281294965,-121.8152237,95148,,1.81709729223571,,,,1,,
37.28646281294965,-121.8138482,95148,,1.75264218260781,,,,1,,
37.28646281294965,-121.8123413,95148,,1.68535589860913,,,,1,,
37.28646281294965,-121.8101554,95148,,1.59480357750772,,,,1,,
37.28646281294965,-121.8044378,95138,,1.34334020521644,,,,1,,
37.28646281294965,-121.7987464,95138,,1.01318279047371,,,,1,,
37.28646281294965,-121.7979677,95138,,0.97167119387845,,,,1,,
37.28646281294965,-121.7964457,95138,,0.89432672721074,,,,1,,
37.28646281294965,-121.7943700,95138,,0.79915286584544,,,,1,,
37.28646281294965,-121.7906603,95138,,0.67309950227912,,,,1,,
37.28646281294965,-121.7904382,95138,,0.66792322573330,,,,1,,
37.28646281294965,-121.7897454,95138,,0.65383098660775,,,,1,,
37.28646281294965,-121.7840598,95138,,0.66916338121648,,,,1,,
37.28646281294965,-121.7823389,95138,,0.71747757529933,,,,1,,
37.28646281294965,-121.7802974,95138,,0.79430592104616,,,,1,,
37.28886783536321,-122.0184364,95070,,0.35882575254939,,,,1,,
37.28886783536321,-122.0141242,95070,,0.29780019000223,,,,1,,
37.28886783536321,-122.0104044,95070,,0.44358532350046,,,,1,,
37.28886783536321,-122.0057413,95070,,0.72034386583625,,,,1,,
37.28886783536321,-122.0053237,95070,,0.74690905502209,,,,1,,
37.28886783536321,-122.0044847,95070,,0.80076038426183,,,,1,,
37.28886783536321,-122.0028695,95070,,0.90586591540648,,,,1,,
37.28886783536321,-122.0017921,95070,,0.97677755346182,,,,1,,
37.28886783536321,-122.0003524,95070,,1.07228290337841,,,,1,,
37.28886783536321,-122.0002943,95070,,1.07615219882214,,,,1,,
37.28886783536321,-121.9980791,95070,,1.22437619451077,,,,1,,
37.28886783536321,-121.9931448,95051,,1.42432849493936,,,,1,,
37.28886783536321,-121.9897337,95051,,1.47764412388362,,,,1,,
37.28886783536321,-121.9895237,95051,,1.48208906124717,,,,1,,
37.28886783536321,-121.9856550,95051,,1.58565046690097,,,,1,,
37.28886783536321,-121.9833336,95051,,1.66539173028393,,,,1,,
37.28886783536321,-121.9792773,95032,,1.56153371681220,,,,1,,
37.28886783536321,-121.9765238,95032,,1.46089445838124,,,,1,,
37.28886783536321,-121.9714670,95032,,1.32821842838167,,,,1,,
37.28886783536321,-121.9711550,95032,,1.32262243290837,,,,1,,
37.28886783536321,-121.9707978,95032,,1.31662000865465,,,,1,,
37.28886783536321,-121.9705326,95032,,1.31244606751014,,,,1,,
37.28886783536321,-121.9675015,95032,,1.28249608490274,,,,1,,
37.28886783536321,-121.9643139,95032,,1.28752015980871,,,,1,,
37.28886783536321,-121.9622746,95032,,1.31029038592145,,,,1,,
37.28886783536321,-121.9610837,95032,,1.33032750744101,,,,1,,
37.28886783536321,-121.9558974,95032,,1.46904876336661,,,,1,,
37.28886783536321,-121.9526134,95008,,1.28373117788821,,,,1,,
37.28886783536321,-121.9478235,95008,,0.95438882039463,,,,1,,
37.28886783536321,-121.9456603,95008,,0.80608952692464,,,,1,,
37.28886783536321,-121.9448194,95008,,0.74856710722775,,,,1,,
37.28886783536321,-121.9407898,95008,,0.47488893653914,,,,1,,
37.28886783536321,-121.9373564,95008,,0.25013037354368,,,,1,,
37.28886783536321,-121.9344579,95008,,0.11235693236817,,,,1,,
37.28886783536321,-121.9304662,95008,,0.27415775041319,,,,1,,
37.28886783536321,-121.9298519,95008,,0.31352191848916,,,,1,,
37.28886783536321,-121.9242723,95008,,0.68805372800426,,,,1,,
37.28886783536321,-121.9231944,95008,,0.76167474021619,,,,1,,
37.28886783536321,-121.9176132,95008,,1.14465254380863,,,,1,,
37.28886783536321,-121.9129060,95008,,1.46874355907365,,,,1,,
37.28886783536321,-121.9116355,95008,,1.55630087922298,,,,1,,
37.28886783536321,-121.9107551,95110,,1.54513993433340,,,,1,,
37.28886783536321,-121.9063107,95110,,1.45913837633027,,,,1,,
37.28886783536321,-121.9040138,95118,,1.43256635832100,,,,1,,
37.28886783536321,-121.9010887,95118,,1.30373036017307,,,,1,,
37.28886783536321,-121.8971614,95118,,1.16399399153885,,,,1,,
37.28886783536321,-121.8924481,95118,,1.06558982029620,,,,1,,
37.28886783536321,-121.8888817,95118,,1.05378023110227,,,,1,,
37.28886783536321,-121.8829040,95118,,1.15796966830468,,,,1,,
37.28886783536321,-121.8796156,95125,,1.01038374882451,,,,1,,
37.28886783536321,-121.8745421,95125,,0.74436162026706,,,,1,,
37.28886783536321,-121.8706364,95125,,0.60179805406127,,,,1,,
37.28886783536321,-121.8647732,95125,,0.58951689596427,,,,1,,
37.28886783536321,-121.8589252,95111,,0.70973555959523,,,,1,,
37.28886783536321,-121.8526820,95111,,0.29595594994825,,,,1,,
37.28886783536321,-121.8475134,95111,,0.15714583459898,,,,1,,
37.28886783536321,-121.8460990,95111,,0.22790028155730,,,,1,,
37.28886783536321,-121.8415879,95111,,0.51619198572359,,,,1,,
37.28886783536321,-121.8366381,95111,,0.60200029162273,,,,1,,
37.28886783536321,-121.8336176,95111,,0.72946464208128,,,,1,,
37.28886783536321,-121.8309613,95111,,0.86796611429382,,,,1,,
37.28886783536321,-121.8243887,95111,,1.26111645244288,,,,1,,
37.28886783536321,-121.8242056,95111,,1.27265045272842,,,,1,,
37.28886783536321,-121.8178337,95111,,1.68406450311885,,,,1,,
37.28886783536321,-121.8156209,95148,,1.77470072169378,,,,1,,
37.28886783536321,-121.8148500,95148,,1.73650951199773,,,,1,,
37.28886783536321,-121.8112955,95148,,1.57180438027516,,,,1,,
37.28886783536321,-121.8082110,95148,,1.44758222599148,,,,1,,
37.28886783536321,-121.8053257,95148,,1.35162162862695,,,,1,,
37.28886783536321,-121.7987534,95138,,1.07028626319045,,,,1,,
37.28886783536321,-121.7978446,95138,,1.02462336973354,,,,1,,
37.28886783536321,-121.7937079,95138,,0.84503166117557,,,,1,,
37.28886783536321,-121.7899798,95138,,0.74260431339825,,,,1,,
37.28886783536321,-121.7886126,95138,,0.72462761526550,,,,1,,
37.28886783536321,-121.7840611,95138,,0.75226139340494,,,,1,,
37.28886783536321,-121.7801433,95138,,0.87146372542915,,,,1,,
37.28886783536321,-121.7782883,95138,,0.94985242652874,,,,1,,
37.28886783536321,-121.7733535,95138,,1.20083428790227,,,,1,,
37.28907349656198,-122.0177370,95070,,0.33847374721410,,,,1,,
37.28907349656198,-122.0144104,95070,,0.30035731931583,,,,1,,
37.28907349656198,-122.0100787,95070,,0.46571809582914,,,,1,,
37.28907349656198,-122.0078905,95070,,0.59076483296468,,,,1,,
37.28907349656198,-122.0025606,95070,,0.92849642402433,,,,1,,
37.28907349656198,-121.9991600,95070,,1.15378770457267,,,,1,,
37.28907349656198,-121.9986320,95070,,1.18910410006853,,,,1,,
37.28907349656198,-121.9919582,95051,,1.43135445969947,,,,1,,
37.28907349656198,-121.9865191,95051,,1.55234639569223,,,,1,,
37.28907349656198,-121.9848248,95051,,1.60621861452801,,,,1,,
37.28907349656198,-121.9795480,95032,,1.57845587136597,,,,1,,
37.28907349656198,-121.9739385,95032,,1.39062490522750,,,,1,,
37.28907349656198,-121.9719443,95032,,1.34460962502450,,,,1,,
37.28907349656198,-121.9653516,95032,,1.28925110903026,,,,1,,
37.28907349656198,-121.9634925,95032,,1.30233328245849,,,,1,,
37.28907349656198,-121.9572119,95032,,1.43341903485408,,,,1,,
37.28907349656198,-121.9540607,95008,,1.38282127465061,,,,1,,
37.28907349656198,-121.9511461,95008,,1.18207303173435,,,,1,,
37.28907349656198,-121.9509061,95008,,1.16555250120343,,,,1,,
37.28907349656198,-121.9451793,95008,,0.77214528861377,,,,1,,
37.28907349656198,-121.9385855,95008,,0.32614811868005,,,,1,,
37.28907349656198,-121.9385148,95008,,0.32151223929017,,,,1,,
37.28907349656198,-121.9381244,95008,,0.29605768120835,,,,1,,
37.28907349656198,-121.9332522,95008,,0.11783157922118,,,,1,,
37.28907349656198,-121.9298140,95008,,0.31344797582845,,,,1,,
37.28907349656198,-121.9297696,95008,,0.31635007556096,,,,1,,
37.28907349656198,-121.9258556,95008,,0.57893862997026,,,,1,,
37.28907349656198,-121.9258239,95008,,0.58109480128617,,,,1,,
37.28907349656198,-121.9212094,95008,,0.89673526646922,,,,1,,
37.28907349656198,-121.9183811,95008,,1.09111944442076,,,,1,,
37.28907349656198,-121.9129246,95008,,1.46691978317291,,,,1,,
37.28907349656198,-121.9069844,95110,,1.46103698551906,,,,1,,
37.28907349656198,-121.9032869,95118,,1.40458475876484,,,,1,,
37.28907349656198,-121.9000508,95118,,1.26890069830881,,,,1,,
37.28907349656198,-121.8951599,95118,,1.11876851208295,,,,1,,
37.28907349656198,-121.8909319,95118,,1.06105658833729,,,,1,,
37.28907349656198,-121.8868233,95118,,1.08033608365654,,,,1,,
37.28907349656198,-121.8823337,95125,,1.16778781350884,,,,1,,
37.28907349656198,-121.8779227,95125,,0.91073788044494,,,,1,,
37.28907349656198,-121.8775638,95125,,0.89114815112872,,,,1,,
37.28907349656198,-121.8710064,95125,,0.60477228818736,,,,1,,
37.28907349656198,-121.8657193,95125,,0.56509743812448,,,,1,,
37.28907349656198,-121.8620496,95125,,0.66637129272579,,,,1,,
37.28907349656198,-121.8584557,95111,,0.67647411021098,,,,1,,
37.28907349656198,-121.8535952,95111,,0.35121041365499,,,,1,,
37.28907349656198,-121.8519085,95111,,0.24510321965846,,,,1,,
37.28907349656198,-121.8481259,95111,,0.13020804544376,,,,1,,
37.28907349656198,-121.8477116,95111,,0.14329298211347,,,,1,,
37.28907349656198,-121.8470022,95111,,0.17454712137316,,,,1,,
37.28907349656198,-121.8434652,95111,,0.38949465597442,,,,1,,
37.28907349656198,-121.8422170,95111,,0.47223788796624,,,,1,,
37.28907349656198,-121.8394116,95111,,0.52492152952997,,,,1,,
37.28907349656198,-121.8334588,95111,,0.73191741093622,,,,1,,
37.28907349656198,-121.8287950,95111,,0.98789232872822,,,,1,,
37.28907349656198,-121.8272707,95111,,1.07928180897677,,,,1,,
37.28907349656198,-121.8224491,95111,,1.38148938259865,,,,1,,
37.28907349656198,-121.8177187,95111,,1.68933239943986,,,,1,,
37.28907349656198,-121.8137930,95148,,1.68004396958581,,,,1,,
37.28907349656198,-121.8075111,95148,,1.41589473714419,,,,1,,
37.28907349656198,-121.8062246,95148,,1.37250381586363,,,,1,,
37.28907349656198,-121.8026306,95148,,1.27652237649675,,,,1,,
37.28907349656198,-121.8025508,95148,,1.27485829028026,,,,1,,
37.28907349656198,-121.8003412,95138,,1.15861560938769,,,,1,,
37.28907349656198,-121.7978205,95138,,1.02870944707207,,,,1,,
37.28907349656198,-121.7959696,95138,,0.94246049745244,,,,1,,
37.28907349656198,-121.7956817,95138,,0.92990706425244,,,,1,,
37.28907349656198,-121.7905962,95138,,0.76158238458586,,,,1,,
37.28907349656198,-121.7895468,95138,,0.74296257403649,,,,1,,
37.28907349656198,-121.7881250,95138,,0.72856913287792,,,,1,,
37.28907349656198,-121.7872870,95138,,0.72620304897396,,,,1,,
37.28907349656198,-121.7845727,95138,,0.74983820091735,,,,1,,
37.28907349656198,-121.7788166,95138,,0.93221572291076,,,,1,,
37.28907349656198,-121.7723846,95138,,1.25940715839782,,,,1,,
37.28907349656198,-121.7717967,95138,,1.29280836878230,,,,1,,
37.28907349656198,-121.7664657,95138,,1.61090504237103,,,,1,,
37.28907349656198,-121.7659265,95138,,1.64424765233377,,,,1,,
37.28907349656198,-121.7595513,95138,,2.04872477305131,,,,1,,
37.28907349656198,-121.7544503,95013,,2.35733292691969,,,,1,,
37.2906222,-122.0199575,95070,,0.47560126642077,,,,1,,
37.2906222,-122.0182408,95070,,0.40501074453731,,,,1,,
37.2906222,-122.0137201,95070,,0.36737446907984,,,,1,,
37.2906222,-122.0129634,95070,,0.38621831373982,,,,1,,
37.2906222,-122.0091848,95070,,0.54945078052854,,,,1,,
37.2906222,-122.0030388,95070,,0.91735771265970,,,,1,,
37.2906222,-122.0020559,95070,,0.98046078955237,,,,1,,
37.2906222,-121.9963312,95051,,1.34451204293916,,,,1,,
37.2906222,-121.9942019,95051,,1.35147509512505,,,,1,,
37.2906222,-121.9933874,95051,,1.35834958504560,,,,1,,
37.2906222,-121.9918433,95051,,1.37761292837881,,,,1,,
37.2906222,-121.9896750,95051,,1.41783609632796,,,,1,,
37.2906222,-121.9854144,95051,,1.53687319674820,,,,1,,
37.2906222,-121.9813037,95051,,1.69281527294295,,,,1,,
37.2906222,-121.9788848,95032,,1.59970928749692,,,,1,,
37.2906222,-121.9733867,95032,,1.42980108771355,,,,1,,
37.2906222,-121.9675422,95032,,1.34672597546626,,,,1,,
37.2906222,-121.9634613,95032,,1.35867628580664,,,,1,,
37.2906222,-121.9572898,95032,,1.48222403169406,,,,1,,
37.2906222,-121.9572570,95032,,1.48318073726580,,,,1,,
37.2906222,-121.9511966,95008,,1.18201772837651,,,,1,,
37.2906222,-121.9449858,95008,,0.75336619618461,,,,1,,
37.2906222,-121.9396947,95008,,0.38905987070211,,,,1,,
37.2906222,-121.9373934,95008,,0.23188566341326,,,,1,,
37.2906222,-121.9316774,95008,,0.17366213464238,,,,1,,
37.2906222,-121.9251095,95008,,0.62308023401670,,,,1,,
37.2906222,-121.9237288,95008,,0.71826210503609,,,,1,,
37.2906222,-121.9237026,95008,,0.72006883090626,,,,1,,
37.2906222,-121.9187392,95008,,1.06256292729681,,,,1,,
37.2906222,-121.9176388,95008,,1.13853275204704,,,,1,,
37.2906222,-121.9155250,95008,,1.28448769551261,,,,1,,
37.2906222,-121.9112216,95110,,1.49859311932848,,,,1,,
37.2906222,-121.9070838,95110,,1.40739626866407,,,,1,,
37.2906222,-121.9019758,95110,,1.37080077679567,,,,1,,
37.2906222,-121.8961690,95118,,1.19575557586472,,,,1,,
37.2906222,-121.8911151,95118,,1.11833268090281,,,,1,,
37.2906222,-121.8851338,95118,,1.16351463143947,,,,1,,
37.2906222,-121.8792903,95125,,0.95706696713316,,,,1,,
37.2906222,-121.8729273,95125,,0.62408688294996,,,,1,,
37.2906222,-121.8723689,95125,,0.60144305710596,,,,1,,
37.2906222,-121.8708613,95125,,0.54925580728510,,,,1,,
37.2906222,-121.8683696,95125,,0.50000867481472,,,,1,,
37.2906222,-121.8626654,95125,,0.59575655076918,,,,1,,
37.2906222,-121.8575266,95111,,0.60481932468536,,,,1,,
37.2906222,-121.8568698,95111,,0.55971570456196,,,,1,,
37.2906222,-121.8515572,95111,,0.19960596601320,,,,1,,
37.2906222,-121.8502257,95111,,0.11639720143269,,,,1,,
37.2906222,-121.8476616,95111,,0.10297451839094,,,,1,,
37.2906222,-121.8416742,95111,,0.45897059701186,,,,1,,
37.2906222,-121.8403867,95111,,0.45872591847757,,,,1,,
37.2906222,-121.8364156,95111,,0.55627291459909,,,,1,,
37.2906222,-121.8307038,95111,,0.84611516412564,,,,1,,
37.2906222,-121.8282459,95111,,0.99332594007966,,,,1,,
37.2906222,-121.8242430,95111,,1.24546016184693,,,,1,,
37.2906222,-121.8176335,95111,,1.67872375227365,,,,1,,
37.2906222,-121.8133088,95148,,1.61619164339880,,,,1,,
37.2906222,-121.8122105,95148,,1.56428803820484,,,,1,,
37.2906222,-121.8091146,95148,,1.42956920573659,,,,1,,
37.2906222,-121.8052304,95148,,1.29115714783243,,,,1,,
37.2906222,-121.7990821,95138,,1.13046516595914,,,,1,,
37.2906222,-121.7929863,95138,,0.87642804852673,,,,1,,
37.2906222,-121.7895603,95138,,0.79833722201600,,,,1,,
37.2906222,-121.7875273,95138,,0.78276599733094,,,,1,,
37.2906222,-121.7834235,95138,,0.82659952993355,,,,1,,
37.2906222,-121.7817925,95138,,0.86946045421009,,,,1,,
37.2906222,-121.7752186,95138,,1.14301835713299,,,,1,,
37.2906222,-121.7691340,95138,,1.47776297948338,,,,1,,
37.2906222,-121.7648416,95138,,1.73647284977874,,,,1,,
37.2906222,-121.7614850,95138,,1.94632616137787,,,,1,,
37.2906222,-121.7583010,95138,,2.14958651734210,,,,1,,
37.2906222,-121.7568029,95138,,2.24631418294427,,,,1,,
37.2906222,-121.7558668,95138,,2.30705434158836,,,,1,,
37.2906222,-121.7513479,95013,,2.36838631764005,,,,1,,
37.2906222,-121.7467673,95013,,2.33885853667365,,,,1,,
37.2906222,-121.7448268,95013,,2.33918651275720,,,,1,,
37.2906222,-121.7432505,95013,,2.34510283911129,,,,1,,
37.2906222,-121.7367279,95013,,2.42006418024952,,,,1,,
37.2906222,-121.7333762,95013,,2.46467871048501,,,,1,,
37.29305965,-122.0152492,95070,,0.43993438305265,,,,1,,
37.29305965,-122.0095971,95070,,0.59091404965584,,,,1,,
37.29305965,-122.0063498,95070,,0.75932555057344,,,,1,,
37.29305965,-121.9997800,95070,,1.15955571835365,,,,1,,
37.29305965,-121.9977314,95051,,1.25974352730465,,,,1,,
37.29305965,-121.9933335,95051,,1.27066454659457,,,,1,,
37.29305965,-121.9924529,95051,,1.28152825603962,,,,1,,
37.29305965,-121.9891444,95051,,1.34634970114440,,,,1,,
37.29305965,-121.9876507,95051,,1.38701489989739,,,,1,,
37.29305965,-121.9869368,95051,,1.40870841061839,,,,1,,
37.29305965,-121.9803882,95051,,1.66368959105738,,,,1,,
37.29305965,-121.9750491,95032,,1.55474584150522,,,,1,,
37.29305965,-121.9727007,95032,,1.49935232214636,,,,1,,
37.29305965,-121.9698785,95032,,1.45410428603271,,,,1,,
37.29305965,-121.9688530,95032,,1.44384851459663,,,,1,,
37.29305965,-121.9627398,95032,,1.45460892585981,,,,1,,
37.29305965,-121.9593903,95032,,1.51139150140604,,,,1,,
37.29305965,-121.9566403,95008,,1.55789634012154,,,,1,,
37.29305965,-121.9503053,95008,,1.12040114757458,,,,1,,
37.29305965,-121.9480811,95008,,0.96684896666243,,,,1,,
37.29305965,-121.9431120,95008,,0.62403659410039,,,,1,,
37.29305965,-121.9383105,95008,,0.29398747990001,,,,1,,
37.29305965,-121.9325431,95008,,0.11624186562802,,,,1,,
37.29305965,-121.9262464,95008,,0.54460282622638,,,,1,,
37.29305965,-121.9247240,95008,,0.64951444341624,,,,1,,
37.29305965,-121.9185272,95008,,1.07711717217854,,,,1,,
37.29305965,-121.9181487,95008,,1.10324971851656,,,,1,,
37.29305965,-121.9130007,95008,,1.45875431408160,,,,1,,
37.29305965,-121.9124838,95110,,1.45707505731809,,,,1,,
37.29305965,-121.9058889,95110,,1.30330475717627,,,,1,,
37.29305965,-121.9013760,95110,,1.28354136769826,,,,1,,
37.29305965,-121.8951707,95118,,1.25758960772439,,,,1,,
37.29305965,-121.8927632,95118,,1.22012351163294,,,,1,,
37.29305965,-121.8903607,95118,,1.20467336031226,,,,1,,
37.29305965,-121.8895164,95118,,1.20464120105595,,,,1,,
37.29305965,-121.8841586,95125,,1.22455248660625,,,,1,,
37.29305965,-121.8804883,95125,,0.98895799569896,,,,1,,
37.29305965,-121.8740344,95125,,0.61074467891923,,,,1,,
37.29305965,-121.8686369,95125,,0.41524342893550,,,,1,,
37.29305965,-121.8652665,95125,,0.43389904973055,,,,1,,
37.29305965,-121.8641799,95125,,0.46529368057002,,,,1,,
37.29305965,-121.8588004,95111,,0.68981767317510,,,,1,,
37.29305965,-121.8568656,95111,,0.55623125291696,,,,1,,
37.29305965,-121.8550983,95111,,0.43426542847119,,,,1,,
37.29305965,-121.8490327,95111,,0.02834641195451,,,,1,,
37.29305965,-121.8453442,95111,,0.24163720855237,,,,1,,
37.29305965,-121.8387853,95111,,0.39872503186474,,,,1,,
37.29305965,-121.8342528,95111,,0.59452227429564,,,,1,,
37.29305965,-121.8338092,95111,,0.61889365926940,,,,1,,
37.29305965,-121.8297295,95111,,0.86203807918165,,,,1,,
37.29305965,-121.8267713,95111,,1.05052700675046,,,,1,,
37.29305965,-121.8238779,95111,,1.23977591247842,,,,1,,
37.29305965,-121.8214788,95111,,1.39894857821512,,,,1,,
37.29305965,-121.8165894,95148,,1.72501062313041,,,,1,,
37.29305965,-121.8129061,95148,,1.53367024914951,,,,1,,
37.29305965,-121.8110142,95148,,1.44299661632297,,,,1,,
37.29305965,-121.8055994,95148,,1.22419094169595,,,,1,,
37.29305965,-121.8040806,95148,,1.17695760752576,,,,1,,
37.29305965,-121.8030836,95148,,1.15011096452030,,,,1,,
37.29305965,-121.7988656,95148,,1.07864294049726,,,,1,,
37.29305965,-121.7949834,95138,,1.02119268484749,,,,1,,
37.29305965,-121.7900435,95138,,0.89204251632214,,,,1,,
37.29305965,-121.7888141,95138,,0.87775693932227,,,,1,,
37.29305965,-121.7863304,95138,,0.87373409227514,,,,1,,
37.29305965,-121.7818316,95138,,0.94901458028155,,,,1,,
37.29305965,-121.7814138,95138,,0.96082228449337,,,,1,,
37.29305965,-121.7766148,95138,,1.14093685515099,,,,1,,
37.29305965,-121.7705964,95138,,1.44475554368808,,,,1,,
37.29305965,-121.7689815,95138,,1.53524151264478,,,,1,,
37.29305965,-121.7623053,95138,,1.93287525486752,,,,1,,
37.29305965,-121.7620037,95138,,1.95150028212353,,,,1,,
37.29305965,-121.7569458,95138,,2.26959198234008,,,,1,,
37.29305965,-121.7530705,95013,,2.47703062362972,,,,1,,
37.29305965,-121.7513468,95013,,2.45590943333274,,,,1,,
37.29305965,-121.7447684,95013,,2.42788252229369,,,,1,,
37.29305965,-121.7402692,95013,,2.45742946958193,,,,1,,
37.29305965,-121.7364323,95013,,2.51070388589885,,,,1,,
37.29305965,-121.7338941,95013,,2.54282227409827,,,,1,,
37.29544619,-122.0174039,95070,,0.54688987376525,,,,1,,
37.29544619,-122.0168423,95070,,0.53790996940075,,,,1,,
37.29544619,-122.0168239,95070,,0.53766060461137,,,,1,,
37.29544619,-122.0125090,95070,,0.56165322869226,,,,1,,
37.29544619,-122.0119701,95070,,0.57553202243616,,,,1,,
37.29544619,-122.0075391,95070,,0.75242906716151,,,,1,,
37.29544619,-122.0039812,95070,,0.94365366272705,,,,1,,
37.29544619,-122.0000425,95070,,1.17919608206261,,,,1,,
37.29544619,-121.9990132,95051,,1.18402724910620,,,,1,,
37.29544619,-121.9974732,95051,,1.17121464704229,,,,1,,
37.29544619,-121.9974321,95051,,1.17100326344377,,,,1,,
37.29544619,-121.9936186,95051,,1.18130954654912,,,,1,,
37.29544619,-121.9884907,95051,,1.28335673686969,,,,1,,
37.29544619,-121.9822495,95051,,1.51390336129074,,,,1,,
37.29544619,-121.9819139,95051,,1.52876381525601,,,,1,,
37.29544619,-121.9806045,95051,,1.58865301972853,,,,1,,
37.29544619,-121.9804831,95051,,1.59435173301043,,,,1,,
37.29544619,-121.9803624,95051,,1.60004106398201,,,,1,,
37.29544619,-121.9784202,95051,,1.59731160653869,,,,1,,
37.29544619,-121.9782025,95051,,1.59738161001970,,,,1,,
37.29544619,-121.9720613,95032,,1.57131877513139,,,,1,,
37.29544619,-121.9663758,95032,,1.52059782924071,,,,1,,
37.29544619,-121.9618826,95032,,1.55133515384333,,,,1,,
37.29544619,-121.9614987,95032,,1.55680686738265,,,,1,,
37.29544619,-121.9604455,95032,,1.57401749126874,,,,1,,
37.29544619,-121.9544619,95008,,1.41283454527325,,,,1,,
37.29544619,-121.9480097,95008,,0.96979597006440,,,,1,,
37.29544619,-121.9448291,95008,,0.75261566188011,,,,1,,
37.29544619,-121.9412323,95008,,0.50969979661159,,,,1,,
37.29544619,-121.9346833,95008,,0.13679955586858,,,,1,,
37.29544619,-121.9293700,95008,,0.35220456135142,,,,1,,
37.29544619,-121.9268893,95008,,0.51530511241854,,,,1,,
37.29544619,-121.9265583,95008,,0.53745886343976,,,,1,,
37.29544619,-121.9237848,95008,,0.72484212318377,,,,1,,
37.29544619,-121.9195208,95008,,1.01603021319001,,,,1,,
37.29544619,-121.9173055,95008,,1.16799484818395,,,,1,,
37.29544619,-121.9115359,95110,,1.34933241505096,,,,1,,
37.29544619,-121.9069082,95110,,1.23340906336280,,,,1,,
37.29544619,-121.9033902,95110,,1.19604041277953,,,,1,,
37.29544619,-121.9032124,95110,,1.19543370656221,,,,1,,
37.29544619,-121.9004416,95110,,1.20227211596239,,,,1,,
37.29544619,-121.8993809,95110,,1.21290513113713,,,,1,,
37.29544619,-121.8989714,95110,,1.21816572087429,,,,1,,
37.29544619,-121.8923336,95118,,1.30207156851852,,,,1,,
37.29544619,-121.8888616,95118,,1.29352249647555,,,,1,,
37.29544619,-121.8849470,95125,,1.25100563570279,,,,1,,
37.29544619,-121.8842366,95125,,1.20361637182782,,,,1,,
37.29544619,-121.8840071,95125,,1.18833637335016,,,,1,,
37.29544619,-121.8822802,95125,,1.07389775587934,,,,1,,
37.29544619,-121.8804134,95125,,0.95153930998014,,,,1,,
37.29544619,-121.8747317,95125,,0.59658629830432,,,,1,,
37.29544619,-121.8708464,95125,,0.39700707595677,,,,1,,
37.29544619,-121.8641798,95125,,0.39143592809519,,,,1,,
37.29544619,-121.8633821,95125,,0.42558785563791,,,,1,,
37.29544619,-121.8632824,95125,,0.43016232851470,,,,1,,
37.29544619,-121.8588226,95125,,0.67619149779570,,,,1,,
37.29544619,-121.8571331,95111,,0.58488877541781,,,,1,,
37.29544619,-121.8550198,95111,,0.44241274219330,,,,1,,
37.29544619,-121.8499627,95111,,0.13640662056882,,,,1,,
37.29544619,-121.8448447,95111,,0.29662755392222,,,,1,,
37.29544619,-121.8389109,95111,,0.31615967716196,,,,1,,
37.29544619,-121.8339044,95111,,0.56577687391308,,,,1,,
37.29544619,-121.8272031,95111,,0.99466947436102,,,,1,,
37.29544619,-121.8225419,95111,,1.30681099036204,,,,1,,
37.29544619,-121.8173526,95111,,1.65879220687234,,,,1,,
37.29544619,-121.8111858,95148,,1.38804111236564,,,,1,,
37.29544619,-121.8045354,95148,,1.11277179054377,,,,1,,
37.29544619,-121.8034048,95148,,1.07853245583215,,,,1,,
37.29544619,-121.7995790,95148,,0.99993966324097,,,,1,,
37.29544619,-121.7959454,95148,,0.98698661449578,,,,1,,
37.29544619,-121.7919849,95138,,1.01192559982753,,,,1,,
37.29544619,-121.7857326,95138,,0.96406460238616,,,,1,,
37.29544619,-121.7851587,95138,,0.96924917966574,,,,1,,
37.29544619,-121.7822224,95138,,1.01977363380669,,,,1,,
37.29544619,-121.7798494,95138,,1.08687957053629,,,,1,,
37.29544619,-121.7779087,95138,,1.15624059807146,,,,1,,
37.29544619,-121.7756484,95138,,1.25037425445229,,,,1,,
37.29544619,-121.7713428,95138,,1.45943446327399,,,,1,,
37.29700860158913,-122.0186782,95070,,0.62929117351746,,,,1,,
37.29700860158913,-122.0139928,95070,,0.59157823829098,,,,1,,
37.29700860158913,-122.0127102,95070,,0.61147971008373,,,,1,,
37.29700860158913,-122.0092301,95070,,0.71972684797325,,,,1,,
37.29700860158913,-122.0054504,95070,,0.89750902927034,,,,1,,
37.29700860158913,-122.0004406,95051,,1.14880782785429,,,,1,,
37.29700860158913,-121.9997792,95051,,1.13798594948725,,,,1,,
37.29700860158913,-121.9968155,95051,,1.11149257072989,,,,1,,
37.29700860158913,-121.9945718,95051,,1.11628041992598,,,,1,,
37.29700860158913,-121.9903142,95051,,1.18257313059190,,,,1,,
37.29700860158913,-121.9848448,95051,,1.35950653462034,,,,1,,
37.29700860158913,-121.9815383,95051,,1.50290156106461,,,,1,,
37.29700860158913,-121.9814872,95051,,1.50528256998346,,,,1,,
37.29700860158913,-121.9801963,95051,,1.54502242744256,,,,1,,
37.29700860158913,-121.9741002,95051,,1.56878709039236,,,,1,,
37.29700860158913,-121.9680805,95032,,1.58238304070143,,,,1,,
37.29700860158913,-121.9657517,95032,,1.57825520490316,,,,1,,
37.29700860158913,-121.9614923,95032,,1.61276390721383,,,,1,,
37.29700860158913,-121.9566740,95008,,1.57089949839889,,,,1,,
37.29700860158913,-121.9502782,95008,,1.13337093178935,,,,1,,
37.29700860158913,-121.9501038,95008,,1.12148883933337,,,,1,,
37.29700860158913,-121.9469729,95008,,0.90893187166566,,,,1,,
37.29700860158913,-121.9435264,95008,,0.67772097864655,,,,1,,
37.29700860158913,-121.9373843,95008,,0.29448030279511,,,,1,,
37.29700860158913,-121.9329774,95008,,0.20334347669174,,,,1,,
37.29700860158913,-121.9275268,95008,,0.49169357210900,,,,1,,
37.29700860158913,-121.9263004,95008,,0.57092284429248,,,,1,,
37.29700860158913,-121.9232614,95008,,0.77231120169470,,,,1,,
37.29700860158913,-121.9183943,95008,,1.10155456744637,,,,1,,
37.29700860158913,-121.9145181,95008,,1.36622974098300,,,,1,,
37.29700860158913,-121.9139730,95110,,1.38834981747938,,,,1,,
37.29700860158913,-121.9093073,95110,,1.23204770749039,,,,1,,
37.29700860158913,-121.9089996,95110,,1.22402486890848,,,,1,,
37.29700860158913,-121.9023608,95110,,1.13722436746843,,,,1,,
37.29700860158913,-121.9008550,95110,,1.14251739681402,,,,1,,
37.29700860158913,-121.8981567,95110,,1.17521493349521,,,,1,,
37.29700860158913,-121.8930553,95110,,1.30934371116219,,,,1,,
37.29700860158913,-121.8887837,95118,,1.35077002321376,,,,1,,
37.29700860158913,-121.8873608,95118,,1.36007065511298,,,,1,,
37.29700860158913,-121.8813955,95125,,0.99921232624743,,,,1,,
37.29700860158913,-121.8753573,95125,,0.60670503157382,,,,1,,
37.29700860158913,-121.8732517,95125,,0.47974561565948,,,,1,,
37.29700860158913,-121.8691100,95125,,0.28701105008437,,,,1,,
37.29700860158913,-121.8640366,95125,,0.35293980689072,,,,1,,
37.29700860158913,-121.8580547,95111,,0.65971191148082,,,,1,,
37.29700860158913,-121.8579490,95111,,0.65265280932156,,,,1,,
37.29700860158913,-121.8536285,95111,,0.37227413554296,,,,1,,
37.29700860158913,-121.8513760,95111,,0.24383969360620,,,,1,,
37.29700860158913,-121.8454476,95111,,0.28766952374154,,,,1,,
37.29700860158913,-121.8435996,95111,,0.28648581655963,,,,1,,
37.29700860158913,-121.8435758,95111,,0.28546261530286,,,,1,,
37.29700860158913,-121.8398327,95111,,0.23826320125026,,,,1,,
37.29700860158913,-121.8341959,95111,,0.52151971848750,,,,1,,
37.29700860158913,-121.8307663,95111,,0.74255193490343,,,,1,,
37.29700860158913,-121.8255623,95111,,1.09080398322965,,,,1,,
37.29700860158913,-121.8234446,95111,,1.23438219248089,,,,1,,
37.29700860158913,-121.8205727,95111,,1.42998540474678,,,,1,,
37.29700860158913,-121.8147982,95148,,1.53909123571245,,,,1,,
37.29700860158913,-121.8102804,95148,,1.30358284651888,,,,1,,
37.29700860158913,-121.8096681,95148,,1.27420229789810,,,,1,,
37.29700860158913,-121.8073341,95148,,1.16949832885553,,,,1,,
37.29700860158913,-121.8017835,95148,,0.98396761837293,,,,1,,
37.29700860158913,-121.7983373,95148,,0.93175381799078,,,,1,,
37.29700860158913,-121.7941351,95148,,0.94849728674024,,,,1,,
37.29700860158913,-121.7920897,95148,,0.98791854227158,,,,1,,
37.29700860158913,-121.7882868,95138,,1.01743512060594,,,,1,,
37.29700860158913,-121.7868494,95138,,1.01545185334140,,,,1,,
37.29700860158913,-121.7805712,95138,,1.11570998570559,,,,1,,
37.29700860158913,-121.7754446,95138,,1.30324056121458,,,,1,,
37.29700860158913,-121.7721832,95138,,1.45520942703634,,,,1,,
37.29700860158913,-121.7699725,95138,,1.56829229018322,,,,1,,
37.29700860158913,-121.7679507,95138,,1.67722633914737,,,,1,,
37.29700860158913,-121.7659768,95138,,1.78771260140496,,,,1,,
37.29700860158913,-121.7627594,95138,,1.97475588685099,,,,1,,
37.29700860158913,-121.7606743,95138,,2.09964858146770,,,,1,,
37.29700860158913,-121.7583125,95138,,2.24389400051497,,,,1,,
37.29700860158913,-121.7543019,95138,,2.49419536842416,,,,1,,
37.29700860158913,-121.7527766,95138,,2.59082284325679,,,,1,,
37.29948853,-122.0184144,95070,,0.70874443316679,,,,1,,
37.29948853,-122.0137364,95070,,0.68407056720709,,,,1,,
37.29948853,-122.0074790,95070,,0.86526731261884,,,,1,,
37.29948853,-122.0053695,95070,,0.96311916502891,,,,1,,
37.29948853,-122.0028152,95070,,1.09595211614271,,,,1,,
37.29948853,-122.0017783,95051,,1.09046227478597,,,,1,,
37.29948853,-122.0001710,95051,,1.05626918415046,,,,1,,
37.29948853,-121.9943168,95051,,1.02805886107470,,,,1,,
37.29948853,-121.9915023,95051,,1.07010472830696,,,,1,,
37.29948853,-121.9879368,95051,,1.16854277566383,,,,1,,
37.29948853,-121.9814166,95051,,1.44306991507482,,,,1,,
37.29948853,-121.9756187,95051,,1.46225617833612,,,,1,,
37.29948853,-121.9713116,95051,,1.53035549300228,,,,1,,
37.29948853,-121.9683433,95051,,1.60796255871476,,,,1,,
37.29948853,-121.9621820,95032,,1.69289225617214,,,,1,,
37.29948853,-121.9597805,95032,,1.72872998797794,,,,1,,
37.29948853,-121.9576445,95008,,1.65036340797360,,,,1,,
37.29948853,-121.9552307,95008,,1.48623466759669,,,,1,,
37.29948853,-121.9501198,95008,,1.14126129228397,,,,1,,
37.29948853,-121.9491449,95008,,1.07606058675707,,,,1,,
37.29948853,-121.9460455,95008,,0.87096398711277,,,,1,,
37.29948853,-121.9441429,95008,,0.74758555996678,,,,1,,
37.29948853,-121.9397469,95008,,0.47925489747919,,,,1,,
37.29948853,-121.9388299,95008,,0.42927395857906,,,,1,,
37.29948853,-121.9376587,95008,,0.37142449599548,,,,1,,
37.29948853,-121.9346557,95008,,0.28113818006835,,,,1,,
37.29948853,-121.9282798,95008,,0.48934140717698,,,,1,,
37.29948853,-121.9242857,95008,,0.73327955655199,,,,1,,
37.29948853,-121.9194566,95008,,1.04963070519106,,,,1,,
37.29948853,-121.9192335,95008,,1.06450158278703,,,,1,,
37.29948853,-121.9129301,95110,,1.27283262414543,,,,1,,
37.29948853,-121.9123999,95110,,1.25234743667855,,,,1,,
37.29948853,-121.9094369,95110,,1.15269575257027,,,,1,,
37.29948853,-121.9038094,95110,,1.05087182187677,,,,1,,
37.29948853,-121.8985820,95110,,1.08019712858895,,,,1,,
37.29948853,-121.8946954,95110,,1.17576119924249,,,,1,,
37.29948853,-121.8881859,95110,,1.43756723253025,,,,1,,
37.29948853,-121.8870328,95125,,1.36445886050253,,,,1,,
37.29948853,-121.8852776,95125,,1.24424575288156,,,,1,,
37.29948853,-121.8815094,95125,,0.98704510698526,,,,1,,
37.29948853,-121.8749561,95125,,0.54694457600409,,,,1,,
37.29948853,-121.8706223,95125,,0.27921238110452,,,,1,,
37.29948853,-121.8674672,95125,,0.17245792095724,,,,1,,
37.29948853,-121.8642197,95125,,0.28175315446526,,,,1,,
37.29948853,-121.8609766,95125,,0.47902172176906,,,,1,,
37.29948853,-121.8584877,95125,,0.64245782522816,,,,1,,
37.29948853,-121.8539119,95111,,0.43658235031967,,,,1,,
37.29948853,-121.8498997,95111,,0.26926333466656,,,,1,,
37.29948853,-121.8483499,95111,,0.26084366735732,,,,1,,
37.29948853,-121.8437454,95111,,0.23123394082068,,,,1,,
37.29948853,-121.8430376,95111,,0.19336945387662,,,,1,,
37.29948853,-121.8383650,95111,,0.22646864845980,,,,1,,
37.29948853,-121.8321322,95111,,0.62797384912023,,,,1,,
37.29948853,-121.8268796,95111,,0.98564604685261,,,,1,,
37.29948853,-121.8212954,95111,,1.36894394254575,,,,1,,
37.29948853,-121.8186662,95111,,1.54985090326560,,,,1,,
37.29948853,-121.8127897,95148,,1.37394951354962,,,,1,,
37.29948853,-121.8069354,95148,,1.08160829304207,,,,1,,
37.29948853,-121.8018771,95148,,0.90175907279429,,,,1,,
37.29948853,-121.7980256,95148,,0.83988466610789,,,,1,,
37.29948853,-121.7949700,95148,,0.84892809376657,,,,1,,
37.29948853,-121.7914308,95148,,0.92184950099998,,,,1,,
37.29948853,-121.7859785,95138,,1.10891011037785,,,,1,,
37.29948853,-121.7804389,95138,,1.20196280732103,,,,1,,
37.29948853,-121.7745482,95138,,1.41239286502202,,,,1,,
37.29948853,-121.7736311,95138,,1.45269119786962,,,,1,,
37.29948853,-121.7724843,95138,,1.50532005740678,,,,1,,
37.29948853,-121.7679507,95138,,1.73331325529094,,,,1,,
37.29948853,-121.7654139,95138,,1.87167806392667,,,,1,,
37.29948853,-121.7601551,95138,,2.17553075065892,,,,1,,
37.29948853,-121.7549715,95138,,2.49069121063696,,,,1,,
37.29948853,-121.7526518,95138,,2.63528989626551,,,,1,,
37.29948853,-121.7517125,95013,,2.69080062608485,,,,1,,
37.29948853,-121.7466608,95013,,2.66095163618424,,,,1,,
37.29948853,-121.7406657,95013,,2.68463865749380,,,,1,,
37.29948853,-121.7401949,95013,,2.68919366684270,,,,1,,
37.29948853,-121.7398816,95013,,2.69243840732817,,,,1,,
37.29948853,-121.7367965,95013,,2.73335551309157,,,,1,,
37.299720477908565,-122.0151774,95070,,0.68397219062245,,,,1,,
37.299720477908565,-122.0115752,95070,,0.73088674089404,,,,1,,
37.299720477908565,-122.0112796,95070,,0.73833835696876,,,,1,,
37.299720477908565,-122.0106860,95070,,0.75475077222404,,,,1,,
37.299720477908565,-122.0070421,95070,,0.89095469605020,,,,1,,
37.299720477908565,-122.0033346,95070,,1.07330982038290,,,,1,,
37.299720477908565,-121.9979878,95051,,1.01895078098992,,,,1,,
37.299720477908565,-121.9953804,95051,,1.01292205941578,,,,1,,
37.299720477908565,-121.9922789,95051,,1.04688959414423,,,,1,,
37.299720477908565,-121.9916360,95051,,1.05923296604221,,,,1,,
37.299720477908565,-121.9870601,95051,,1.19206791883728,,,,1,,
37.299720477908565,-121.9826949,95051,,1.37573750901826,,,,1,,
37.299720477908565,-121.9763466,95051,,1.44800503799654,,,,1,,
37.299720477908565,-121.9746436,95051,,1.46433881192893,,,,1,,
37.299720477908565,-121.9740539,95051,,1.47214647618283,,,,1,,
37.299720477908565,-121.9719051,95051,,1.50958746731057,,,,1,,
37.299720477908565,-121.9701622,95051,,1.54977086456762,,,,1,,
37.299720477908565,-121.9672975,95051,,1.63305586573739,,,,1,,
37.299720477908565,-121.9607978,95032,,1.71994826766948,,,,1,,
37.299720477908565,-121.9587729,95008,,1.72865308320982,,,,1,,
37.299720477908565,-121.9537754,95008,,1.38931400196705,,,,1,,
37.299720477908565,-121.9500287,95008,,1.13726861900809,,,,1,,
37.299720477908565,-121.9465012,95008,,0.90351253781237,,,,1,,
37.299720477908565,-121.9404051,95008,,0.52155936041326,,,,1,,
37.299720477908565,-121.9402600,95008,,0.51321748107188,,,,1,,
37.299720477908565,-121.9353109,95008,,0.29890372796875,,,,1,,
37.299720477908565,-121.9315832,95008,,0.33567346433652,,,,1,,
37.299720477908565,-121.9254819,95008,,0.66120425729115,,,,1,,
37.299720477908565,-121.9243720,95008,,0.73105244463070,,,,1,,
37.299720477908565,-121.9242546,95008,,0.73852007139507,,,,1,,
37.299720477908565,-121.9236659,95008,,0.77616142759408,,,,1,,
37.299720477908565,-121.9174347,95008,,1.18693106701601,,,,1,,
37.299720477908565,-121.9122824,95110,,1.24081026322052,,,,1,,
37.299720477908565,-121.9055915,95110,,1.06066353977481,,,,1,,
37.299720477908565,-121.8992263,95110,,1.06177568056958,,,,1,,
37.299720477908565,-121.8978805,95110,,1.08508691894146,,,,1,,
37.299720477908565,-121.8921926,95110,,1.25695701296245,,,,1,,
37.299720477908565,-121.8890483,95110,,1.39106163190416,,,,1,,
37.299720477908565,-121.8856026,95125,,1.26536456310312,,,,1,,
37.299720477908565,-121.8794646,95125,,0.84660654450849,,,,1,,
37.299720477908565,-121.8787345,95125,,0.79717375426659,,,,1,,
37.299720477908565,-121.8763275,95125,,0.63533490935695,,,,1,,
37.299720477908565,-121.8702163,95125,,0.25214839852443,,,,1,,
37.299720477908565,-121.8645809,95125,,0.25698085009880,,,,1,,
37.299720477908565,-121.8593114,95125,,0.58540349435127,,,,1,,
37.299720477908565,-121.8539729,95111,,0.44501172732621,,,,1,,
37.299720477908565,-121.8500468,95111,,0.28029822514007,,,,1,,
37.299720477908565,-121.8491774,95111,,0.26836108895880,,,,1,,
37.299720477908565,-121.8440738,95111,,0.24569774976815,,,,1,,
37.299720477908565,-121.8374165,95111,,0.27817087367696,,,,1,,
37.299720477908565,-121.8323981,95111,,0.60823944255854,,,,1,,
37.299720477908565,-121.8309835,95111,,0.70418441590219,,,,1,,
37.299720477908565,-121.8268705,95111,,0.98516078237556,,,,1,,
37.299720477908565,-121.8252619,95111,,1.09550330361956,,,,1,,
37.299720477908565,-121.8202663,95111,,1.43897130524459,,,,1,,
37.299720477908565,-121.8169991,95148,,1.60999436466634,,,,1,,
37.299720477908565,-121.8164687,95148,,1.57868364748935,,,,1,,
37.299720477908565,-121.8114872,95148,,1.29832399091296,,,,1,,
37.299720477908565,-121.8080236,95148,,1.12449096551891,,,,1,,
37.299720477908565,-121.8041109,95148,,0.96255003349171,,,,1,,
37.299720477908565,-121.8000265,95148,,0.85419215716952,,,,1,,
37.299720477908565,-121.7986993,95148,,0.83664088741577,,,,1,,
37.299720477908565,-121.7982536,95148,,0.83293144991443,,,,1,,
37.299720477908565,-121.7968462,95148,,0.82865585044071,,,,1,,
37.299720477908565,-121.7927072,95148,,0.88055843084505,,,,1,,
37.299720477908565,-121.7907527,95148,,0.93495316909323,,,,1,,
37.299720477908565,-121.7844093,95138,,1.13118534757136,,,,1,,
37.299720477908565,-121.7794711,95138,,1.23736878263829,,,,1,,
37.299720477908565,-121.7745792,95138,,1.41768086709547,,,,1,,
37.299720477908565,-121.7726356,95138,,1.50447910293370,,,,1,,
37.299720477908565,-121.7701399,95138,,1.62543579503379,,,,1,,
37.299720477908565,-121.7638797,95138,,1.96300446730024,,,,1,,
37.299720477908565,-121.7615985,95138,,2.09471390709188,,,,1,,
37.299720477908565,-121.7556262,95138,,2.45405028616157,,,,1,,
37.299720477908565,-121.7503861,95013,,2.68697211134384,,,,1,,
37.299720477908565,-121.7443314,95013,,2.67096091439007,,,,1,,
37.299720477908565,-121.7439562,95013,,2.67212173075395,,,,1,,
37.299720477908565,-121.7394911,95013,,2.70503862961496,,,,1,,
37.29991058027306,-122.0153837,95070,,0.69089908604881,,,,1,,
37.29991058027306,-122.0134168,95070,,0.70310261088086,,,,1,,
37.29991058027306,-122.0106100,95070,,0.76328347993017,,,,1,,
37.29991058027306,-122.0096606,95070,,0.79339657052859,,,,1,,
37.29991058027306,-122.0079147,95070,,0.85915596524882,,,,1,,
37.29991058027306,-122.0022551,95051,,1.08827485894294,,,,1,,
37.29991058027306,-121.9984526,95051,,1.01647983071734,,,,1,,
37.29991058027306,-121.9925294,95051,,1.03580329399417,,,,1,,
37.29991058027306,-121.9913587,95051,,1.05847899487475,,,,1,,
37.29991058027306,-121.9910571,95051,,1.06523811396788,,,,1,,
37.29991058027306,-121.9906389,95051,,1.07520854367819,,,,1,,
37.29991058027306,-121.9893740,95051,,1.10940848519239,,,,1,,
37.29991058027306,-121.9865617,95051,,1.20484304744001,,,,1,,
37.29991058027306,-121.9843882,95051,,1.29386183718189,,,,1,,
37.29991058027306,-121.9830027,95051,,1.35624875853433,,,,1,,
37.29991058027306,-121.9803136,95051,,1.43989607257708,,,,1,,
37.29991058027306,-121.9802600,95051,,1.43956431667679,,,,1,,
37.29991058027306,-121.9750145,95051,,1.45312479453904,,,,1,,
37.29991058027306,-121.9690884,95051,,1.57225220493933,,,,1,,
37.29991058027306,-121.9673969,95051,,1.62368969743548,,,,1,,
37.29991058027306,-121.9664031,95051,,1.65701350282659,,,,1,,
37.29991058027306,-121.9625059,95032,,1.70449807586963,,,,1,,
37.29991058027306,-121.9594157,95032,,1.75034328188649,,,,1,,
37.29991058027306,-121.9564392,95008,,1.57115229314184,,,,1,,
37.29991058027306,-121.9560326,95008,,1.54356226948720,,,,1,,
37.29991058027306,-121.9500644,95008,,1.14142607713195,,,,1,,
37.29991058027306,-121.9498848,95008,,1.12943926220063,,,,1,,
37.29991058027306,-121.9472020,95008,,0.95167656187450,,,,1,,
37.29991058027306,-121.9421595,95008,,0.62955659913417,,,,1,,
37.29991058027306,-121.9377037,95008,,0.38513069209180,,,,1,,
37.29991058027306,-121.9326494,95008,,0.31062957570612,,,,1,,
37.29991058027306,-121.9294711,95008,,0.43453736160523,,,,1,,
37.29991058027306,-121.9265099,95008,,0.60137271102608,,,,1,,
37.29991058027306,-121.9242502,95008,,0.74152622715568,,,,1,,
37.29991058027306,-121.9185926,95008,,1.11128275389816,,,,1,,
37.29991058027306,-121.9131529,95110,,1.26909711037783,,,,1,,
37.29991058027306,-121.9088393,95110,,1.12182841368519,,,,1,,
37.29991058027306,-121.9081431,95110,,1.10377644223141,,,,1,,
37.29991058027306,-121.9070729,95110,,1.07962430082502,,,,1,,
37.29991058027306,-121.9023601,95110,,1.03125694966894,,,,1,,
37.29991058027306,-121.8993339,95110,,1.05344607256932,,,,1,,
37.29991058027306,-121.8973051,95110,,1.09074533933889,,,,1,,
37.29991058027306,-121.8916687,95110,,1.27208233835746,,,,1,,
37.29991058027306,-121.8853645,95125,,1.24816097733579,,,,1,,
37.29991058027306,-121.8791258,95125,,0.82229902317460,,,,1,,
37.29991058027306,-121.8789666,95125,,0.81150390960939,,,,1,,
37.29991058027306,-121.8742199,95125,,0.49381617493538,,,,1,,
37.29991058027306,-121.8718770,95125,,0.34420580429056,,,,1,,
37.29991058027306,-121.8704564,95125,,0.26073502219292,,,,1,,
37.29991058027306,-121.8704334,95125,,0.25946820293333,,,,1,,
37.29991058027306,-121.8660517,95125,,0.18418904133769,,,,1,,
37.29991058027306,-121.8626558,95125,,0.36625762592145,,,,1,,
37.29991058027306,-121.8583156,95125,,0.65003118150974,,,,1,,
37.29991058027306,-121.8530184,95111,,0.39900079336650,,,,1,,
37.29991058027306,-121.8510926,95111,,0.31585008175502,,,,1,,
37.29991058027306,-121.8499677,95111,,0.28535179004242,,,,1,,
37.29991058027306,-121.8440218,95111,,0.23911388618602,,,,1,,
37.29991058027306,-121.8421360,95111,,0.14131380680267,,,,1,,
37.29991058027306,-121.8411762,95111,,0.11863101140188,,,,1,,
37.29991058027306,-121.8411565,95111,,0.11850917341855,,,,1,,
37.29991058027306,-121.8348444,95111,,0.44227611643741,,,,1,,
37.29991058027306,-121.8331815,95111,,0.55385720332249,,,,1,,
37.29991058027306,-121.8309577,95111,,0.70474493966189,,,,1,,
37.29991058027306,-121.8245668,95111,,1.14249564506212,,,,1,,
37.29991058027306,-121.8216266,95111,,1.34473214001886,,,,1,,
37.29991058027306,-121.8170410,95148,,1.60892986537941,,,,1,,
37.29991058027306,-121.8138540,95148,,1.42404356177054,,,,1,,
37.29991058027306,-121.8101763,95148,,1.22529329059075,,,,1,,
37.29991058027306,-121.8085227,95148,,1.14310091487925,,,,1,,
37.29991058027306,-121.8077412,95148,,1.10623979225645,,,,1,,
37.29991058027306,-121.8059008,95148,,1.02545003686888,,,,1,,
37.29991058027306,-121.8022334,95148,,0.89710947578634,,,,1,,
37.29991058027306,-121.8008956,95148,,0.86415740705520,,,,1,,
37.29991058027306,-121.7950686,95148,,0.83265117028633,,,,1,,
37.29991058027306,-121.7918486,95148,,0.89602055636984,,,,1,,
37.29991058027306,-121.7887723,95148,,0.99999365357947,,,,1,,
37.29991058027306,-121.7821120,95138,,1.17604128984110,,,,1,,
37.29991058027306,-121.7762238,95138,,1.35603493420390,,,,1,,
37.30156605368352,-122.0210155,95070,,0.84878620532450,,,,1,,
37.30156605368352,-122.0148933,95070,,0.75206136909856,,,,1,,
37.30156605368352,-122.0138364,95070,,0.75834828807429,,,,1,,
37.30156605368352,-122.0133618,95070,,0.76343077254422,,,,1,,
37.30156605368352,-122.0108923,95070,,0.81103876808979,,,,1,,
37.30156605368352,-122.0046729,95070,,1.05098731263177,,,,1,,
37.30156605368352,-122.0039589,95051,,1.08569602522402,,,,1,,
37.30156605368352,-122.0005675,95051,,0.99102986616739,,,,1,,
37.30156605368352,-121.9947199,95051,,0.94926661339441,,,,1,,
37.30156605368352,-121.9884657,95051,,1.08434574823016,,,,1,,
37.30156605368352,-121.9873827,95051,,1.12308165003372,,,,1,,
37.30156605368352,-121.9866420,95051,,1.15162611843640,,,,1,,
37.30156605368352,-121.9838758,95051,,1.27084463367055,,,,1,,
37.30156605368352,-121.9790860,95051,,1.37412954948746,,,,1,,
37.30156605368352,-121.9756314,95051,,1.38682044901109,,,,1,,
37.30156605368352,-121.9739645,95051,,1.40745786664687,,,,1,,
37.30156605368352,-121.9684930,95051,,1.53515648638885,,,,1,,
37.30156605368352,-121.9629869,95051,,1.73880325660624,,,,1,,
37.30156605368352,-121.9590380,95008,,1.75907004347294,,,,1,,
37.30156605368352,-121.9555835,95008,,1.52602685078230,,,,1,,
37.30156605368352,-121.9501376,95008,,1.16330832553815,,,,1,,
37.30156605368352,-121.9486840,95008,,1.06808269136920,,,,1,,
37.30156605368352,-121.9438879,95008,,0.76342853875532,,,,1,,
37.30156605368352,-121.9396755,95008,,0.52338530921407,,,,1,,
37.30156605368352,-121.9394087,95008,,0.50997426730113,,,,1,,
37.30156605368352,-121.9393578,95008,,0.50745153012463,,,,1,,
37.30156605368352,-121.9339559,95008,,0.35460372277621,,,,1,,
37.30156605368352,-121.9323186,95008,,0.37527847141778,,,,1,,
37.30156605368352,-121.9261520,95008,,0.65378351320565,,,,1,,
37.30156605368352,-121.9210369,95008,,0.96988820223115,,,,1,,
37.30156605368352,-121.9145207,95110,,1.27995823606998,,,,1,,
37.30156605368352,-121.9087548,95110,,1.06410918172497,,,,1,,
37.30156605368352,-121.9084181,95110,,1.05479516935640,,,,1,,
37.30156605368352,-121.9054180,95110,,0.99223964066420,,,,1,,
37.30156605368352,-121.9016157,95110,,0.97248986794437,,,,1,,
37.30156605368352,-121.8971230,95110,,1.03818019102464,,,,1,,
37.30156605368352,-121.8912488,95110,,1.24147776544506,,,,1,,
37.30156605368352,-121.8849155,95125,,1.21107637243130,,,,1,,
37.30156605368352,-121.8784164,95125,,0.76427783429627,,,,1,,
37.30156605368352,-121.8768391,95125,,0.65631016179336,,,,1,,
37.30156605368352,-121.8714418,95125,,0.29263770786851,,,,1,,
37.30156605368352,-121.8697606,95125,,0.18697077333643,,,,1,,
37.30156605368352,-121.8696942,95125,,0.18305877605711,,,,1,,
37.30156605368352,-121.8685895,95125,,0.12491712294121,,,,1,,
37.30156605368352,-121.8629930,95125,,0.32241019512967,,,,1,,
37.30156605368352,-121.8579616,95112,,0.64356892267911,,,,1,,
37.30156605368352,-121.8522947,95111,,0.41165109314475,,,,1,,
37.30156605368352,-121.8493807,95111,,0.33674657833403,,,,1,,
37.30156605368352,-121.8492141,95111,,0.33562429691208,,,,1,,
37.30156605368352,-121.8434782,95111,,0.17987461815931,,,,1,,
37.30156605368352,-121.8399335,95111,,0.09431898245269,,,,1,,
37.30156605368352,-121.8379216,95111,,0.22126170178399,,,,1,,
37.30156605368352,-121.8338234,95111,,0.50011436228659,,,,1,,
37.30156605368352,-121.8276199,95111,,0.92721620749898,,,,1,,
37.30156605368352,-121.8257033,95111,,1.05942367556578,,,,1,,
37.30156605368352,-121.8224515,95111,,1.28383960518846,,,,1,,
37.30156605368352,-121.8189418,95111,,1.52614495209321,,,,1,,
37.30156605368352,-121.8174021,95148,,1.60088732202767,,,,1,,
37.30156605368352,-121.8159032,95148,,1.51058344567592,,,,1,,
37.30156605368352,-121.8092609,95148,,1.13794068686285,,,,1,,
37.30156605368352,-121.8087545,95148,,1.11218213602247,,,,1,,
37.30156605368352,-121.8036793,95148,,0.88956072408068,,,,1,,
37.30156605368352,-121.7999488,95148,,0.78778140782509,,,,1,,
37.30156605368352,-121.7974185,95148,,0.76186701621349,,,,1,,
37.30156605368352,-121.7964697,95148,,0.76232763421288,,,,1,,
37.30156605368352,-121.7961011,95148,,0.76402527800260,,,,1,,
37.30156605368352,-121.7917288,95148,,0.84465355793225,,,,1,,
37.30156605368352,-121.7893515,95148,,0.92767075976853,,,,1,,
37.30156605368352,-121.7837639,95148,,1.19116814163486,,,,1,,
37.30156605368352,-121.7783496,95138,,1.33219833807284,,,,1,,
37.30156605368352,-121.7753113,95138,,1.44143195191238,,,,1,,
37.30156605368352,-121.7747520,95138,,1.46393488157663,,,,1,,
37.30156605368352,-121.7712526,95138,,1.61863491243033,,,,1,,
37.30156605368352,-121.7681547,95138,,1.77192513815023,,,,1,,
37.30156605368352,-121.7636941,95138,,2.01222622758033,,,,1,,
37.30156605368352,-121.7572555,95138,,2.38677101056211,,,,1,,
37.30156605368352,-121.7535038,95138,,2.61519772769724,,,,1,,
37.30156605368352,-121.7485498,95013,,2.74216890511025,,,,1,,
37.30337946,-122.0197788,95070,,0.87440453575064,,,,1,,
37.30337946,-122.0158185,95070,,0.81871755541938,,,,1,,
37.30337946,-122.0105738,95070,,0.88087162608191,,,,1,,
37.30337946,-122.0087545,95070,,0.93484634675471,,,,1,,
37.30337946,-122.0037596,95051,,1.02137384541999,,,,1,,
37.30337946,-121.9992303,95051,,0.90215754905323,,,,1,,
37.30337946,-121.9942494,95051,,0.88762127125589,,,,1,,
37.30337946,-121.9893951,95051,,0.99522054808333,,,,1,,
37.30337946,-121.9878111,95051,,1.05131488068730,,,,1,,
37.30337946,-121.9831995,95051,,1.25534827365061,,,,1,,
37.30337946,-121.9770180,95051,,1.31059312219662,,,,1,,
37.30337946,-121.9744546,95051,,1.33543236737687,,,,1,,
37.30337946,-121.9709837,95051,,1.40441157150624,,,,1,,
37.30337946,-121.9665837,95051,,1.54185068823372,,,,1,,
37.30337946,-121.9625841,95051,,1.70463637188262,,,,1,,
37.30337946,-121.9595114,95008,,1.80541764845159,,,,1,,
37.30337946,-121.9547774,95008,,1.48926822839943,,,,1,,
37.30337946,-121.9544945,95008,,1.47052719453637,,,,1,,
37.30337946,-121.9485488,95008,,1.08326448532473,,,,1,,
37.30337946,-121.9470518,95008,,0.98876273678303,,,,1,,
37.30337946,-121.9469890,95008,,0.98483759406764,,,,1,,
37.30337946,-121.9461940,95008,,0.93546470455080,,,,1,,
37.30337946,-121.9431040,95008,,0.75093271550742,,,,1,,
37.30337946,-121.9383514,95008,,0.51305247604899,,,,1,,
37.30337946,-121.9334531,95008,,0.42312143228134,,,,1,,
37.30337946,-121.9292271,95008,,0.53897721996168,,,,1,,
37.30337946,-121.9283810,95008,,0.57732382976896,,,,1,,
37.30337946,-121.9254013,95008,,0.73381278983864,,,,1,,
37.30337946,-121.9220872,95008,,0.93073807062189,,,,1,,
37.30337946,-121.9205544,95008,,1.02632900117013,,,,1,,
37.30337946,-121.9163835,95008,,1.29460080209915,,,,1,,
37.30337946,-121.9139684,95110,,1.20492974241879,,,,1,,
37.30337946,-121.9087132,95110,,1.00280867227255,,,,1,,
37.30337946,-121.9063461,95110,,0.94380839757808,,,,1,,
37.30337946,-121.9016575,95110,,0.90621799077047,,,,1,,
37.30337946,-121.8989422,95110,,0.93645168604191,,,,1,,
37.30337946,-121.8968154,95110,,0.98475704130540,,,,1,,
37.30337946,-121.8931353,95110,,1.11011758443361,,,,1,,
37.30337946,-121.8872276,95125,,1.36731191586843,,,,1,,
37.30337946,-121.8862131,95125,,1.29723080939776,,,,1,,
37.30337946,-121.8809734,95125,,0.93531908061025,,,,1,,
37.30337946,-121.8763620,95125,,0.61693956297259,,,,1,,
37.30337946,-121.8710164,95125,,0.24869502217577,,,,1,,
37.30337946,-121.8651946,95125,,0.15842073733921,,,,1,,
37.30337946,-121.8617475,95125,,0.39482223902053,,,,1,,
37.30337946,-121.8581914,95112,,0.57885356487820,,,,1,,
37.30337946,-121.8525011,95111,,0.47446563645803,,,,1,,
37.30337946,-121.8478569,95111,,0.40617677067612,,,,1,,
37.30337946,-121.8413231,95111,,0.02301330539894,,,,1,,
37.30337946,-121.8385906,95111,,0.16757683531643,,,,1,,
37.30337946,-121.8349479,95111,,0.41915331543328,,,,1,,
37.30337946,-121.8306040,95111,,0.71927151909811,,,,1,,
37.30337946,-121.8253928,95111,,1.07933664445024,,,,1,,
37.30337946,-121.8217493,95111,,1.33108757156525,,,,1,,
37.30337946,-121.8165693,95148,,1.51916022181619,,,,1,,
37.30337946,-121.8154650,95148,,1.45173838679183,,,,1,,
37.30337946,-121.8123322,95148,,1.26596911732785,,,,1,,
37.30337946,-121.8100104,95148,,1.13533004926810,,,,1,,
37.30337946,-121.8081407,95148,,1.03622965569409,,,,1,,
37.30337946,-121.8053146,95148,,0.90102662753740,,,,1,,
37.30337946,-121.8015085,95148,,0.76132838216916,,,,1,,
37.30337946,-121.7960889,95148,,0.69833195239962,,,,1,,
37.30337946,-121.7937813,95148,,0.73051347085826,,,,1,,
37.30337946,-121.7911814,95148,,0.80397416106107,,,,1,,
37.30337946,-121.7891067,95148,,0.88466518419623,,,,1,,
37.30337946,-121.7874836,95148,,0.95806427724840,,,,1,,
37.30337946,-121.7841003,95148,,1.13167663298242,,,,1,,
37.30337946,-121.7811449,95148,,1.29886625677791,,,,1,,
37.30337946,-121.7761918,95138,,1.46323339938378,,,,1,,
37.30337946,-121.7715271,95138,,1.65484846259069,,,,1,,
37.30337946,-121.7697305,95138,,1.73898311608514,,,,1,,
37.30337946,-121.7674117,95138,,1.85422698222621,,,,1,,
37.30337946,-121.7615702,95138,,2.17000800700244,,,,1,,
37.30337946,-121.7580407,95138,,2.37374557781275,,,,1,,
37.30337946,-121.7546216,95138,,2.57776588845968,,,,1,,
37.30337946,-121.7482090,95013,,2.80650254395272,,,,1,,
37.30337946,-121.7421583,95013,,2.81358750449947,,,,1,,
37.30337946,-121.7371986,95013,,2.86524677224951,,,,1,,
37.30575102553268,-122.0162297,95070,,0.90707734456662,,,,1,,
37.30575102553268,-122.0110563,95070,,0.95125882537479,,,,1,,
37.30575102553268,-122.0093566,95070,,0.99380316671773,,,,1,,
37.30575102553268,-122.0076089,95070,,1.04952339500060,,,,1,,
37.30575102553268,-122.0032273,95051,,0.92803020860768,,,,1,,
37.30575102553268,-121.9971680,95051,,0.79343989168203,,,,1,,
37.30575102553268,-121.9945117,95051,,0.79906905685202,,,,1,,
37.30575102553268,-121.9885316,95051,,0.95146108034407,,,,1,,
37.30575102553268,-121.9867984,95051,,1.02294827092562,,,,1,,
37.30575102553268,-121.9849877,95051,,1.10657894574807,,,,1,,
37.30575102553268,-121.9793930,95051,,1.22205866787409,,,,1,,
37.30575102553268,-121.9757453,95051,,1.23415357567038,,,,1,,
37.30575102553268,-121.9746210,95051,,1.24816161531683,,,,1,,
37.30575102553268,-121.9743002,95051,,1.25301337424872,,,,1,,
37.30575102553268,-121.9722530,95051,,1.29252805174680,,,,1,,
37.30575102553268,-121.9681916,95051,,1.41018866334890,,,,1,,
37.30575102553268,-121.9665481,95051,,1.47040194227780,,,,1,,
37.30575102553268,-121.9609943,95051,,1.71436854415129,,,,1,,
37.30575102553268,-121.9571091,95008,,1.66874717329646,,,,1,,
37.30575102553268,-121.9515438,95008,,1.30764517935083,,,,1,,
37.30575102553268,-121.9467762,95008,,1.01213323749690,,,,1,,
37.30575102553268,-121.9409948,95008,,0.69592039840750,,,,1,,
37.30575102553268,-121.9396838,95008,,0.63735627523884,,,,1,,
37.30575102553268,-121.9368688,95008,,0.54223407188490,,,,1,,
37.30575102553268,-121.9312435,95008,,0.54450258916987,,,,1,,
37.30575102553268,-121.9306396,95008,,0.56098878690967,,,,1,,
37.30575102553268,-121.9302773,95008,,0.57211340419984,,,,1,,
37.30575102553268,-121.9260583,95008,,0.75258677569437,,,,1,,
37.30575102553268,-121.9223868,95008,,0.95538047994745,,,,1,,
37.30575102553268,-121.9204016,95008,,1.07408060539344,,,,1,,
37.30575102553268,-121.9175598,95008,,1.25059393362436,,,,1,,
37.30575102553268,-121.9147093,95110,,1.17760507274387,,,,1,,
37.30575102553268,-121.9125759,95110,,1.07643826582414,,,,1,,
37.30575102553268,-121.9068839,95110,,0.87348710330831,,,,1,,
37.30575102553268,-121.9042588,95110,,0.82747223287915,,,,1,,
37.30575102553268,-121.9019133,95110,,0.81880449411292,,,,1,,
37.30575102553268,-121.8988537,95110,,0.85485935163359,,,,1,,
37.30575102553268,-121.8939797,95110,,1.00575064831093,,,,1,,
37.30575102553268,-121.8901645,95110,,1.17880216915601,,,,1,,
37.30575102553268,-121.8839324,95125,,1.14065750375513,,,,1,,
37.30575102553268,-121.8829773,95125,,1.07474689003861,,,,1,,
37.30575102553268,-121.8811696,95125,,0.95003121109593,,,,1,,
37.30575102553268,-121.8756424,95125,,0.56922478261168,,,,1,,
37.30575102553268,-121.8753911,95125,,0.55194746311211,,,,1,,
37.30575102553268,-121.8723808,95125,,0.34566171014582,,,,1,,
37.30575102553268,-121.8662626,95125,,0.09902072989130,,,,1,,
37.30575102553268,-121.8650398,95125,,0.17533745694200,,,,1,,
37.30575102553268,-121.8610961,95125,,0.44221275848185,,,,1,,
37.30575102553268,-121.8583119,95112,,0.49381085886596,,,,1,,
37.30575102553268,-121.8566894,95112,,0.49221199504667,,,,1,,
37.30575102553268,-121.8502451,95111,,0.49694109733919,,,,1,,
37.30575102553268,-121.8460537,95111,,0.36098921654606,,,,1,,
37.30575102553268,-121.8419813,95111,,0.11605151085700,,,,1,,
37.30575102553268,-121.8400337,95111,,0.11647329348804,,,,1,,
37.30575102553268,-121.8393237,95111,,0.15036861905235,,,,1,,
37.30575102553268,-121.8365813,95111,,0.32054679838644,,,,1,,
37.30575102553268,-121.8331791,95111,,0.54952880138197,,,,1,,
37.30575102553268,-121.8284136,95111,,0.87572010653373,,,,1,,
37.30575102553268,-121.8219048,95111,,1.32371467117489,,,,1,,
37.30575102553268,-121.8155377,95148,,1.41692987126204,,,,1,,
37.30575102553268,-121.8094612,95148,,1.05339234927219,,,,1,,
37.30575102553268,-121.8030754,95148,,0.73880303378811,,,,1,,
37.30575102553268,-121.8007075,95148,,0.66009971334722,,,,1,,
37.30575102553268,-121.7984606,95148,,0.61706230917621,,,,1,,
37.30575102553268,-121.7967971,95148,,0.60920403368192,,,,1,,
37.30575102553268,-121.7922298,95148,,0.69321265080483,,,,1,,
37.30575102553268,-121.7859229,95148,,0.97932493767773,,,,1,,
37.30575102553268,-121.7819207,95148,,1.20819418120690,,,,1,,
37.30575102553268,-121.7789309,95148,,1.39052205723579,,,,1,,
37.30575102553268,-121.7740314,95138,,1.61696332213619,,,,1,,
37.30575102553268,-121.7712355,95138,,1.73360703680750,,,,1,,
37.30575102553268,-121.7667304,95138,,1.94735114677728,,,,1,,
37.30575102553268,-121.7604974,95138,,2.28041296650740,,,,1,,
37.30575102553268,-121.7602884,95138,,2.29214464318464,,,,1,,
37.30575102553268,-121.7563227,95138,,2.52008782707338,,,,1,,
37.30575102553268,-121.7551582,95138,,2.58871928018185,,,,1,,
37.30575102553268,-121.7494689,95013,,2.89875459512678,,,,1,,
37.30575102553268,-121.7471239,95013,,2.88937294212913,,,,1,,
37.30723790874278,-122.0179562,95070,,0.97663016933512,,,,1,,
37.30723790874278,-122.0137933,95070,,0.96495939380768,,,,1,,
37.30723790874278,-122.0130552,95070,,0.97180258614975,,,,1,,
37.30723790874278,-122.0068015,95051,,1.03883006007171,,,,1,,
37.30723790874278,-122.0044053,95051,,0.92943984629244,,,,1,,
37.30723790874278,-122.0006829,95051,,0.79882835629106,,,,1,,
37.30723790874278,-121.9951860,95051,,0.73942253208478,,,,1,,
37.30723790874278,-121.9937163,95051,,0.75577654974149,,,,1,,
37.30723790874278,-121.9915830,95051,,0.80211562864565,,,,1,,
37.30723790874278,-121.9891461,95051,,0.88262595128554,,,,1,,
37.30723790874278,-121.9866225,95051,,0.98957659353865,,,,1,,
37.30723790874278,-121.9861469,95051,,1.01183416999526,,,,1,,
37.30723790874278,-121.9823199,95051,,1.19650579313262,,,,1,,
37.30723790874278,-121.9785005,95051,,1.16581700991487,,,,1,,
37.30723790874278,-121.9743147,95051,,1.19985903933540,,,,1,,
37.30723790874278,-121.9736873,95051,,1.21084701957803,,,,1,,
37.30723790874278,-121.9688551,95051,,1.34019601267499,,,,1,,
37.30723790874278,-121.9633931,95051,,1.56126911003841,,,,1,,
37.30723790874278,-121.9590329,95051,,1.77597335741694,,,,1,,
37.30723790874278,-121.9536553,95008,,1.46322539111238,,,,1,,
37.30723790874278,-121.9505364,95008,,1.26693641084553,,,,1,,
37.30723790874278,-121.9469652,95008,,1.05146643041327,,,,1,,
37.30723790874278,-121.9427241,95008,,0.81885289622304,,,,1,,
37.30723790874278,-121.9362022,95008,,0.58020189347888,,,,1,,
37.30723790874278,-121.9317986,95008,,0.58386746719644,,,,1,,
37.30723790874278,-121.9292316,95008,,0.65484411497492,,,,1,,
37.30723790874278,-121.9281685,95008,,0.69545480831305,,,,1,,
37.30723790874278,-121.9235070,95008,,0.92277502965314,,,,1,,
37.30723790874278,-121.9222392,95008,,0.99370575053147,,,,1,,
37.30723790874278,-121.9192477,95008,,1.17006143051613,,,,1,,
37.30723790874278,-121.9155569,95110,,1.18469740768817,,,,1,,
37.30723790874278,-121.9139179,95110,,1.10054005706197,,,,1,,
37.30723790874278,-121.9135507,95110,,1.08241331186585,,,,1,,
37.30723790874278,-121.9071067,95110,,0.82871285956520,,,,1,,
37.30723790874278,-121.9009759,95110,,0.77042742686631,,,,1,,
37.30723790874278,-121.8942768,95110,,0.94977491465141,,,,1,,
37.30723790874278,-121.8921712,95110,,1.04285978965281,,,,1,,
37.30723790874278,-121.8867673,95110,,1.32564772202028,,,,1,,
37.30723790874278,-121.8801703,95125,,0.88621607719352,,,,1,,
37.30723790874278,-121.8738440,95125,,0.45573617750035,,,,1,,
37.30723790874278,-121.8671709,95125,,0.11185805547046,,,,1,,
37.30723790874278,-121.8617714,95125,,0.40719758221852,,,,1,,
37.30723790874278,-121.8593185,95112,,0.45528417852935,,,,1,,
37.30723790874278,-121.8589856,95112,,0.44912263406012,,,,1,,
37.30723790874278,-121.8524032,95112,,0.55574855749788,,,,1,,
37.30723790874278,-121.8510874,95111,,0.56350579319874,,,,1,,
37.30723790874278,-121.8478988,95111,,0.49859876747397,,,,1,,
37.30723790874278,-121.8451873,95111,,0.32466889288070,,,,1,,
37.30723790874278,-121.8398713,95111,,0.16859907545589,,,,1,,
37.30723790874278,-121.8339352,95111,,0.51123944838405,,,,1,,
37.30723790874278,-121.8337519,95111,,0.52336809450558,,,,1,,
37.30723790874278,-121.8289467,95111,,0.84694583857069,,,,1,,
37.30723790874278,-121.8279268,95111,,0.91640300887348,,,,1,,
37.30723790874278,-121.8274555,95111,,0.94855006103925,,,,1,,
37.30723790874278,-121.8259363,95111,,1.05234890919465,,,,1,,
37.30723790874278,-121.8204284,95111,,1.43011241628103,,,,1,,
37.30723790874278,-121.8196709,95111,,1.48217895832513,,,,1,,
37.30723790874278,-121.8130852,95148,,1.24087146813793,,,,1,,
37.30723790874278,-121.8086308,95148,,0.97532889246233,,,,1,,
37.30723790874278,-121.8080674,95148,,0.94357306143054,,,,1,,
37.30723790874278,-121.8061386,95148,,0.83944344226870,,,,1,,
37.30723790874278,-121.8016554,95148,,0.64059681070186,,,,1,,
37.30723790874278,-121.7964545,95148,,0.55625629162545,,,,1,,
37.30723790874278,-121.7921191,95148,,0.65013118490794,,,,1,,
37.30723790874278,-121.7890943,95148,,0.77973027756673,,,,1,,
37.30723790874278,-121.7847862,95148,,1.01130454548000,,,,1,,
37.30723790874278,-121.7817211,95148,,1.19403820616183,,,,1,,
37.30723790874278,-121.7799608,95148,,1.30296640077533,,,,1,,
37.30723790874278,-121.7758650,95148,,1.56368319732199,,,,1,,
37.30723790874278,-121.7748268,95148,,1.63095060314761,,,,1,,
37.30723790874278,-121.7703606,95138,,1.81388887407943,,,,1,,
37.30723790874278,-121.7703546,95138,,1.81415598018100,,,,1,,
37.30723790874278,-121.7701531,95138,,1.82315831623450,,,,1,,
37.30723790874278,-121.7659036,95138,,2.02602297131072,,,,1,,
37.30723790874278,-121.7635767,95138,,2.14602152742270,,,,1,,
37.30723790874278,-121.7584778,95138,,2.42553695966389,,,,1,,
37.30723790874278,-121.7522021,95138,,2.79227227274895,,,,1,,
37.30723790874278,-121.7517593,95138,,2.81886584140434,,,,1,,
37.30933908411173,-122.0194963,95014,,0.92386902944920,,,,1,,
37.30933908411173,-122.0149850,95014,,0.99969127860450,,,,1,,
37.30933908411173,-122.0138411,95014,,1.03307817959760,,,,1,,
37.30933908411173,-122.0078450,95051,,1.04052438929506,,,,1,,
37.30933908411173,-122.0034003,95051,,0.82614212657264,,,,1,,
37.30933908411173,-122.0003101,95051,,0.71795131514448,,,,1,,
37.30933908411173,-121.9997722,95051,,0.70405452982773,,,,1,,
37.30933908411173,-121.9980096,95051,,0.67104278437642,,,,1,,
37.30933908411173,-121.9963535,95051,,0.65930158058272,,,,1,,
37.30933908411173,-121.9932613,95051,,0.68964920804889,,,,1,,
37.30933908411173,-121.9925588,95051,,0.70543892330841,,,,1,,
37.30933908411173,-121.9913890,95051,,0.73809363680892,,,,1,,
37.30933908411173,-121.9898169,95051,,0.79291359828049,,,,1,,
37.30933908411173,-121.9886674,95051,,0.83965303581612,,,,1,,
37.30933908411173,-121.9861658,95051,,0.95639148406606,,,,1,,
37.30933908411173,-121.9828862,95051,,1.13140756610884,,,,1,,
37.30933908411173,-121.9806112,95051,,1.09936179284169,,,,1,,
37.30933908411173,-121.9766196,95051,,1.09602016199483,,,,1,,
37.30933908411173,-121.9702493,95051,,1.22666532371364,,,,1,,
37.30933908411173,-121.9687318,95051,,1.27833593568508,,,,1,,
37.30933908411173,-121.9656708,95051,,1.40076536231948,,,,1,,
37.30933908411173,-121.9616129,95051,,1.59213413096374,,,,1,,
37.30933908411173,-121.9589926,95051,,1.72866371877957,,,,1,,
37.30933908411173,-121.9560350,95008,,1.64457477357406,,,,1,,
37.30933908411173,-121.9551763,95008,,1.59006282093217,,,,1,,
37.30933908411173,-121.9520460,95008,,1.39468213863533,,,,1,,
37.30933908411173,-121.9478712,95008,,1.14586197285765,,,,1,,
37.30933908411173,-121.9412377,95008,,0.80677462963458,,,,1,,
37.30933908411173,-121.9357423,95008,,0.64853902076517,,,,1,,
37.30933908411173,-121.9302520,95008,,0.69174103382161,,,,1,,
37.30933908411173,-121.9294752,95008,,0.71410194616551,,,,1,,
37.30933908411173,-121.9282438,95008,,0.75602995441829,,,,1,,
37.30933908411173,-121.9225826,95008,,1.02042327023188,,,,1,,
37.30933908411173,-121.9166827,95110,,1.19963483051193,,,,1,,
37.30933908411173,-121.9146299,95110,,1.08638995459003,,,,1,,
37.30933908411173,-121.9084650,95110,,0.80290896035837,,,,1,,
37.30933908411173,-121.9075697,95110,,0.77269812109564,,,,1,,
37.30933908411173,-121.9018047,95110,,0.68838829440422,,,,1,,
37.30933908411173,-121.9009763,95110,,0.69444626943668,,,,1,,
37.30933908411173,-121.8972199,95110,,0.77618928195143,,,,1,,
37.30933908411173,-121.8925170,95110,,0.97103990024228,,,,1,,
37.30933908411173,-121.8900356,95110,,1.09893823335062,,,,1,,
37.30933908411173,-121.8849518,95125,,1.22407919687062,,,,1,,
37.30933908411173,-121.8830102,95125,,1.09168463412917,,,,1,,
37.30933908411173,-121.8827368,95125,,1.07307715175825,,,,1,,
37.30933908411173,-121.8766297,95125,,0.66163646715922,,,,1,,
37.30933908411173,-121.8754451,95125,,0.58357545180509,,,,1,,
37.30933908411173,-121.8746745,95125,,0.53340624208066,,,,1,,
37.30933908411173,-121.8729182,95125,,0.42189222883012,,,,1,,
37.30933908411173,-121.8669467,95125,,0.19003862506845,,,,1,,
37.30933908411173,-121.8636267,95125,,0.32328927521836,,,,1,,
37.30933908411173,-121.8594622,95112,,0.38617881790460,,,,1,,
37.30933908411173,-121.8549691,95112,,0.39624498451004,,,,1,,
37.30933908411173,-121.8485393,95111,,0.56689997919338,,,,1,,
37.30933908411173,-121.8462774,95111,,0.42806109474178,,,,1,,
37.30933908411173,-121.8431955,95111,,0.27138331981047,,,,1,,
37.30933908411173,-121.8389999,95111,,0.26503114178660,,,,1,,
37.30933908411173,-121.8326096,95111,,0.62292140107904,,,,1,,
37.30933908411173,-121.8263053,95111,,1.04098410150182,,,,1,,
37.30933908411173,-121.8251121,95111,,1.12161410590633,,,,1,,
37.30933908411173,-121.8186372,95111,,1.56246353236455,,,,1,,
37.30933908411173,-121.8177916,95148,,1.51271606462652,,,,1,,
37.30933908411173,-121.8130300,95148,,1.20508547181449,,,,1,,
37.30933908411173,-121.8067397,95148,,0.82440978348886,,,,1,,
37.30933908411173,-121.8010044,95148,,0.55184704913403,,,,1,,
37.30933908411173,-121.7943161,95148,,0.51362677451858,,,,1,,
37.30933908411173,-121.7916313,95148,,0.60631252179960,,,,1,,
37.30933908411173,-121.7858489,95148,,0.90826298876775,,,,1,,
37.30933908411173,-121.7807736,95148,,1.22042901822172,,,,1,,
37.30933908411173,-121.7774399,95148,,1.43518960112510,,,,1,,
37.30933908411173,-121.7730478,95148,,1.72428826799590,,,,1,,
37.30933908411173,-121.7721792,95148,,1.78202825167150,,,,1,,
37.30933908411173,-121.7684852,95138,,1.95646957962481,,,,1,,
37.30933908411173,-121.7653036,95138,,2.10875224545070,,,,1,,
37.30933908411173,-121.7606685,95138,,2.34982976222739,,,,1,,
37.30933908411173,-121.7597069,95138,,2.40216295929858,,,,1,,
37.30933908411173,-121.7544351,95138,,2.70012294473977,,,,1,,
37.30933908411173,-121.7483034,95013,,3.02320639229526,,,,1,,
37.30950652950614,-122.0189576,95014,,0.92167007045367,,,,1,,
37.30950652950614,-122.0124787,95070,,1.06052104214174,,,,1,,
37.30950652950614,-122.0124331,95070,,1.06110561806880,,,,1,,
37.30950652950614,-122.0116847,95070,,1.07197837180014,,,,1,,
37.30950652950614,-122.0092068,95051,,1.11130840354527,,,,1,,
37.30950652950614,-122.0045937,95051,,0.87371999476081,,,,1,,
37.30950652950614,-121.9982022,95051,,0.66765968967700,,,,1,,
37.30950652950614,-121.9981695,95051,,0.66719371882392,,,,1,,
37.30950652950614,-121.9914937,95051,,0.72937426052016,,,,1,,
37.30950652950614,-121.9866030,95051,,0.93042428678805,,,,1,,
37.30950652950614,-121.9844561,95051,,1.04130420084692,,,,1,,
37.30950652950614,-121.9809329,95051,,1.09658769157613,,,,1,,
37.30950652950614,-121.9767079,95051,,1.08925223391577,,,,1,,
37.30950652950614,-121.9765525,95051,,1.09047270942543,,,,1,,
37.30950652950614,-121.9756667,95051,,1.09940814207444,,,,1,,
37.30950652950614,-121.9750575,95051,,1.10747641470297,,,,1,,
37.30950652950614,-121.9705079,95051,,1.21307020053795,,,,1,,
37.30950652950614,-121.9648943,95051,,1.43048044159985,,,,1,,
37.30950652950614,-121.9634890,95051,,1.49574275078620,,,,1,,
37.30950652950614,-121.9596533,95051,,1.68951960448479,,,,1,,
37.30950652950614,-121.9593114,95051,,1.70772174912956,,,,1,,
37.30950652950614,-121.9583068,95051,,1.76194977292064,,,,1,,
37.30950652950614,-121.9532635,95008,,1.47264788828408,,,,1,,
37.30950652950614,-121.9484117,95008,,1.18038918255387,,,,1,,
37.30950652950614,-121.9437477,95008,,0.92728494051077,,,,1,,
37.30950652950614,-121.9383411,95008,,0.70810868717226,,,,1,,
37.30950652950614,-121.9370449,95008,,0.67599235047651,,,,1,,
37.30950652950614,-121.9324309,95008,,0.65492760961458,,,,1,,
37.30950652950614,-121.9290504,95008,,0.73309059421344,,,,1,,
37.30950652950614,-121.9227700,95008,,1.01423326522769,,,,1,,
37.30950652950614,-121.9165253,95110,,1.18721645629247,,,,1,,
37.30950652950614,-121.9105442,95110,,0.88111895026653,,,,1,,
37.30950652950614,-121.9084000,95110,,0.79535188721926,,,,1,,
37.30950652950614,-121.9050321,95110,,0.70382809362148,,,,1,,
37.30950652950614,-121.9022347,95110,,0.68099222230995,,,,1,,
37.30950652950614,-121.8977000,95110,,0.75579974074172,,,,1,,
37.30950652950614,-121.8943543,95110,,0.88114430343137,,,,1,,
37.30950652950614,-121.8929631,95110,,0.94509111058935,,,,1,,
37.30950652950614,-121.8915492,95110,,1.01529347568098,,,,1,,
37.30950652950614,-121.8868819,95110,,1.27304004532753,,,,1,,
37.30950652950614,-121.8859509,95125,,1.29324611699507,,,,1,,
37.30950652950614,-121.8828520,95125,,1.08198982880226,,,,1,,
37.30950652950614,-121.8814968,95125,,0.98999164909771,,,,1,,
37.30950652950614,-121.8756713,95125,,0.60033936294273,,,,1,,
37.30950652950614,-121.8693722,95125,,0.23451895606979,,,,1,,
37.30950652950614,-121.8674934,95125,,0.19304070647458,,,,1,,
37.30950652950614,-121.8642162,95125,,0.29496771765476,,,,1,,
37.30950652950614,-121.8636541,95125,,0.32533236445980,,,,1,,
37.30950652950614,-121.8595606,95112,,0.38310862939275,,,,1,,
37.30950652950614,-121.8582788,95112,,0.35799713546635,,,,1,,
37.30950652950614,-121.8552831,95112,,0.38190110337520,,,,1,,
37.30950652950614,-121.8542162,95112,,0.41574249699933,,,,1,,
37.30950652950614,-121.8482217,95111,,0.54938401384983,,,,1,,
37.30950652950614,-121.8420412,95111,,0.24236720427539,,,,1,,
37.30950652950614,-121.8407931,95111,,0.23220877638911,,,,1,,
37.30950652950614,-121.8341428,95111,,0.52822429385003,,,,1,,
37.30950652950614,-121.8308528,95111,,0.73927237076600,,,,1,,
37.30950652950614,-121.8274182,95111,,0.96750001141055,,,,1,,
37.30950652950614,-121.8220721,95111,,1.32909974277608,,,,1,,
37.30950652950614,-121.8218970,95111,,1.34101510311253,,,,1,,
37.30950652950614,-121.8172678,95148,,1.47646198552610,,,,1,,
37.30950652950614,-121.8109589,95148,,1.07253806237550,,,,1,,
37.30950652950614,-121.8050479,95148,,0.72838284720002,,,,1,,
37.30950652950614,-121.7998529,95148,,0.51116322542200,,,,1,,
37.30950652950614,-121.7941118,95148,,0.51331932895293,,,,1,,
37.30950652950614,-121.7897624,95148,,0.68899243041560,,,,1,,
37.30950652950614,-121.7844859,95148,,0.98663396588982,,,,1,,
37.30950652950614,-121.7833069,95148,,1.05887895514988,,,,1,,
37.30950652950614,-121.7801669,95148,,1.25680066904112,,,,1,,
37.30950652950614,-121.7756453,95148,,1.55078501024699,,,,1,,
37.30950652950614,-121.7733871,95148,,1.70007369545850,,,,1,,
37.30950652950614,-121.7677683,95138,,1.99416628733082,,,,1,,
37.30950652950614,-121.7624912,95138,,2.25663805424864,,,,1,,
37.30950652950614,-121.7596096,95138,,2.41120486814368,,,,1,,
37.30950652950614,-121.7590216,95138,,2.44353690324725,,,,1,,
37.30950652950614,-121.7528814,95138,,2.79413922719081,,,,1,,
37.30950652950614,-121.7463323,95013,,3.02478050630700,,,,1,,
37.30950652950614,-121.7406325,95013,,3.04617653536788,,,,1,,
37.30981284542376,-122.0208378,95014,,0.90332431488252,,,,1,,
37.30981284542376,-122.0186363,95014,,0.91361429523656,,,,1,,
37.30981284542376,-122.0182959,95014,,0.91744923978780,,,,1,,
37.30981284542376,-122.0121133,95070,,1.07643772376727,,,,1,,
37.30981284542376,-122.0060423,95051,,0.93545217126041,,,,1,,
37.30981284542376,-122.0038981,95051,,0.83389274457524,,,,1,,
37.30981284542376,-122.0014575,95051,,0.73774560205302,,,,1,,
37.30981284542376,-121.9992789,95051,,0.67633501248559,,,,1,,
37.30981284542376,-121.9959709,95051,,0.64204871176318,,,,1,,
37.30981284542376,-121.9904493,95051,,0.75468444077423,,,,1,,
37.30981284542376,-121.9859620,95051,,0.95490157510271,,,,1,,
37.30981284542376,-121.9793185,95051,,1.07336197252876,,,,1,,
37.30981284542376,-121.9776267,95051,,1.07298893790239,,,,1,,
37.30981284542376,-121.9734064,95051,,1.12624825257669,,,,1,,
37.30981284542376,-121.9733529,95051,,1.12739151893582,,,,1,,
37.30981284542376,-121.9670619,95051,,1.32836186273088,,,,1,,
37.30981284542376,-121.9637690,95051,,1.47429730107887,,,,1,,
37.30981284542376,-121.9586846,95051,,1.73448604067337,,,,1,,
37.30981284542376,-121.9520730,95008,,1.40434784982587,,,,1,,
37.30981284542376,-121.9494347,95008,,1.24606226966348,,,,1,,
37.30981284542376,-121.9487093,95008,,1.20373320802837,,,,1,,
37.30981284542376,-121.9422975,95008,,0.86653538314945,,,,1,,
37.30981284542376,-121.9358899,95008,,0.66740829998312,,,,1,,
37.30981284542376,-121.9294687,95008,,0.72982151048934,,,,1,,
37.30981284542376,-121.9261673,95008,,0.85482596689343,,,,1,,
37.30981284542376,-121.9203055,95008,,1.15710554164864,,,,1,,
37.30981284542376,-121.9187732,95008,,1.24577892733591,,,,1,,
37.30981284542376,-121.9127406,95110,,0.97676264848333,,,,1,,
37.30981284542376,-121.9107357,95110,,0.88104398214431,,,,1,,
37.30981284542376,-121.9071875,95110,,0.74538647738592,,,,1,,
37.30981284542376,-121.9044222,95110,,0.68337601308969,,,,1,,
37.30981284542376,-121.8986485,95110,,0.71931009161216,,,,1,,
37.30981284542376,-121.8980281,95110,,0.73604548079410,,,,1,,
37.30981284542376,-121.8913876,95110,,1.01620118977647,,,,1,,
37.30981284542376,-121.8871428,95110,,1.25182772546794,,,,1,,
37.30981284542376,-121.8813057,95125,,0.97931351234423,,,,1,,
37.30981284542376,-121.8775554,95125,,0.72788001374386,,,,1,,
37.30981284542376,-121.8771599,95125,,0.70169107535084,,,,1,,
37.30981284542376,-121.8711422,95125,,0.32707933692346,,,,1,,
37.30981284542376,-121.8707879,95125,,0.30833332029259,,,,1,,
37.30981284542376,-121.8681531,95125,,0.20997744424391,,,,1,,
37.30981284542376,-121.8676435,95125,,0.20464893558433,,,,1,,
37.30981284542376,-121.8645252,95125,,0.28701056393671,,,,1,,
37.30981284542376,-121.8592828,95112,,0.36558045129453,,,,1,,
37.30981284542376,-121.8544699,95112,,0.39709053578476,,,,1,,
37.30981284542376,-121.8478387,95111,,0.53052640703469,,,,1,,
37.30981284542376,-121.8461611,95111,,0.43075074010842,,,,1,,
37.30981284542376,-121.8419526,95111,,0.25141339628039,,,,1,,
37.30981284542376,-121.8390364,95111,,0.27863377859753,,,,1,,
37.30981284542376,-121.8387308,95111,,0.28956799195273,,,,1,,
37.30981284542376,-121.8379329,95111,,0.32291601073208,,,,1,,
37.30981284542376,-121.8352703,95111,,0.46521530118346,,,,1,,
37.30981284542376,-121.8339766,95111,,0.54346466147652,,,,1,,
37.30981284542376,-121.8287591,95111,,0.88083631032525,,,,1,,
37.30981284542376,-121.8228689,95111,,1.27699764912046,,,,1,,
37.30981284542376,-121.8212850,95111,,1.38460003600934,,,,1,,
37.30981284542376,-121.8210912,95111,,1.39778548800548,,,,1,,
37.30981284542376,-121.8169744,95148,,1.45369027235305,,,,1,,
37.30981284542376,-121.8130140,95148,,1.19731955170689,,,,1,,
37.30981284542376,-121.8063995,95148,,0.79525354449958,,,,1,,
37.30981284542376,-121.8047845,95148,,0.70730179278998,,,,1,,
37.30981284542376,-121.8017640,95148,,0.56565362701523,,,,1,,
37.30981284542376,-121.7955688,95148,,0.47193746619814,,,,1,,
37.30981284542376,-121.7920172,95148,,0.57641677495586,,,,1,,
37.30981284542376,-121.7907287,95148,,0.63385290442660,,,,1,,
37.30981284542376,-121.7886883,95148,,0.73775099604393,,,,1,,
37.30981284542376,-121.7875133,95148,,0.80273290669097,,,,1,,
37.30981284542376,-121.7856706,95148,,0.90989977920852,,,,1,,
37.30981284542376,-121.7823974,95148,,1.11080456682391,,,,1,,
37.30981284542376,-121.7781757,95148,,1.38150895113400,,,,1,,
37.30981284542376,-121.7731036,95148,,1.71587182299760,,,,1,,
37.30981284542376,-121.7706117,95138,,1.87580885686550,,,,1,,
37.30981284542376,-121.7682438,95138,,1.98043186413493,,,,1,,
37.30981284542376,-121.7640834,95138,,2.18189160912330,,,,1,,
37.30981284542376,-121.7639881,95138,,2.18673166156039,,,,1,,
37.30981284542376,-121.7630012,95138,,2.23737786612716,,,,1,,
37.30981284542376,-121.7613691,95138,,2.32310518614671,,,,1,,
37.30981284542376,-121.7560279,95138,,2.61803236236535,,,,1,,
37.31250309961132,-122.0164203,95014,,0.85553312365704,,,,1,,
37.31250309961132,-122.0155583,95014,,0.87755910802745,,,,1,,
37.31250309961132,-122.0108147,95014,,1.05220423402948,,,,1,,
37.31250309961132,-122.0084087,95051,,1.00377652306675,,,,1,,
37.31250309961132,-122.0083841,95051,,1.00234772827347,,,,1,,
37.31250309961132,-122.0076553,95051,,0.96041881267779,,,,1,,
37.31250309961132,-122.0068982,95051,,0.91775984364199,,,,1,,
37.31250309961132,-122.0023431,95051,,0.68975661397771,,,,1,,
37.31250309961132,-121.9980400,95051,,0.55813454976919,,,,1,,
37.31250309961132,-121.9948812,95051,,0.55088999315028,,,,1,,
37.31250309961132,-121.9921640,95051,,0.61057281632044,,,,1,,
37.31250309961132,-121.9919564,95051,,0.61724737554402,,,,1,,
37.31250309961132,-121.9854625,95051,,0.91930706930533,,,,1,,
37.31250309961132,-121.9792305,95051,,0.97472555620457,,,,1,,
37.31250309961132,-121.9739378,95051,,1.02130144200038,,,,1,,
37.31250309961132,-121.9732643,95051,,1.03637430052390,,,,1,,
37.31250309961132,-121.9718348,95051,,1.07436222344277,,,,1,,
37.31250309961132,-121.9662457,95051,,1.28648572489609,,,,1,,
37.31250309961132,-121.9606203,95051,,1.56853186755180,,,,1,,
37.31250309961132,-121.9564178,95008,,1.71658346595335,,,,1,,
37.31250309961132,-121.9526602,95008,,1.48772467786750,,,,1,,
37.31250309961132,-121.9475342,95008,,1.19597253163237,,,,1,,
37.31250309961132,-121.9446423,95008,,1.04848969498356,,,,1,,
37.31250309961132,-121.9429937,95008,,0.97281230878557,,,,1,,
37.31250309961132,-121.9376315,95008,,0.79266357956299,,,,1,,
37.31250309961132,-121.9319262,95008,,0.76902127136669,,,,1,,
37.31250309961132,-121.9305134,95008,,0.79389235633875,,,,1,,
37.31250309961132,-121.9257682,95008,,0.94886130744347,,,,1,,
37.31250309961132,-121.9250911,95008,,0.97795913869124,,,,1,,
37.31250309961132,-121.9210412,95008,,1.17607492764055,,,,1,,
37.31250309961132,-121.9182061,95110,,1.22955298087005,,,,1,,
37.31250309961132,-121.9141181,95110,,0.98819587803369,,,,1,,
37.31250309961132,-121.9100654,95110,,0.77678977678146,,,,1,,
37.31250309961132,-121.9086025,95110,,0.71220679660371,,,,1,,
37.31250309961132,-121.9073653,95110,,0.66472590793207,,,,1,,
37.31250309961132,-121.9059869,95110,,0.62147780773349,,,,1,,
37.31250309961132,-121.9049637,95110,,0.59722310272202,,,,1,,
37.31250309961132,-121.8986795,95110,,0.62799732778953,,,,1,,
37.31250309961132,-121.8976000,95110,,0.66242773332478,,,,1,,
37.31250309961132,-121.8947873,95110,,0.77900198505495,,,,1,,
37.31250309961132,-121.8916075,95110,,0.94222397982340,,,,1,,
37.31250309961132,-121.8906745,95110,,0.99425315635371,,,,1,,
37.31250309961132,-121.8847763,95125,,1.23518170226044,,,,1,,
37.31250309961132,-121.8781538,95125,,0.79938717017509,,,,1,,
37.31250309961132,-121.8762757,95125,,0.68102471949938,,,,1,,
37.31250309961132,-121.8716268,95125,,0.41824614539123,,,,1,,
37.31250309961132,-121.8704076,95125,,0.36514637572160,,,,1,,
37.31250309961132,-121.8696010,95125,,0.33706524921170,,,,1,,
37.31250309961132,-121.8636734,95125,,0.39910801163432,,,,1,,
37.31250309961132,-121.8620258,95112,,0.40185736547905,,,,1,,
37.31250309961132,-121.8567096,95112,,0.24813621531413,,,,1,,
37.31250309961132,-121.8506455,95112,,0.52639317570062,,,,1,,
37.31250309961132,-121.8494422,95112,,0.60133785123092,,,,1,,
37.31250309961132,-121.8475641,95111,,0.56673200178198,,,,1,,
37.31250309961132,-121.8439411,95111,,0.39647937184703,,,,1,,
37.31250309961132,-121.8416824,95111,,0.34407610423704,,,,1,,
37.31250309961132,-121.8366144,95111,,0.45672502904720,,,,1,,
37.31250309961132,-121.8339150,95111,,0.59728929484787,,,,1,,
37.31250309961132,-121.8331765,95111,,0.63985075572306,,,,1,,
37.31250309961132,-121.8267497,95111,,1.04283235972271,,,,1,,
37.31250309961132,-121.8225014,95111,,1.32373108645878,,,,1,,
37.31250309961132,-121.8178873,95148,,1.48671892899712,,,,1,,
37.31250309961132,-121.8135919,95148,,1.20109899020622,,,,1,,
37.31250309961132,-121.8123367,95148,,1.11873489507000,,,,1,,
37.31250309961132,-121.8071771,95148,,0.79005045997946,,,,1,,
37.31250309961132,-121.8048700,95148,,0.65260413740242,,,,1,,
37.31250309961132,-121.8017611,95148,,0.48896240787133,,,,1,,
37.31250309961132,-121.7986438,95148,,0.38005139555394,,,,1,,
37.31250309961132,-121.7927436,95148,,0.46832444816478,,,,1,,
37.31250309961132,-121.7865442,95148,,0.81003014667412,,,,1,,
37.31250309961132,-121.7859738,95148,,0.84544477975166,,,,1,,
37.31250309961132,-121.7815668,95148,,1.12804093656270,,,,1,,
37.31250309961132,-121.7752751,95148,,1.54598391495327,,,,1,,
37.31250309961132,-121.7711546,95148,,1.82395974786700,,,,1,,
37.31250309961132,-121.7696810,95148,,1.92384995020177,,,,1,,
37.31250309961132,-121.7652008,95138,,2.19514477340068,,,,1,,
37.31250309961132,-121.7637152,95138,,2.26765749502315,,,,1,,
37.31250309961132,-121.7628794,95138,,2.30945823579871,,,,1,,
37.31321871596715,-122.0157924,95014,,0.84707829978294,,,,1,,
37.31321871596715,-122.0094494,95051,,1.05181941640948,,,,1,,
37.31321871596715,-122.0086509,95051,,1.00414164231644,,,,1,,
37.31321871596715,-122.0060721,95051,,0.85633543183515,,,,1,,
37.31321871596715,-122.0020045,95051,,0.65470584724246,,,,1,,
37.31321871596715,-121.9992116,95051,,0.55760983374643,,,,1,,
37.31321871596715,-121.9990903,95051,,0.55453051763734,,,,1,,
37.31321871596715,-121.9985529,95051,,0.54223787566272,,,,1,,
37.31321871596715,-121.9957212,95051,,0.51819942714178,,,,1,,
37.31321871596715,-121.9945634,95051,,0.52930286024961,,,,1,,
37.31321871596715,-121.9913023,95051,,0.61783809146477,,,,1,,
37.31321871596715,-121.9856699,95051,,0.89235585907935,,,,1,,
37.31321871596715,-121.9811337,95051,,0.96527834054208,,,,1,,
37.31321871596715,-121.9748127,95051,,0.97926426127733,,,,1,,
37.31321871596715,-121.9747613,95051,,0.98017522988431,,,,1,,
37.31321871596715,-121.9742040,95051,,0.99081617586745,,,,1,,
37.31321871596715,-121.9682305,95051,,1.18016171820060,,,,1,,
37.31321871596715,-121.9633321,95051,,1.40859086990040,,,,1,,
37.31321871596715,-121.9614415,95051,,1.50786197811241,,,,1,,
37.31321871596715,-121.9561196,95008,,1.70988222116747,,,,1,,
37.31321871596715,-121.9560473,95008,,1.70543858662014,,,,1,,
37.31321871596715,-121.9508118,95008,,1.39363511760557,,,,1,,
37.31321871596715,-121.9500658,95008,,1.35123510982381,,,,1,,
37.31321871596715,-121.9499122,95008,,1.34258448896726,,,,1,,
37.31321871596715,-121.9434705,95008,,1.01394419934968,,,,1,,
37.31321871596715,-121.9431210,95008,,0.99869750500118,,,,1,,
37.31321871596715,-121.9427222,95008,,0.98173664385506,,,,1,,
37.31321871596715,-121.9367934,95008,,0.80221850902405,,,,1,,
37.31321871596715,-121.9307588,95008,,0.81380429448263,,,,1,,
37.31321871596715,-121.9250467,95008,,1.00017953090389,,,,1,,
37.31321871596715,-121.9218636,95008,,1.15062722737807,,,,1,,
37.31321871596715,-121.9213658,95008,,1.17613618170421,,,,1,,
37.31321871596715,-121.9193237,95110,,1.25925807400822,,,,1,,
37.31321871596715,-121.9160901,95110,,1.08886350732581,,,,1,,
37.31321871596715,-121.9097833,95110,,0.74436639726866,,,,1,,
37.31321871596715,-121.9059386,95110,,0.59618024817599,,,,1,,
37.31321871596715,-121.9013712,95110,,0.55034688659616,,,,1,,
37.31321871596715,-121.8955874,95110,,0.72262154403240,,,,1,,
37.31321871596715,-121.8955568,95110,,0.72401078171629,,,,1,,
37.31321871596715,-121.8932020,95110,,0.84003970631414,,,,1,,
37.31321871596715,-121.8931165,95110,,0.84454249612699,,,,1,,
37.31321871596715,-121.8902114,95110,,1.00621316945460,,,,1,,
37.31321871596715,-121.8872285,95110,,1.18471370226889,,,,1,,
37.31321871596715,-121.8842985,95125,,1.21002496492553,,,,1,,
37.31321871596715,-121.8825426,95125,,1.09374718277888,,,,1,,
37.31321871596715,-121.8788419,95125,,0.85330047785951,,,,1,,
37.31321871596715,-121.8778698,95125,,0.79172774747757,,,,1,,
37.31321871596715,-121.8752448,95125,,0.63119008389739,,,,1,,
37.31321871596715,-121.8727427,95125,,0.49184695937878,,,,1,,
37.31321871596715,-121.8713575,95125,,0.42542764353673,,,,1,,
37.31321871596715,-121.8709382,95125,,0.40762636847172,,,,1,,
37.31321871596715,-121.8694149,95125,,0.35554607221635,,,,1,,
37.31321871596715,-121.8691057,95125,,0.34792321385542,,,,1,,
37.31321871596715,-121.8667442,95125,,0.33197451707456,,,,1,,
37.31321871596715,-121.8660944,95125,,0.34141728817269,,,,1,,
37.31321871596715,-121.8623619,95112,,0.40601134120280,,,,1,,
37.31321871596715,-121.8558622,95112,,0.24197688156409,,,,1,,
37.31321871596715,-121.8531526,95112,,0.36521437394401,,,,1,,
37.31321871596715,-121.8525818,95112,,0.39759881554761,,,,1,,
37.31321871596715,-121.8469133,95111,,0.54860221689324,,,,1,,
37.31321871596715,-121.8449901,95111,,0.45853730218921,,,,1,,
37.31321871596715,-121.8392080,95111,,0.38763313424847,,,,1,,
37.31321871596715,-121.8378875,95111,,0.42583709148330,,,,1,,
37.31321871596715,-121.8312798,95111,,0.76613954583907,,,,1,,
37.31321871596715,-121.8286261,95111,,0.93124484790542,,,,1,,
37.31321871596715,-121.8228449,95111,,1.30788735109682,,,,1,,
37.31321871596715,-121.8172448,95148,,1.43737287123841,,,,1,,
37.31321871596715,-121.8167405,95148,,1.40352271754826,,,,1,,
37.31321871596715,-121.8149370,95148,,1.28290268598787,,,,1,,
37.31321871596715,-121.8108726,95148,,1.01461971785749,,,,1,,
37.31321871596715,-121.8072985,95148,,0.78598363716686,,,,1,,
37.31321871596715,-121.8012655,95148,,0.44675021817227,,,,1,,
37.31321871596715,-121.7954960,95148,,0.35324458568174,,,,1,,
37.31321871596715,-121.7925784,95148,,0.45603203786295,,,,1,,
37.31321871596715,-121.7897331,95148,,0.60611492743440,,,,1,,
37.31321871596715,-121.7897084,95148,,0.60753403139237,,,,1,,
37.31321871596715,-121.7884809,95148,,0.67972646553398,,,,1,,
37.31321871596715,-121.7842059,95148,,0.94762167155703,,,,1,,
37.314635535855686,-122.0184537,95014,,0.74187739093029,,,,1,,
37.314635535855686,-122.0155675,95014,,0.80626162839496,,,,1,,
37.314635535855686,-122.0146606,95014,,0.83534536890051,,,,1,,
37.314635535855686,-122.0129218,95014,,0.90072518371947,,,,1,,
37.314635535855686,-122.0117575,95014,,0.95049786572591,,,,1,,
37.314635535855686,-122.0076859,95051,,0.92031670913265,,,,1,,
37.314635535855686,-122.0020539,95051,,0.61678248846056,,,,1,,
37.314635535855686,-122.0019421,95051,,0.61173927714314,,,,1,,
37.314635535855686,-122.0010867,95051,,0.57512677042937,,,,1,,
37.314635535855686,-121.9998966,95051,,0.53097713228337,,,,1,,
37.314635535855686,-121.9995987,95051,,0.52137243171813,,,,1,,
37.314635535855686,-121.9930372,95051,,0.51389912116033,,,,1,,
37.314635535855686,-121.9916247,95051,,0.56231931761654,,,,1,,
37.314635535855686,-121.9878828,95051,,0.73914661082242,,,,1,,
37.314635535855686,-121.9837945,95051,,0.96896821785492,,,,1,,
37.314635535855686,-121.9802187,95051,,0.90364421969528,,,,1,,
37.314635535855686,-121.9768472,95051,,0.90170231355246,,,,1,,
37.314635535855686,-121.9701857,95051,,1.06077400217057,,,,1,,
37.314635535855686,-121.9637935,95051,,1.35025442695294,,,,1,,
37.314635535855686,-121.9630628,95051,,1.38845948227614,,,,1,,
37.314635535855686,-121.9602300,95051,,1.54326273077484,,,,1,,
37.314635535855686,-121.9591009,95051,,1.60745448372846,,,,1,,
37.314635535855686,-121.9527305,95008,,1.53280988610834,,,,1,,
37.314635535855686,-121.9502587,95008,,1.39246465465208,,,,1,,
37.314635535855686,-121.9451952,95008,,1.13142242966177,,,,1,,
37.314635535855686,-121.9428799,95008,,1.02977061391740,,,,1,,
37.314635535855686,-121.9409898,95008,,0.95866277164946,,,,1,,
37.314635535855686,-121.9374964,95008,,0.86457784457906,,,,1,,
37.314635535855686,-121.9347083,95008,,0.83319019404571,,,,1,,
37.314635535855686,-121.9281398,95008,,0.92849118393521,,,,1,,
37.314635535855686,-121.9215915,95110,,1.19435340660737,,,,1,,
37.314635535855686,-121.9155231,95110,,1.02934105830724,,,,1,,
37.314635535855686,-121.9151347,95110,,1.00587189351296,,,,1,,
37.314635535855686,-121.9102876,95110,,0.73270204576157,,,,1,,
37.314635535855686,-121.9038534,95110,,0.50297189099536,,,,1,,
37.314635535855686,-121.8992826,95110,,0.53989338943851,,,,1,,
37.314635535855686,-121.8974787,95110,,0.60131859718655,,,,1,,
37.314635535855686,-121.8915037,95110,,0.90315218135295,,,,1,,
37.314635535855686,-121.8863470,95110,,1.21723513737261,,,,1,,
37.314635535855686,-121.8852693,95110,,1.28566052946068,,,,1,,
37.314635535855686,-121.8818426,95125,,1.06505263705668,,,,1,,
37.314635535855686,-121.8818297,95125,,1.06422002903589,,,,1,,
37.314635535855686,-121.8752140,95125,,0.65783100247816,,,,1,,
37.314635535855686,-121.8696235,95125,,0.40886567365924,,,,1,,
37.314635535855686,-121.8653978,95125,,0.40556225493214,,,,1,,
37.314635535855686,-121.8650106,95125,,0.41564646665017,,,,1,,
37.314635535855686,-121.8583089,95112,,0.17725599268355,,,,1,,
37.314635535855686,-121.8554156,95112,,0.21508917206454,,,,1,,
37.314635535855686,-121.8513063,95112,,0.45247633179532,,,,1,,
37.314635535855686,-121.8511127,95112,,0.46494965130349,,,,1,,
37.314635535855686,-121.8490217,95112,,0.60214746296974,,,,1,,
37.314635535855686,-121.8486860,95112,,0.62448012151052,,,,1,,
37.314635535855686,-121.8432253,95111,,0.44573277414857,,,,1,,
37.314635535855686,-121.8386095,95111,,0.45039962435420,,,,1,,
37.314635535855686,-121.8374777,95111,,0.48471010708567,,,,1,,
37.314635535855686,-121.8329066,95111,,0.69927689909189,,,,1,,
37.314635535855686,-121.8263490,95111,,1.09629567456204,,,,1,,
37.314635535855686,-121.8227961,95111,,1.32650156632003,,,,1,,
37.314635535855686,-121.8213139,95111,,1.42404968935770,,,,1,,
37.314635535855686,-121.8168302,95148,,1.39809383189306,,,,1,,
37.314635535855686,-121.8160092,95148,,1.34261041071898,,,,1,,
37.314635535855686,-121.8154064,95148,,1.30194136607795,,,,1,,
37.314635535855686,-121.8147052,95148,,1.25471472500027,,,,1,,
37.314635535855686,-121.8104966,95148,,0.97379213902148,,,,1,,
37.314635535855686,-121.8088011,95148,,0.86247112431395,,,,1,,
37.314635535855686,-121.8041006,95148,,0.56629627538628,,,,1,,
37.314635535855686,-121.8024093,95148,,0.46909012829853,,,,1,,
37.314635535855686,-121.7984487,95148,,0.30205017734674,,,,1,,
37.314635535855686,-121.7976130,95148,,0.28843037703639,,,,1,,
37.314635535855686,-121.7915580,95148,,0.47342276777129,,,,1,,
37.314635535855686,-121.7888339,95148,,0.63381223668517,,,,1,,
37.314635535855686,-121.7846145,95148,,0.90369672029358,,,,1,,
37.314635535855686,-121.7817927,95148,,1.09042942848796,,,,1,,
37.314635535855686,-121.7780959,95148,,1.33862849520969,,,,1,,
37.314635535855686,-121.7723026,95148,,1.73182511569176,,,,1,,
37.314635535855686,-121.7714568,95148,,1.78949397228833,,,,1,,
37.314635535855686,-121.7663808,95148,,2.13647272723193,,,,1,,
37.314635535855686,-121.7623594,95138,,2.38892490616055,,,,1,,
37.314978901292896,-122.0170790,95014,,0.75486289911840,,,,1,,
37.314978901292896,-122.0167617,95014,,0.76226612868976,,,,1,,
37.314978901292896,-122.0131820,95014,,0.87998112010238,,,,1,,
37.314978901292896,-122.0095630,95051,,1.02870648115031,,,,1,,
37.314978901292896,-122.0090657,95051,,0.99796536630156,,,,1,,
37.314978901292896,-122.0081408,95051,,0.94145788703378,,,,1,,
37.314978901292896,-122.0046536,95051,,0.73932548056563,,,,1,,
37.314978901292896,-121.9990006,95051,,0.49249685608120,,,,1,,
37.314978901292896,-121.9981394,95051,,0.47224791666145,,,,1,,
37.314978901292896,-121.9961943,95051,,0.45272286958580,,,,1,,
37.314978901292896,-121.9940242,95051,,0.47691377913758,,,,1,,
37.314978901292896,-121.9894020,95051,,0.65210664459211,,,,1,,
37.314978901292896,-121.9837494,95051,,0.95616779857278,,,,1,,
37.314978901292896,-121.9822205,95051,,0.92069077685994,,,,1,,
37.314978901292896,-121.9765873,95051,,0.89160977984275,,,,1,,
37.314978901292896,-121.9707380,95051,,1.03000893709434,,,,1,,
37.314978901292896,-121.9641790,95051,,1.32201077707371,,,,1,,
37.314978901292896,-121.9606693,95051,,1.51126927311616,,,,1,,
37.314978901292896,-121.9541440,95008,,1.62220661753399,,,,1,,
37.314978901292896,-121.9504095,95008,,1.40832752338146,,,,1,,
37.314978901292896,-121.9489948,95008,,1.33140078224051,,,,1,,
37.314978901292896,-121.9435811,95008,,1.06892776074480,,,,1,,
37.314978901292896,-121.9379231,95008,,0.88501147737464,,,,1,,
37.314978901292896,-121.9319754,95008,,0.85735228689879,,,,1,,
37.314978901292896,-121.9261019,95008,,1.00943665240797,,,,1,,
37.314978901292896,-121.9227905,95008,,1.15075703710269,,,,1,,
37.314978901292896,-121.9176149,95110,,1.15296786339606,,,,1,,
37.314978901292896,-121.9113615,95110,,0.78134882482952,,,,1,,
37.314978901292896,-121.9079331,95110,,0.61228316645916,,,,1,,
37.314978901292896,-121.9023601,95110,,0.48103982451083,,,,1,,
37.314978901292896,-121.8994647,95110,,0.52337083995230,,,,1,,
37.314978901292896,-121.8945082,95110,,0.72973552166766,,,,1,,
37.314978901292896,-121.8919558,95110,,0.87016509119587,,,,1,,
37.314978901292896,-121.8868769,95110,,1.17868834917406,,,,1,,
37.314978901292896,-121.8814255,95125,,1.04283435015408,,,,1,,
37.314978901292896,-121.8790109,95125,,0.89048795180143,,,,1,,
37.314978901292896,-121.8730009,95125,,0.54918585572953,,,,1,,
37.314978901292896,-121.8666100,95125,,0.39685143161721,,,,1,,
37.314978901292896,-121.8600561,95112,,0.23910713118497,,,,1,,
37.314978901292896,-121.8569731,95112,,0.15602959107468,,,,1,,
37.314978901292896,-121.8503180,95112,,0.51274540145610,,,,1,,
37.314978901292896,-121.8502902,95112,,0.51457886281865,,,,1,,
37.314978901292896,-121.8502050,95112,,0.52020189150051,,,,1,,
37.314978901292896,-121.8440458,95111,,0.47944708925273,,,,1,,
37.314978901292896,-121.8424212,95111,,0.44205293360610,,,,1,,
37.314978901292896,-121.8385870,95111,,0.46261818685501,,,,1,,
37.314978901292896,-121.8358794,95111,,0.55832072121056,,,,1,,
37.314978901292896,-121.8304944,95111,,0.84505049940808,,,,1,,
37.314978901292896,-121.8283310,95111,,0.97659422064856,,,,1,,
37.314978901292896,-121.8255187,95111,,1.15414327460957,,,,1,,
37.314978901292896,-121.8245206,95111,,1.21838793017804,,,,1,,
37.314978901292896,-121.8211110,95111,,1.44114927412809,,,,1,,
37.314978901292896,-121.8186974,95148,,1.52232800840387,,,,1,,
37.314978901292896,-121.8164440,95148,,1.36943305953283,,,,1,,
37.314978901292896,-121.8158682,95148,,1.33046911775961,,,,1,,
37.314978901292896,-121.8138173,95148,,1.19212776574016,,,,1,,
37.314978901292896,-121.8108144,95148,,0.99128972839061,,,,1,,
37.314978901292896,-121.8096541,95148,,0.91448356659454,,,,1,,
37.314978901292896,-121.8077735,95148,,0.79141711651674,,,,1,,
37.314978901292896,-121.8075538,95148,,0.77718604540741,,,,1,,
37.314978901292896,-121.8055937,95148,,0.65211900791688,,,,1,,
37.314978901292896,-121.8001863,95148,,0.34974385380950,,,,1,,
37.314978901292896,-121.7977703,95148,,0.27787284210319,,,,1,,
37.314978901292896,-121.7935897,95148,,0.36170367689534,,,,1,,
37.314978901292896,-121.7914525,95148,,0.47191742719475,,,,1,,
37.314978901292896,-121.7857363,95148,,0.82630188122015,,,,1,,
37.314978901292896,-121.7827575,95148,,1.02283225984741,,,,1,,
37.314978901292896,-121.7825445,95148,,1.03702342892465,,,,1,,
37.314978901292896,-121.7815632,95148,,1.10258109628816,,,,1,,
37.314978901292896,-121.7812187,95148,,1.12565925150970,,,,1,,
37.314978901292896,-121.7772743,95148,,1.39163991703189,,,,1,,
37.314978901292896,-121.7751047,95148,,1.53892151427819,,,,1,,
37.314978901292896,-121.7730486,95148,,1.67892837501560,,,,1,,
37.314978901292896,-121.7706272,95148,,1.84421474753872,,,,1,,
37.314978901292896,-121.7648527,95148,,2.23960092838166,,,,1,,
37.314978901292896,-121.7602436,95138,,2.50462380313766,,,,1,,
37.314978901292896,-121.7573829,95138,,2.65527064793953,,,,1,,
37.314978901292896,-121.7568774,95138,,2.68252552330384,,,,1,,
37.316504160935786,-122.0151746,95014,,0.75828946480184,,,,1,,
37.316504160935786,-122.0105939,95014,,0.95587710221487,,,,1,,
37.316504160935786,-122.0100176,95014,,0.98514082573922,,,,1,,
37.316504160935786,-122.0064348,95051,,0.81127635668622,,,,1,,
37.316504160935786,-122.0056900,95051,,0.76680455254463,,,,1,,
37.316504160935786,-122.0031405,95051,,0.62278246979931,,,,1,,
37.316504160935786,-121.9994496,95051,,0.45617755265516,,,,1,,
37.316504160935786,-121.9952707,95051,,0.40198169043959,,,,1,,
37.316504160935786,-121.9932929,95051,,0.44465155365390,,,,1,,
37.316504160935786,-121.9875618,95051,,0.71647448132131,,,,1,,
37.316504160935786,-121.9852197,95051,,0.85591807952938,,,,1,,
37.316504160935786,-121.9796343,95051,,0.83093094780145,,,,1,,
37.316504160935786,-121.9783420,95051,,0.82673423313883,,,,1,,
37.316504160935786,-121.9764026,95051,,0.83843518990588,,,,1,,
37.316504160935786,-121.9699360,95051,,1.01364294990366,,,,1,,
37.316504160935786,-121.9654329,95051,,1.22036414097619,,,,1,,
37.316504160935786,-121.9642621,95051,,1.28104535223276,,,,1,,
37.316504160935786,-121.9623017,95051,,1.38727835702085,,,,1,,
37.316504160935786,-121.9617053,95051,,1.42058374690548,,,,1,,
37.316504160935786,-121.9600946,95051,,1.51247906789955,,,,1,,
37.316504160935786,-121.9582356,95051,,1.62156542523003,,,,1,,
37.316504160935786,-121.9521391,95008,,1.53764615804036,,,,1,,
37.316504160935786,-121.9503526,95008,,1.43939861407272,,,,1,,
37.316504160935786,-121.9469641,95008,,1.26523632738758,,,,1,,
37.316504160935786,-121.9408139,95008,,1.01289668887686,,,,1,,
37.316504160935786,-121.9374555,95008,,0.92979268567396,,,,1,,
37.316504160935786,-121.9339431,95008,,0.90049347483555,,,,1,,
37.316504160935786,-121.9282496,95008,,0.98702116594990,,,,1,,
37.316504160935786,-121.9279918,95008,,0.99445019167951,,,,1,,
37.316504160935786,-121.9239435,95110,,1.13392477525225,,,,1,,
37.316504160935786,-121.9200742,95110,,1.13345598415145,,,,1,,
37.316504160935786,-121.9154052,95110,,0.99104564137862,,,,1,,
37.316504160935786,-121.9153021,95110,,0.98461577365894,,,,1,,
37.316504160935786,-121.9095933,95110,,0.65152368475907,,,,1,,
37.316504160935786,-121.9030289,95110,,0.42717718733646,,,,1,,
37.316504160935786,-121.8972783,95110,,0.55551867375582,,,,1,,
37.316504160935786,-121.8908718,95110,,0.90607073703324,,,,1,,
37.316504160935786,-121.8872800,95110,,1.13122974946905,,,,1,,
37.316504160935786,-121.8806498,95125,,1.01667201455338,,,,1,,
37.316504160935786,-121.8792683,95125,,0.93194552218573,,,,1,,
37.316504160935786,-121.8738671,95125,,0.63083315242255,,,,1,,
37.316504160935786,-121.8696736,95125,,0.47402583019063,,,,1,,
37.316504160935786,-121.8657801,95125,,0.46279299367801,,,,1,,
37.316504160935786,-121.8631031,95112,,0.40600459286248,,,,1,,
37.316504160935786,-121.8569383,95112,,0.10266831951436,,,,1,,
37.316504160935786,-121.8539587,95112,,0.25700739084051,,,,1,,
37.316504160935786,-121.8489579,95112,,0.59140747876933,,,,1,,
37.316504160935786,-121.8487943,95112,,0.60255974597331,,,,1,,
37.316504160935786,-121.8462384,95111,,0.60612321613084,,,,1,,
37.316504160935786,-121.8446294,95111,,0.54721813494004,,,,1,,
37.316504160935786,-121.8397702,95111,,0.49430578038094,,,,1,,
37.316504160935786,-121.8353751,95111,,0.62344784546533,,,,1,,
37.316504160935786,-121.8338456,95111,,0.69439585117578,,,,1,,
37.316504160935786,-121.8277835,95111,,1.03561011587108,,,,1,,
37.316504160935786,-121.8250854,95111,,1.20335670953272,,,,1,,
37.316504160935786,-121.8211590,95111,,1.45561451351678,,,,1,,
37.316504160935786,-121.8181011,95148,,1.47258586295287,,,,1,,
37.316504160935786,-121.8121303,95148,,1.06628563416482,,,,1,,
37.316504160935786,-121.8084868,95148,,0.82142862395592,,,,1,,
37.316504160935786,-121.8073691,95148,,0.74723466644920,,,,1,,
37.316504160935786,-121.8038841,95148,,0.52158751103689,,,,1,,
37.316504160935786,-121.8011817,95148,,0.36038064962462,,,,1,,
37.316504160935786,-121.7956755,95148,,0.23659753662244,,,,1,,
37.316504160935786,-121.7942797,95148,,0.28851776444595,,,,1,,
37.316504160935786,-121.7879025,95148,,0.66669240800906,,,,1,,
37.316504160935786,-121.7840299,95148,,0.92377331345487,,,,1,,
37.316504160935786,-121.7805857,95148,,1.15642695521947,,,,1,,
37.316504160935786,-121.7804640,95148,,1.16468713117401,,,,1,,
37.316504160935786,-121.7743197,95148,,1.58376042410745,,,,1,,
37.316504160935786,-121.7735603,95148,,1.63575182467301,,,,1,,
37.316504160935786,-121.7727952,95148,,1.68816358860591,,,,1,,
37.316504160935786,-121.7665668,95148,,2.11567081179006,,,,1,,
37.316504160935786,-121.7629758,95148,,2.36262324249820,,,,1,,
37.316504160935786,-121.7620382,95148,,2.42714135347204,,,,1,,
37.316504160935786,-121.7566469,95138,,2.72971391866692,,,,1,,
37.316504160935786,-121.7507314,95138,,3.05747218372382,,,,1,,
37.316504160935786,-121.7499784,95138,,3.10057400716094,,,,1,,
37.316504160935786,-121.7470052,95138,,3.27329648954226,,,,1,,
37.318376133374734,-122.0158411,95014,,0.67592200199754,,,,1,,
37.318376133374734,-122.0106749,95014,,0.90577882016640,,,,1,,
37.318376133374734,-122.0076901,95051,,0.85948763568623,,,,1,,
37.318376133374734,-122.0030273,95051,,0.57506259218152,,,,1,,
37.318376133374734,-122.0014176,95051,,0.48789962952201,,,,1,,
37.318376133374734,-121.9992859,95051,,0.39170005218435,,,,1,,
37.318376133374734,-121.9992821,95051,,0.39155693781534,,,,1,,
37.318376133374734,-121.9932624,95051,,0.38582895574373,,,,1,,
37.318376133374734,-121.9867881,95051,,0.72820449306434,,,,1,,
37.318376133374734,-121.9839429,95051,,0.84868673019498,,,,1,,
37.318376133374734,-121.9822023,95051,,0.80188349363680,,,,1,,
37.318376133374734,-121.9774030,95051,,0.76149118785550,,,,1,,
37.318376133374734,-121.9758545,95051,,0.77873293912228,,,,1,,
37.318376133374734,-121.9694833,95051,,0.97805880738200,,,,1,,
37.318376133374734,-121.9668729,95051,,1.10091425863334,,,,1,,
37.318376133374734,-121.9630235,95051,,1.30666693501009,,,,1,,
37.318376133374734,-121.9610041,95051,,1.42261475024309,,,,1,,
37.318376133374734,-121.9609379,95051,,1.42648727005430,,,,1,,
37.318376133374734,-121.9581159,95051,,1.59502605710444,,,,1,,
37.318376133374734,-121.9574900,95051,,1.63320483023088,,,,1,,
37.318376133374734,-121.9522871,95008,,1.58679262509421,,,,1,,
37.318376133374734,-121.9498123,95008,,1.45511543432776,,,,1,,
37.318376133374734,-121.9477242,95008,,1.35088459131076,,,,1,,
37.318376133374734,-121.9474519,95008,,1.33784077827317,,,,1,,
37.318376133374734,-121.9426541,95008,,1.13490958840023,,,,1,,
37.318376133374734,-121.9419401,95008,,1.11001471271609,,,,1,,
37.318376133374734,-121.9392245,95008,,1.03152338487840,,,,1,,
37.318376133374734,-121.9354649,95008,,0.97342523085242,,,,1,,
37.318376133374734,-121.9291250,95008,,1.02802538620501,,,,1,,
37.318376133374734,-121.9273867,95008,,1.07417116793485,,,,1,,
37.318376133374734,-121.9272338,95008,,1.07877571278528,,,,1,,
37.318376133374734,-121.9261404,95110,,1.09575667582849,,,,1,,
37.318376133374734,-121.9231967,95110,,1.06071870642853,,,,1,,
37.318376133374734,-121.9210037,95110,,1.05953667535050,,,,1,,
37.318376133374734,-121.9157407,95110,,0.98525096695481,,,,1,,
37.318376133374734,-121.9124167,95110,,0.77564996722505,,,,1,,
37.318376133374734,-121.9113998,95110,,0.71399947585847,,,,1,,
37.318376133374734,-121.9071183,95110,,0.48107862226907,,,,1,,
37.318376133374734,-121.9045395,95110,,0.38502561419950,,,,1,,
37.318376133374734,-121.8986178,95110,,0.44446129915471,,,,1,,
37.318376133374734,-121.8941326,95110,,0.67656910021505,,,,1,,
37.318376133374734,-121.8923037,95110,,0.78675325972521,,,,1,,
37.318376133374734,-121.8867491,95110,,1.14214019883119,,,,1,,
37.318376133374734,-121.8813273,95125,,1.08957117705988,,,,1,,
37.318376133374734,-121.8775213,95125,,0.86703378158237,,,,1,,
37.318376133374734,-121.8743735,95125,,0.70437148106983,,,,1,,
37.318376133374734,-121.8739716,95125,,0.68579544295252,,,,1,,
37.318376133374734,-121.8703757,95125,,0.55488721550144,,,,1,,
37.318376133374734,-121.8683544,95125,,0.52039757974666,,,,1,,
37.318376133374734,-121.8666437,95125,,0.51952679929655,,,,1,,
37.318376133374734,-121.8619983,95112,,0.31910947668235,,,,1,,
37.318376133374734,-121.8572007,95112,,0.03238523119291,,,,1,,
37.318376133374734,-121.8570777,95112,,0.03680550962878,,,,1,,
37.318376133374734,-121.8505939,95112,,0.47117068518004,,,,1,,
37.318376133374734,-121.8468167,95111,,0.68479854653137,,,,1,,
37.318376133374734,-121.8452674,95111,,0.62811777952479,,,,1,,
37.318376133374734,-121.8420350,95111,,0.55952391778490,,,,1,,
37.318376133374734,-121.8357158,95111,,0.66482083179660,,,,1,,
37.318376133374734,-121.8355074,95111,,0.67285461371475,,,,1,,
37.318376133374734,-121.8289752,95111,,0.99990246555086,,,,1,,
37.318376133374734,-121.8235901,95111,,1.32559912151263,,,,1,,
37.318376133374734,-121.8221737,95111,,1.41507019646232,,,,1,,
37.318376133374734,-121.8204173,95111,,1.52744972875685,,,,1,,
37.318376133374734,-121.8161029,95148,,1.32679100121794,,,,1,,
37.318376133374734,-121.8097178,95148,,0.88978691809541,,,,1,,
37.318376133374734,-121.8042273,95148,,0.51970455182777,,,,1,,
37.318376133374734,-121.8027454,95148,,0.42265340672669,,,,1,,
37.318376133374734,-121.7980083,95148,,0.16412585624246,,,,1,,
37.318376133374734,-121.7955696,95148,,0.17998077944822,,,,1,,
37.318376133374734,-121.7923564,95148,,0.35537207620702,,,,1,,
37.318376133374734,-121.7892053,95148,,0.56046481469557,,,,1,,
37.318376133374734,-121.7887129,95148,,0.59332756160630,,,,1,,
37.318376133374734,-121.7886218,95148,,0.59942177060007,,,,1,,
37.318376133374734,-121.7843274,95148,,0.88987332388639,,,,1,,
37.318376133374734,-121.7804147,95148,,1.15728655633983,,,,1,,
37.318376133374734,-121.7750336,95148,,1.52675269085044,,,,1,,
37.318376133374734,-121.7742101,95148,,1.58339144305619,,,,1,,
37.318376133374734,-121.7730463,95148,,1.66346600125027,,,,1,,
37.32058743095964,-122.0180683,95014,,0.53834045610290,,,,1,,
37.32058743095964,-122.0172445,95014,,0.55963083420937,,,,1,,
37.32058743095964,-122.0152397,95014,,0.63019842080772,,,,1,,
37.32058743095964,-122.0103459,95014,,0.87366825528051,,,,1,,
37.32058743095964,-122.0051484,95051,,0.66629026405393,,,,1,,
37.32058743095964,-122.0019281,95051,,0.46704575453537,,,,1,,
37.32058743095964,-121.9956695,95051,,0.25003183980959,,,,1,,
37.32058743095964,-121.9911700,95051,,0.42632447970503,,,,1,,
37.32058743095964,-121.9847386,95051,,0.80562885513053,,,,1,,
37.32058743095964,-121.9826698,95051,,0.73807117239466,,,,1,,
37.32058743095964,-121.9782860,95051,,0.67735929832337,,,,1,,
37.32058743095964,-121.9745015,95051,,0.72953616492601,,,,1,,
37.32058743095964,-121.9718303,95051,,0.81631439192764,,,,1,,
37.32058743095964,-121.9658682,95051,,1.10069850993125,,,,1,,
37.32058743095964,-121.9625834,95051,,1.28721279227901,,,,1,,
37.32058743095964,-121.9595526,95051,,1.46943756420529,,,,1,,
37.32058743095964,-121.9558107,95050,,1.70007076926137,,,,1,,
37.32058743095964,-121.9524380,95050,,1.56520765607028,,,,1,,
37.32058743095964,-121.9509107,95050,,1.50930618956004,,,,1,,
37.32058743095964,-121.9486032,95050,,1.43547428122242,,,,1,,
37.32058743095964,-121.9429409,95008,,1.21450224191383,,,,1,,
37.32058743095964,-121.9413834,95008,,1.16408977887621,,,,1,,
37.32058743095964,-121.9384903,95008,,1.09263161901065,,,,1,,
37.32058743095964,-121.9337961,95008,,1.04987557433216,,,,1,,
37.32058743095964,-121.9307801,95008,,1.07443397879798,,,,1,,
37.32058743095964,-121.9251063,95110,,1.00018324498053,,,,1,,
37.32058743095964,-121.9202517,95110,,0.98387493099289,,,,1,,
37.32058743095964,-121.9180901,95110,,1.01292311391952,,,,1,,
37.32058743095964,-121.9117120,95110,,0.69699465265351,,,,1,,
37.32058743095964,-121.9073918,95110,,0.43914920168840,,,,1,,
37.32058743095964,-121.9068881,95110,,0.41267119686909,,,,1,,
37.32058743095964,-121.9043630,95110,,0.30617766862592,,,,1,,
37.32058743095964,-121.8994622,95110,,0.34485559388986,,,,1,,
37.32058743095964,-121.8981138,95110,,0.40753563306481,,,,1,,
37.32058743095964,-121.8925453,95110,,0.73806460547277,,,,1,,
37.32058743095964,-121.8917310,95110,,0.79052298795268,,,,1,,
37.32058743095964,-121.8869651,95110,,1.10508760933308,,,,1,,
37.32058743095964,-121.8851066,95110,,1.22984880405958,,,,1,,
37.32058743095964,-121.8806510,95125,,1.09067575359327,,,,1,,
37.32058743095964,-121.8759755,95125,,0.83921076988861,,,,1,,
37.32058743095964,-121.8717546,95125,,0.66741818507800,,,,1,,
37.32058743095964,-121.8662550,95125,,0.60286557174322,,,,1,,
37.32058743095964,-121.8644757,95112,,0.49162809381727,,,,1,,
37.32058743095964,-121.8584854,95112,,0.09090076940190,,,,1,,
37.32058743095964,-121.8566331,95112,,0.07374957300555,,,,1,,
37.32058743095964,-121.8531736,95112,,0.29648164702175,,,,1,,
37.32058743095964,-121.8487614,95112,,0.59908059529668,,,,1,,
37.32058743095964,-121.8450885,95111,,0.69527453145247,,,,1,,
37.32058743095964,-121.8438553,95111,,0.66532631901586,,,,1,,
37.32058743095964,-121.8375612,95111,,0.67889006519134,,,,1,,
37.32058743095964,-121.8371967,95111,,0.68813918286492,,,,1,,
37.32058743095964,-121.8352877,95111,,0.74865004318710,,,,1,,
37.32058743095964,-121.8297759,95111,,1.00338705295707,,,,1,,
37.32058743095964,-121.8296915,95111,,1.00790614771058,,,,1,,
37.32058743095964,-121.8240706,95111,,1.33203392613568,,,,1,,
37.32058743095964,-121.8215928,95111,,1.48474180911561,,,,1,,
37.32058743095964,-121.8202889,95111,,1.56663871262618,,,,1,,
37.32058743095964,-121.8184514,95148,,1.48223022932939,,,,1,,
37.32058743095964,-121.8167924,95148,,1.36773138356107,,,,1,,
37.32058743095964,-121.8106520,95148,,0.94422377373669,,,,1,,
37.32058743095964,-121.8103971,95148,,0.92665855651072,,,,1,,
37.32058743095964,-121.8082500,95148,,0.77878702467980,,,,1,,
37.32058743095964,-121.8020527,95148,,0.35427236350743,,,,1,,
37.32058743095964,-121.7965299,95148,,0.07681638367684,,,,1,,
37.32058743095964,-121.7913576,95148,,0.39749111506405,,,,1,,
37.32058743095964,-121.7897954,95148,,0.50415107114709,,,,1,,
37.32058743095964,-121.7884257,95148,,0.59804729062411,,,,1,,
37.32058743095964,-121.7866677,95148,,0.71884947403100,,,,1,,
37.32058743095964,-121.7822678,95148,,1.02188959001368,,,,1,,
37.32058743095964,-121.7811597,95148,,1.09829481902895,,,,1,,
37.32058743095964,-121.7792497,95148,,1.23003954389055,,,,1,,
37.32058743095964,-121.7734852,95148,,1.62788097519511,,,,1,,
37.32058743095964,-121.7734367,95148,,1.63122921668444,,,,1,,
37.32058743095964,-121.7705243,95148,,1.83230944064146,,,,1,,
37.32058743095964,-121.7670089,95148,,2.07506368060658,,,,1,,
37.32058743095964,-121.7659197,95148,,2.15028479696780,,,,1,,
37.32058743095964,-121.7609283,95148,,2.49502613971076,,,,1,,
37.32058743095964,-121.7581245,95148,,2.68869351315136,,,,1,,
37.32194948895476,-122.0201150,95014,,0.45992216725860,,,,1,,
37.32194948895476,-122.0168706,95014,,0.52695727333006,,,,1,,
37.32194948895476,-122.0102932,95014,,0.84867072009802,,,,1,,
37.32194948895476,-122.0066933,95051,,0.75181697164155,,,,1,,
37.32194948895476,-122.0033028,95051,,0.52936111348619,,,,1,,
37.32194948895476,-122.0031490,95051,,0.51951649136923,,,,1,,
37.32194948895476,-121.9987292,95051,,0.26395948205742,,,,1,,
37.32194948895476,-121.9921886,95051,,0.34006984315073,,,,1,,
37.32194948895476,-121.9865684,95051,,0.69387895344414,,,,1,,
37.32194948895476,-121.9831948,95051,,0.70873384291295,,,,1,,
37.32194948895476,-121.9795473,95051,,0.63221984722121,,,,1,,
37.32194948895476,-121.9789387,95051,,0.62845013530574,,,,1,,
37.32194948895476,-121.9734538,95051,,0.71532749492920,,,,1,,
37.32194948895476,-121.9701854,95051,,0.84726284957087,,,,1,,
37.32194948895476,-121.9685128,95051,,0.92887821178989,,,,1,,
37.32194948895476,-121.9633341,95051,,1.21698115023233,,,,1,,
37.32194948895476,-121.9608263,95051,,1.36837704298974,,,,1,,
37.32194948895476,-121.9599014,95051,,1.42547215116400,,,,1,,
37.32194948895476,-121.9546622,95050,,1.61637602256547,,,,1,,
37.32194948895476,-121.9493200,95050,,1.41257384465918,,,,1,,
37.32194948895476,-121.9458444,95050,,1.31911839951059,,,,1,,
37.32194948895476,-121.9410534,95008,,1.19986639425485,,,,1,,
37.32194948895476,-121.9384578,95008,,1.13994972874159,,,,1,,
37.32194948895476,-121.9371680,95008,,1.11970855503915,,,,1,,
37.32194948895476,-121.9345786,95008,,1.09994641456848,,,,1,,
37.32194948895476,-121.9317698,95008,,1.11116745359095,,,,1,,
37.32194948895476,-121.9259449,95110,,0.96644575631220,,,,1,,
37.32194948895476,-121.9257877,95110,,0.96342390160698,,,,1,,
37.32194948895476,-121.9244257,95110,,0.94209204425273,,,,1,,
37.32194948895476,-121.9223245,95110,,0.92713076175919,,,,1,,
37.32194948895476,-121.9195312,95110,,0.94216223335546,,,,1,,
37.32194948895476,-121.9174694,95110,,0.97785648600072,,,,1,,
37.32194948895476,-121.9130172,95110,,0.76443018230150,,,,1,,
37.32194948895476,-121.9121643,95110,,0.70835745259908,,,,1,,
37.32194948895476,-121.9120576,95110,,0.70137562037163,,,,1,,
37.32194948895476,-121.9079974,95110,,0.44516532087279,,,,1,,
37.32194948895476,-121.9016817,95110,,0.23261043538538,,,,1,,
37.32194948895476,-121.9009349,95110,,0.24950872067905,,,,1,,
37.32194948895476,-121.8993590,95110,,0.31132398394341,,,,1,,
37.32194948895476,-121.8958294,95110,,0.51049748407478,,,,1,,
37.32194948895476,-121.8917795,95110,,0.77134946080484,,,,1,,
37.32194948895476,-121.8911179,95110,,0.81516034922227,,,,1,,
37.32194948895476,-121.8887569,95110,,0.97293412928478,,,,1,,
37.32194948895476,-121.8865637,95110,,1.12087184454530,,,,1,,
37.32194948895476,-121.8864384,95110,,1.12935257917183,,,,1,,
37.32194948895476,-121.8846169,95110,,1.25291171816170,,,,1,,
37.32194948895476,-121.8779999,95125,,0.97499513609628,,,,1,,
37.32194948895476,-121.8728704,95125,,0.74776835131062,,,,1,,
37.32194948895476,-121.8718802,95125,,0.71590668021345,,,,1,,
37.32194948895476,-121.8655014,95112,,0.56885432045256,,,,1,,
37.32194948895476,-121.8640618,95112,,0.47129278833032,,,,1,,
37.32194948895476,-121.8598182,95112,,0.19526874598052,,,,1,,
37.32194948895476,-121.8595255,95112,,0.17826640070558,,,,1,,
37.32194948895476,-121.8534593,95112,,0.29039199045138,,,,1,,
37.32194948895476,-121.8520238,95112,,0.38493819854916,,,,1,,
37.32194948895476,-121.8501019,95112,,0.51426621284853,,,,1,,
37.32194948895476,-121.8485095,95122,,0.62153331700414,,,,1,,
37.32194948895476,-121.8460743,95122,,0.74790497759898,,,,1,,
37.32194948895476,-121.8413470,95111,,0.68569308627226,,,,1,,
37.32194948895476,-121.8383751,95111,,0.70909855227427,,,,1,,
37.32194948895476,-121.8374445,95111,,0.72827365987924,,,,1,,
37.32194948895476,-121.8341153,95111,,0.83468222817662,,,,1,,
37.32194948895476,-121.8321204,95111,,0.92035895949983,,,,1,,
37.32194948895476,-121.8262751,95111,,1.22737854915971,,,,1,,
37.32194948895476,-121.8238519,95111,,1.36948067372847,,,,1,,
37.32194948895476,-121.8175339,95148,,1.41736368601193,,,,1,,
37.32194948895476,-121.8165192,95148,,1.34725716732677,,,,1,,
37.32194948895476,-121.8129335,95148,,1.09952493682167,,,,1,,
37.32194948895476,-121.8124178,95148,,1.06389695462700,,,,1,,
37.32194948895476,-121.8083907,95148,,0.78569573356619,,,,1,,
37.32194948895476,-121.8050957,95148,,0.55811537831972,,,,1,,
37.32194948895476,-121.8047827,95148,,0.53650121627249,,,,1,,
37.32194948895476,-121.8017808,95148,,0.32929477791655,,,,1,,
37.32194948895476,-121.7956104,95148,,0.09950697350415,,,,1,,
37.32194948895476,-121.7900071,95148,,0.48518429329704,,,,1,,
37.32194948895476,-121.7892637,95148,,0.53651487606780,,,,1,,
37.32194948895476,-121.7886929,95148,,0.57593212926053,,,,1,,
37.32194948895476,-121.7857907,95148,,0.77638405677039,,,,1,,
37.32454466920535,-122.0193727,95014,,0.37368575530177,,,,1,,
37.32454466920535,-122.0148063,95014,,0.54217435929205,,,,1,,
37.32454466920535,-122.0106689,95014,,0.77826860208892,,,,1,,
37.32454466920535,-122.0091633,95014,,0.87161454397800,,,,1,,
37.32454466920535,-122.0062776,95051,,0.70417819311063,,,,1,,
37.32454466920535,-122.0051855,95051,,0.62961622161991,,,,1,,
37.32454466920535,-122.0023443,95051,,0.43708513528562,,,,1,,
37.32454466920535,-122.0017848,95051,,0.39960592983789,,,,1,,
37.32454466920535,-121.9953530,95051,,0.11786199048471,,,,1,,
37.32454466920535,-121.9950089,95051,,0.13123885236432,,,,1,,
37.32454466920535,-121.9938131,95051,,0.19389501401924,,,,1,,
37.32454466920535,-121.9891737,95051,,0.49586878902591,,,,1,,
37.32454466920535,-121.9864942,95051,,0.67809803928235,,,,1,,
37.32454466920535,-121.9845022,95051,,0.67811076337460,,,,1,,
37.32454466920535,-121.9796057,95051,,0.53868734205745,,,,1,,
37.32454466920535,-121.9773929,95051,,0.53723937156417,,,,1,,
37.32454466920535,-121.9763840,95051,,0.55084903641379,,,,1,,
37.32454466920535,-121.9736795,95051,,0.62536432821561,,,,1,,
37.32454466920535,-121.9704104,95051,,0.76828447955604,,,,1,,
37.32454466920535,-121.9638406,95051,,1.13981034820592,,,,1,,
37.32454466920535,-121.9586351,95051,,1.46748726219993,,,,1,,
37.32454466920535,-121.9571294,95051,,1.56489226352916,,,,1,,
37.32454466920535,-121.9541232,95050,,1.51958634581075,,,,1,,
37.32454466920535,-121.9519304,95050,,1.42621383228311,,,,1,,
37.32454466920535,-121.9512951,95050,,1.40106190538946,,,,1,,
37.32454466920535,-121.9467089,95050,,1.25058310335049,,,,1,,
37.32454466920535,-121.9415257,95050,,1.16394351208056,,,,1,,
37.32454466920535,-121.9394019,95050,,1.15893972780536,,,,1,,
37.32454466920535,-121.9340511,95110,,1.17801997802818,,,,1,,
37.32454466920535,-121.9306738,95110,,1.02613715508349,,,,1,,
37.32454466920535,-121.9269152,95110,,0.89913504478415,,,,1,,
37.32454466920535,-121.9264467,95110,,0.88736755467492,,,,1,,
37.32454466920535,-121.9219361,95110,,0.83201505162990,,,,1,,
37.32454466920535,-121.9180962,95110,,0.87425536463621,,,,1,,
37.32454466920535,-121.9138957,95110,,0.80170189763251,,,,1,,
37.32454466920535,-121.9106519,95110,,0.58177408565726,,,,1,,
37.32454466920535,-121.9075456,95110,,0.37586119741607,,,,1,,
37.32454466920535,-121.9068910,95110,,0.33387351337869,,,,1,,
37.32454466920535,-121.9068307,95110,,0.33004883926839,,,,1,,
37.32454466920535,-121.9029902,95110,,0.13686453611445,,,,1,,
37.32454466920535,-121.9002186,95110,,0.20281498535645,,,,1,,
37.32454466920535,-121.8996641,95110,,0.23328405504600,,,,1,,
37.32454466920535,-121.8953844,95110,,0.50572231612839,,,,1,,
37.32454466920535,-121.8930900,95110,,0.66008246228689,,,,1,,
37.32454466920535,-121.8881215,95110,,0.99884302557769,,,,1,,
37.32454466920535,-121.8824651,95125,,1.27571176861909,,,,1,,
37.32454466920535,-121.8765407,95125,,0.97220256226549,,,,1,,
37.32454466920535,-121.8747056,95125,,0.89545013193491,,,,1,,
37.32454466920535,-121.8742856,95125,,0.87951417996468,,,,1,,
37.32454466920535,-121.8735605,95125,,0.85362531452582,,,,1,,
37.32454466920535,-121.8719532,95125,,0.80443502580119,,,,1,,
37.32454466920535,-121.8694951,95125,,0.75504605486027,,,,1,,
37.32454466920535,-121.8635262,95112,,0.46636241075447,,,,1,,
37.32454466920535,-121.8611116,95112,,0.32259493248050,,,,1,,
37.32454466920535,-121.8566592,95112,,0.20221966612261,,,,1,,
37.32454466920535,-121.8564608,95112,,0.20611456160275,,,,1,,
37.32454466920535,-121.8540969,95112,,0.30058587921572,,,,1,,
37.32454466920535,-121.8492055,95122,,0.52085516707614,,,,1,,
37.32454466920535,-121.8489732,95122,,0.53274001620588,,,,1,,
37.32454466920535,-121.8442651,95122,,0.80538783513750,,,,1,,
37.32454466920535,-121.8385126,95111,,0.79878209971094,,,,1,,
37.32454466920535,-121.8380928,95111,,0.80554919745473,,,,1,,
37.32454466920535,-121.8328916,95111,,0.96073241824718,,,,1,,
37.32454466920535,-121.8268118,95111,,1.25334295160351,,,,1,,
37.32454466920535,-121.8262767,95111,,1.28249310057974,,,,1,,
37.32454466920535,-121.8199226,95148,,1.58407533770773,,,,1,,
37.32454466920535,-121.8155774,95148,,1.28425055858998,,,,1,,
37.32454466920535,-121.8126586,95148,,1.08297940783095,,,,1,,
37.32454466920535,-121.8119933,95148,,1.03712478001763,,,,1,,
37.32454466920535,-121.8100093,95148,,0.90045132038720,,,,1,,
37.32454466920535,-121.8040756,95148,,0.49307239598274,,,,1,,
37.32454466920535,-121.8017251,95148,,0.33348272116888,,,,1,,
37.32454466920535,-121.7994646,95148,,0.18470788831981,,,,1,,
37.32454466920535,-121.7931755,95148,,0.27631359065240,,,,1,,
37.32454466920535,-121.7889114,95148,,0.56553884945092,,,,1,,
37.32454466920535,-121.7840307,95148,,0.90090347203323,,,,1,,
37.32454466920535,-121.7835372,95148,,0.93488833937034,,,,1,,
37.32454466920535,-121.7779608,95148,,1.31931873347048,,,,1,,
37.32645687761013,-122.0201471,95014,,0.29529474668564,,,,1,,
37.32645687761013,-122.0173369,95014,,0.37124588399391,,,,1,,
37.32645687761013,-122.0138103,95014,,0.55502305457526,,,,1,,
37.32645687761013,-122.0073626,95051,,0.77233111297181,,,,1,,
37.32645687761013,-122.0024259,95051,,0.43175750183366,,,,1,,
37.32645687761013,-121.9975948,95051,,0.10202693978784,,,,1,,
37.32645687761013,-121.9968744,95051,,0.05708490794794,,,,1,,
37.32645687761013,-121.9947520,95051,,0.10487361756708,,,,1,,
37.32645687761013,-121.9895607,95051,,0.45957058913729,,,,1,,
37.32645687761013,-121.9852782,95051,,0.66189063052019,,,,1,,
37.32645687761013,-121.9789155,95051,,0.46374043207150,,,,1,,
37.32645687761013,-121.9774814,95051,,0.46708478340917,,,,1,,
37.32645687761013,-121.9749746,95051,,0.52036237002848,,,,1,,
37.32645687761013,-121.9685433,95051,,0.82474309064906,,,,1,,
37.32645687761013,-121.9653589,95051,,1.01445523472090,,,,1,,
37.32645687761013,-121.9608541,95051,,1.29926716274928,,,,1,,
37.32645687761013,-121.9584247,95051,,1.45736257988387,,,,1,,
37.32645687761013,-121.9541828,95050,,1.45828832601003,,,,1,,
37.32645687761013,-121.9502965,95050,,1.30455996696356,,,,1,,
37.32645687761013,-121.9499575,95050,,1.29179805400788,,,,1,,
37.32645687761013,-121.9456782,95050,,1.15966970346408,,,,1,,
37.32645687761013,-121.9450510,95050,,1.14544865520108,,,,1,,
37.32645687761013,-121.9444065,95050,,1.13237821992145,,,,1,,
37.32645687761013,-121.9388501,95050,,1.09092153703050,,,,1,,
37.32645687761013,-121.9366098,95050,,1.11190952601324,,,,1,,
37.32645687761013,-121.9338152,95110,,1.11776424410880,,,,1,,
37.32645687761013,-121.9309392,95110,,0.98179344631046,,,,1,,
37.32645687761013,-121.9307310,95110,,0.97278866426683,,,,1,,
37.32645687761013,-121.9266809,95110,,0.82841898882017,,,,1,,
37.32645687761013,-121.9211143,95110,,0.76449919195837,,,,1,,
37.32645687761013,-121.9205538,95110,,0.76850736574432,,,,1,,
37.32645687761013,-121.9201387,95110,,0.77271449313891,,,,1,,
37.32645687761013,-121.9181436,95110,,0.80697637680740,,,,1,,
37.32645687761013,-121.9174876,95110,,0.82298862219084,,,,1,,
37.32645687761013,-121.9163563,95110,,0.85555459223019,,,,1,,
37.32645687761013,-121.9106301,95110,,0.56853976548721,,,,1,,
37.32645687761013,-121.9101625,95110,,0.53643311518350,,,,1,,
37.32645687761013,-121.9082612,95110,,0.40621714994620,,,,1,,
37.32645687761013,-121.9079272,95110,,0.38342388736140,,,,1,,
37.32645687761013,-121.9059537,95110,,0.24981740174993,,,,1,,
37.32645687761013,-121.9020378,95110,,0.06813321259163,,,,1,,
37.32645687761013,-121.9014246,95110,,0.09410745436823,,,,1,,
37.32645687761013,-121.8951839,95110,,0.50592818064861,,,,1,,
37.32645687761013,-121.8910514,95110,,0.79010296236144,,,,1,,
37.32645687761013,-121.8892325,95110,,0.91545158190130,,,,1,,
37.32645687761013,-121.8833193,95110,,1.32339343104060,,,,1,,
37.32645687761013,-121.8788550,95125,,1.13144760471335,,,,1,,
37.32645687761013,-121.8744387,95125,,0.94446555512066,,,,1,,
37.32645687761013,-121.8717241,95125,,0.86362319956414,,,,1,,
37.32645687761013,-121.8653206,95112,,0.60827995416681,,,,1,,
37.32645687761013,-121.8598242,95112,,0.31384699006400,,,,1,,
37.32645687761013,-121.8587084,95112,,0.28037217758234,,,,1,,
37.32645687761013,-121.8532582,95122,,0.30205178268510,,,,1,,
37.32645687761013,-121.8516224,95122,,0.35646949156018,,,,1,,
37.32645687761013,-121.8467559,95122,,0.62029108684071,,,,1,,
37.32645687761013,-121.8441915,95122,,0.78200537632086,,,,1,,
37.32645687761013,-121.8432197,95122,,0.84491220442735,,,,1,,
37.32645687761013,-121.8389381,95111,,0.86159570376139,,,,1,,
37.32645687761013,-121.8378071,95111,,0.87797381301743,,,,1,,
37.32645687761013,-121.8346547,95111,,0.95640962977437,,,,1,,
37.32645687761013,-121.8312760,95111,,1.08364481349073,,,,1,,
37.32645687761013,-121.8310059,95111,,1.09532725787181,,,,1,,
37.32645687761013,-121.8287833,95111,,1.19819190764578,,,,1,,
37.32645687761013,-121.8270068,95111,,1.28769311802053,,,,1,,
37.32645687761013,-121.8249334,95111,,1.39854884802507,,,,1,,
37.32645687761013,-121.8212998,95111,,1.60524481960166,,,,1,,
37.32645687761013,-121.8167642,95148,,1.37172315223319,,,,1,,
37.32645687761013,-121.8133076,95148,,1.13449641246760,,,,1,,
37.32645687761013,-121.8075082,95148,,0.73882588702795,,,,1,,
37.32645687761013,-121.8064881,95148,,0.66985013793388,,,,1,,
37.32645687761013,-121.8063920,95148,,0.66336854691314,,,,1,,
37.32645687761013,-121.8005165,95148,,0.28150797618620,,,,1,,
37.32645687761013,-121.7994541,95148,,0.22180440530503,,,,1,,
37.32645687761013,-121.7955595,95148,,0.17667439671535,,,,1,,
37.32645687761013,-121.7913754,95148,,0.41627033491901,,,,1,,
37.32645687761013,-121.7863086,95148,,0.75439434713822,,,,1,,
37.32645687761013,-121.7856243,95148,,0.80084938332630,,,,1,,
37.32645687761013,-121.7809468,95148,,1.12024848682163,,,,1,,
37.32898789866801,-122.0185539,95014,,0.24663205538408,,,,1,,
37.32898789866801,-122.0137007,95014,,0.51907111636379,,,,1,,
37.32898789866801,-122.0083733,95051,,0.84363398790757,,,,1,,
37.32898789866801,-122.0063057,95051,,0.70120581189159,,,,1,,
37.32898789866801,-122.0033752,95051,,0.49976463408902,,,,1,,
37.32898789866801,-122.0026318,95051,,0.44881386382950,,,,1,,
37.32898789866801,-121.9960580,95051,,0.06091901089003,,,,1,,
37.32898789866801,-121.9928152,95051,,0.24117079830356,,,,1,,
37.32898789866801,-121.9880700,95051,,0.56464003399108,,,,1,,
37.32898789866801,-121.9848950,95051,,0.58018631455349,,,,1,,
37.32898789866801,-121.9826574,95051,,0.47148683634987,,,,1,,
37.32898789866801,-121.9810646,95051,,0.41237719462527,,,,1,,
37.32898789866801,-121.9762400,95051,,0.39953637328641,,,,1,,
37.32898789866801,-121.9713121,95051,,0.61517367651682,,,,1,,
37.32898789866801,-121.9648718,95051,,1.00695742447165,,,,1,,
37.32898789866801,-121.9586445,95051,,1.41601675654631,,,,1,,
37.32898789866801,-121.9561356,95050,,1.43616213686960,,,,1,,
37.32898789866801,-121.9557449,95050,,1.42289735433867,,,,1,,
37.32898789866801,-121.9526007,95050,,1.32786959062780,,,,1,,
37.32898789866801,-121.9505227,95050,,1.23760773338590,,,,1,,
37.32898789866801,-121.9466822,95050,,1.10101108793951,,,,1,,
37.32898789866801,-121.9447439,95050,,1.05094216567197,,,,1,,
37.32898789866801,-121.9426958,95050,,1.01469765749207,,,,1,,
37.32898789866801,-121.9415669,95050,,1.00273039072523,,,,1,,
37.32898789866801,-121.9375332,95050,,1.00927074915480,,,,1,,
37.32898789866801,-121.9366766,95050,,1.02050104092043,,,,1,,
37.32898789866801,-121.9349935,95050,,1.05196010963523,,,,1,,
37.32898789866801,-121.9291167,95110,,0.83154336080116,,,,1,,
37.32898789866801,-121.9289956,95110,,0.82661026394393,,,,1,,
37.32898789866801,-121.9282271,95110,,0.79664261705156,,,,1,,
37.32898789866801,-121.9224192,95110,,0.67034936592433,,,,1,,
37.32898789866801,-121.9171043,95110,,0.74971619424352,,,,1,,
37.32898789866801,-121.9166097,95110,,0.76569026530750,,,,1,,
37.32898789866801,-121.9148284,95110,,0.83235796036154,,,,1,,
37.32898789866801,-121.9145833,95110,,0.83887647135677,,,,1,,
37.32898789866801,-121.9103724,95110,,0.54820902118317,,,,1,,
37.32898789866801,-121.9055557,95110,,0.21669969971619,,,,1,,
37.32898789866801,-121.8988969,95110,,0.24746652066781,,,,1,,
37.32898789866801,-121.8988259,95110,,0.25233563068697,,,,1,,
37.32898789866801,-121.8925496,95110,,0.68483780986844,,,,1,,
37.32898789866801,-121.8907736,95110,,0.80745146439115,,,,1,,
37.32898789866801,-121.8862190,95110,,1.12200109422757,,,,1,,
37.32898789866801,-121.8825478,95110,,1.37559540146358,,,,1,,
37.32898789866801,-121.8787034,95125,,1.19254750980974,,,,1,,
37.32898789866801,-121.8724204,95125,,0.96695781907730,,,,1,,
37.32898789866801,-121.8714709,95125,,0.94560775887676,,,,1,,
37.32898789866801,-121.8699956,95125,,0.92076506479615,,,,1,,
37.32898789866801,-121.8677625,95112,,0.80044233265120,,,,1,,
37.32898789866801,-121.8667834,95112,,0.74053677459833,,,,1,,
37.32898789866801,-121.8633904,95112,,0.54709881096997,,,,1,,
37.32898789866801,-121.8593804,95122,,0.37405414781482,,,,1,,
37.32898789866801,-121.8528435,95122,,0.23225209754296,,,,1,,
37.32898789866801,-121.8500826,95122,,0.37442086845574,,,,1,,
37.32898789866801,-121.8458992,95122,,0.63998580181565,,,,1,,
37.32898789866801,-121.8410562,95111,,0.94188021871638,,,,1,,
37.32898789866801,-121.8403231,95111,,0.94307063761816,,,,1,,
37.32898789866801,-121.8366765,95111,,0.98833041527645,,,,1,,
37.32898789866801,-121.8323814,95111,,1.11472715780910,,,,1,,
37.32898789866801,-121.8260752,95111,,1.39717348792468,,,,1,,
37.32898789866801,-121.8221946,95111,,1.60543414791265,,,,1,,
37.32898789866801,-121.8208095,95148,,1.66058134260241,,,,1,,
37.32898789866801,-121.8174317,95148,,1.42996110280058,,,,1,,
37.32898789866801,-121.8109969,95148,,0.99421691570892,,,,1,,
37.32898789866801,-121.8065248,95148,,0.69801245497185,,,,1,,
37.32898789866801,-121.8010371,95148,,0.36482841820662,,,,1,,
37.32898789866801,-121.7965815,95148,,0.23896655363470,,,,1,,
37.32898789866801,-121.7935899,95148,,0.33533716869518,,,,1,,
37.32898789866801,-121.7902589,95148,,0.52405087625665,,,,1,,
37.32898789866801,-121.7865041,95148,,0.76450637447402,,,,1,,
37.32898789866801,-121.7856118,95148,,0.82334633221580,,,,1,,
37.32898789866801,-121.7854652,95148,,0.83305237041917,,,,1,,
37.32898789866801,-121.7828094,95148,,1.01032786996691,,,,1,,
37.32898789866801,-121.7787515,95148,,1.28457978294219,,,,1,,
37.32898789866801,-121.7774438,95148,,1.37348857618740,,,,1,,
37.32898789866801,-121.7717418,95148,,1.76288416240140,,,,1,,
37.32898789866801,-121.7655955,95148,,2.18446924182866,,,,1,,
37.32898789866801,-121.7606786,95148,,2.52247888123993,,,,1,,
37.32898789866801,-121.7598845,95148,,2.57711168648140,,,,1,,
37.33055368,-122.0169324,95014,,0.29287159985942,,,,1,,
37.33055368,-122.0139449,95014,,0.48356389758357,,,,1,,
37.33055368,-122.0108777,95014,,0.68884753120719,,,,1,,
37.33055368,-122.0055181,95051,,0.65482858618673,,,,1,,
37.33055368,-122.0009931,95051,,0.35174069360287,,,,1,,
37.33055368,-121.9980648,95051,,0.17463852182422,,,,1,,
37.33055368,-121.9976100,95051,,0.15285991291875,,,,1,,
37.33055368,-121.9928817,95051,,0.25733880993542,,,,1,,
37.33055368,-121.9917678,95051,,0.32770430873717,,,,1,,
37.33055368,-121.9864984,95051,,0.63939280910874,,,,1,,
37.33055368,-121.9810490,95051,,0.36132512561299,,,,1,,
37.33055368,-121.9784166,95051,,0.31258618041397,,,,1,,
37.33055368,-121.9749595,95051,,0.39381028143489,,,,1,,
37.33055368,-121.9744828,95051,,0.41467032756571,,,,1,,
37.33055368,-121.9695998,95051,,0.68531716555273,,,,1,,
37.33055368,-121.9655582,95051,,0.94248755443609,,,,1,,
37.33055368,-121.9614505,95051,,1.21391001513451,,,,1,,
37.33055368,-121.9587149,95051,,1.39740698589818,,,,1,,
37.33055368,-121.9542577,95050,,1.32450399238915,,,,1,,
37.33055368,-121.9522149,95050,,1.26741782978898,,,,1,,
37.33055368,-121.9512522,95050,,1.22372030346498,,,,1,,
37.33055368,-121.9445777,95050,,0.99305278713752,,,,1,,
37.33055368,-121.9432525,95050,,0.96708047279579,,,,1,,
37.33055368,-121.9392131,95050,,0.93996163287251,,,,1,,
37.33055368,-121.9328277,95110,,0.96780941272619,,,,1,,
37.33055368,-121.9323056,95110,,0.94015354514531,,,,1,,
37.33055368,-121.9302772,95110,,0.83880127672211,,,,1,,
37.33055368,-121.9284591,95110,,0.75853090961704,,,,1,,
37.33055368,-121.9242732,95110,,0.63258075702806,,,,1,,
37.33055368,-121.9183149,95110,,0.66282688947030,,,,1,,
37.33055368,-121.9160063,95110,,0.73867535317171,,,,1,,
37.33055368,-121.9139929,95110,,0.80233709752099,,,,1,,
37.33055368,-121.9138571,95110,,0.79301057707775,,,,1,,
37.33055368,-121.9080024,95110,,0.39350194914685,,,,1,,
37.33055368,-121.9016219,95110,,0.10477744009767,,,,1,,
37.33055368,-121.9005553,95110,,0.15764830614998,,,,1,,
37.33055368,-121.8996950,95110,,0.20966343259557,,,,1,,
37.33055368,-121.8980458,95110,,0.31677213814021,,,,1,,
37.33055368,-121.8980280,95110,,0.31795414326990,,,,1,,
37.33055368,-121.8960414,95110,,0.45148582122323,,,,1,,
37.33055368,-121.8954052,95110,,0.49468148619113,,,,1,,
37.33055368,-121.8912648,95110,,0.77789427626609,,,,1,,
37.33055368,-121.8850110,95110,,1.20824293988893,,,,1,,
37.33055368,-121.8793874,95125,,1.26668661796248,,,,1,,
37.33055368,-121.8784171,95125,,1.22405427432454,,,,1,,
37.33055368,-121.8748977,95125,,1.09022942567237,,,,1,,
37.33055368,-121.8683527,95112,,0.86307701471037,,,,1,,
37.33055368,-121.8625320,95112,,0.54575176633696,,,,1,,
37.33055368,-121.8583930,95122,,0.28652947704871,,,,1,,
37.33055368,-121.8563893,95122,,0.17683786826337,,,,1,,
37.33055368,-121.8506173,95122,,0.31486378876643,,,,1,,
37.33055368,-121.8468061,95122,,0.56420927197812,,,,1,,
37.33055368,-121.8433376,95122,,0.79898007303543,,,,1,,
37.33055368,-121.8383536,95111,,1.01567432202014,,,,1,,
37.33055368,-121.8356722,95111,,1.06486375174730,,,,1,,
37.33055368,-121.8315143,95111,,1.19515729601117,,,,1,,
37.33055368,-121.8308936,95111,,1.21922965382536,,,,1,,
37.33055368,-121.8281668,95111,,1.33619959903472,,,,1,,
37.33055368,-121.8272766,95111,,1.37781896379774,,,,1,,
37.33055368,-121.8259388,95111,,1.44304081764883,,,,1,,
37.33055368,-121.8235848,95111,,1.56447900573110,,,,1,,
37.33055368,-121.8232108,95111,,1.58445342745376,,,,1,,
37.33055368,-121.8193194,95148,,1.56842899142014,,,,1,,
37.33055368,-121.8173822,95148,,1.43716518503410,,,,1,,
37.33055368,-121.8123160,95148,,1.09684749996894,,,,1,,
37.33055368,-121.8094020,95148,,0.90447776846993,,,,1,,
37.33055368,-121.8070694,95148,,0.75387706584002,,,,1,,
37.33055368,-121.8065868,95148,,0.72328815559118,,,,1,,
37.33055368,-121.8043781,95148,,0.58713744705838,,,,1,,
37.33055368,-121.7992059,95148,,0.33044822642193,,,,1,,
37.33055368,-121.7937443,95148,,0.37117754700438,,,,1,,
37.33055368,-121.7931151,95148,,0.39920209287236,,,,1,,
37.33055368,-121.7926078,95148,,0.42370017925490,,,,1,,
37.33055368,-121.7866464,95148,,0.77494318952761,,,,1,,
37.33055368,-121.7824236,95148,,1.05075988959036,,,,1,,
37.33055368,-121.7764247,95148,,1.45334702427227,,,,1,,
37.33055368,-121.7763567,95148,,1.45794881538074,,,,1,,
37.33055368,-121.7715974,95148,,1.78128342530296,,,,1,,
37.33229120603362,-122.0200037,95014,,0.09061692015708,,,,1,,
37.33229120603362,-122.0162766,95014,,0.31109736927556,,,,1,,
37.33229120603362,-122.0122977,95014,,0.58114335035505,,,,1,,
37.33229120603362,-122.0074093,95051,,0.79576661211885,,,,1,,
37.33229120603362,-122.0050637,95051,,0.63901083162540,,,,1,,
37.33229120603362,-122.0048368,95051,,0.62399136621057,,,,1,,
37.33229120603362,-121.9998309,95051,,0.30971216683987,,,,1,,
37.33229120603362,-121.9992731,95051,,0.27935802077267,,,,1,,
37.33229120603362,-121.9939406,95051,,0.23889285010947,,,,1,,
37.33229120603362,-121.9891828,95051,,0.51727177755851,,,,1,,
37.33229120603362,-121.9827495,95051,,0.38889685717839,,,,1,,
37.33229120603362,-121.9797445,95051,,0.26514064541159,,,,1,,
37.33229120603362,-121.9753404,95051,,0.32782013466140,,,,1,,
37.33229120603362,-121.9717823,95051,,0.52225993042801,,,,1,,
37.33229120603362,-121.9715197,95051,,0.53827935819715,,,,1,,
37.33229120603362,-121.9660080,95051,,0.89346763357514,,,,1,,
37.33229120603362,-121.9608596,95051,,1.23908801075055,,,,1,,
37.33229120603362,-121.9577409,95050,,1.35792316465167,,,,1,,
37.33229120603362,-121.9541606,95050,,1.26474756849723,,,,1,,
37.33229120603362,-121.9521912,95050,,1.20847851945002,,,,1,,
37.33229120603362,-121.9472600,95050,,1.01255940074596,,,,1,,
37.33229120603362,-121.9441917,95050,,0.92431631041666,,,,1,,
37.33229120603362,-121.9407351,95050,,0.87721055418369,,,,1,,
37.33229120603362,-121.9379810,95050,,0.88518353498560,,,,1,,
37.33229120603362,-121.9360674,95050,,0.91430810363201,,,,1,,
37.33229120603362,-121.9326188,95110,,0.91732031519908,,,,1,,
37.33229120603362,-121.9303784,95110,,0.79868831603421,,,,1,,
37.33229120603362,-121.9240876,95110,,0.56791511555485,,,,1,,
37.33229120603362,-121.9207884,95110,,0.55514921315867,,,,1,,
37.33229120603362,-121.9185171,95110,,0.59893950666984,,,,1,,
37.33229120603362,-121.9150320,95110,,0.72942307335858,,,,1,,
37.33229120603362,-121.9109962,95110,,0.60951132725457,,,,1,,
37.33229120603362,-121.9093704,95110,,0.50145780114787,,,,1,,
37.33229120603362,-121.9089834,95110,,0.47602953455891,,,,1,,
37.33229120603362,-121.9077163,95110,,0.39399123283377,,,,1,,
37.33229120603362,-121.9036447,95110,,0.17222427360568,,,,1,,
37.33229120603362,-121.8972113,95110,,0.39233702120619,,,,1,,
37.33229120603362,-121.8952583,95110,,0.51947260159742,,,,1,,
37.33229120603362,-121.8920350,95110,,0.73541617463939,,,,1,,
37.33229120603362,-121.8886281,95110,,0.95674149579328,,,,1,,
37.33229120603362,-121.8840960,95110,,1.25667658596025,,,,1,,
37.33229120603362,-121.8826913,95110,,1.35085861367054,,,,1,,
37.33229120603362,-121.8821691,95110,,1.38597227592079,,,,1,,
37.33229120603362,-121.8797031,95125,,1.32922844480594,,,,1,,
37.33229120603362,-121.8787853,95125,,1.28973154009329,,,,1,,
37.33229120603362,-121.8755904,95125,,1.16878598921738,,,,1,,
37.33229120603362,-121.8746016,95125,,1.13744675881586,,,,1,,
37.33229120603362,-121.8691592,95112,,0.94285045909543,,,,1,,
37.33229120603362,-121.8652040,95112,,0.72075991044649,,,,1,,
37.33229120603362,-121.8631185,95122,,0.58370240417048,,,,1,,
37.33229120603362,-121.8564100,95122,,0.13608395982622,,,,1,,
37.33229120603362,-121.8530456,95122,,0.13689424105661,,,,1,,
37.33229120603362,-121.8525716,95122,,0.16570421130590,,,,1,,
37.33229120603362,-121.8460897,95122,,0.60161661300581,,,,1,,
37.33229120603362,-121.8448154,95122,,0.68912241572242,,,,1,,
37.33229120603362,-121.8438496,95122,,0.75552802005600,,,,1,,
37.33229120603362,-121.8431568,95122,,0.80319651298803,,,,1,,
37.33229120603362,-121.8409651,95122,,0.95413108659101,,,,1,,
37.33229120603362,-121.8360800,95111,,1.11556359205029,,,,1,,
37.33229120603362,-121.8315079,95111,,1.24880070443062,,,,1,,
37.33229120603362,-121.8279843,95111,,1.39229256722411,,,,1,,
37.33229120603362,-121.8268709,95111,,1.44321809105985,,,,1,,
37.33229120603362,-121.8213917,95148,,1.72131039049285,,,,1,,
37.33229120603362,-121.8190420,95148,,1.56285101865362,,,,1,,
37.33229120603362,-121.8147963,95148,,1.27901162788382,,,,1,,
37.33229120603362,-121.8095598,95148,,0.93705261401446,,,,1,,
37.33229120603362,-121.8075574,95148,,0.81086125933667,,,,1,,
37.33229120603362,-121.8066298,95148,,0.75385268798001,,,,1,,
37.33229120603362,-121.8063340,95148,,0.73591863570396,,,,1,,
37.33229120603362,-121.8020981,95148,,0.50062533918450,,,,1,,
37.33229120603362,-121.8013702,95148,,0.46677563310973,,,,1,,
37.33229120603362,-121.8001655,95148,,0.41809002695893,,,,1,,
37.33229120603362,-121.7980010,95148,,0.36361378944190,,,,1,,
37.33229120603362,-121.7949363,95148,,0.38527344367138,,,,1,,
37.33229120603362,-121.7929562,95148,,0.45454263329229,,,,1,,
37.33229120603362,-121.7881697,95148,,0.70842710062684,,,,1,,
37.33229120603362,-121.7861191,95148,,0.83384719155715,,,,1,,
37.33229120603362,-121.7812331,95148,,1.14804746069750,,,,1,,
37.33306415229204,-122.0167077,95014,,0.27575980080229,,,,1,,
37.33306415229204,-122.0153516,95014,,0.36823810211701,,,,1,,
37.33306415229204,-122.0117115,95014,,0.61829875733824,,,,1,,
37.33306415229204,-122.0062773,95051,,0.72745978294296,,,,1,,
37.33306415229204,-122.0010869,95051,,0.39763560028704,,,,1,,
37.33306415229204,-121.9944883,95051,,0.24033936498494,,,,1,,
37.33306415229204,-121.9938470,95051,,0.26491094340771,,,,1,,
37.33306415229204,-121.9885174,95051,,0.57034048890484,,,,1,,
37.33306415229204,-121.9857287,95051,,0.55074328452762,,,,1,,
37.33306415229204,-121.9818091,95051,,0.32148614384356,,,,1,,
37.33306415229204,-121.9814691,95051,,0.30483173217529,,,,1,,
37.33306415229204,-121.9801149,95051,,0.24966079814155,,,,1,,
37.33306415229204,-121.9753864,95051,,0.30468949556641,,,,1,,
37.33306415229204,-121.9744975,95051,,0.34987242305294,,,,1,,
37.33306415229204,-121.9711420,95051,,0.54959228145050,,,,1,,
37.33306415229204,-121.9657996,95051,,0.89995700108453,,,,1,,
37.33306415229204,-121.9628830,95051,,1.09644669553809,,,,1,,
37.33306415229204,-121.9568222,95050,,1.32686731428784,,,,1,,
37.33306415229204,-121.9559896,95050,,1.30354934121696,,,,1,,
37.33306415229204,-121.9556388,95050,,1.29058699596442,,,,1,,
37.33306415229204,-121.9506970,95050,,1.12907207668254,,,,1,,
37.33306415229204,-121.9498021,95050,,1.08917355365180,,,,1,,
37.33306415229204,-121.9442772,95050,,0.89957579141494,,,,1,,
37.33306415229204,-121.9413410,95050,,0.85291379640837,,,,1,,
37.33306415229204,-121.9365263,95050,,0.87837648001143,,,,1,,
37.33306415229204,-121.9353054,95050,,0.90438169068443,,,,1,,
37.33306415229204,-121.9332614,95110,,0.93727932719786,,,,1,,
37.33306415229204,-121.9320175,95110,,0.86713084061386,,,,1,,
37.33306415229204,-121.9257701,95110,,0.58279036067219,,,,1,,
37.33306415229204,-121.9231675,95110,,0.52713124999448,,,,1,,
37.33306415229204,-121.9184754,95110,,0.57437825676932,,,,1,,
37.33306415229204,-121.9119692,95110,,0.68172849926649,,,,1,,
37.33306415229204,-121.9087636,95110,,0.47165287186258,,,,1,,
37.33306415229204,-121.9062200,95110,,0.31625488051421,,,,1,,
37.33306415229204,-121.9058877,95110,,0.29763109372326,,,,1,,
37.33306415229204,-121.9023567,95110,,0.17952512952774,,,,1,,
37.33306415229204,-121.8998323,95110,,0.25480095308907,,,,1,,
37.33306415229204,-121.8944585,95110,,0.57686499985240,,,,1,,
37.33306415229204,-121.8925445,95110,,0.69473710637727,,,,1,,
37.33306415229204,-121.8887515,95110,,0.93970369602550,,,,1,,
37.33306415229204,-121.8827700,95110,,1.33924850236178,,,,1,,
37.33306415229204,-121.8803439,95125,,1.37928045613347,,,,1,,
37.33306415229204,-121.8740297,95125,,1.14665165711778,,,,1,,
37.33306415229204,-121.8695212,95112,,0.97877829615536,,,,1,,
37.33306415229204,-121.8687052,95112,,0.93098300058836,,,,1,,
37.33306415229204,-121.8628929,95122,,0.56537710924966,,,,1,,
37.33306415229204,-121.8602075,95122,,0.38063489423434,,,,1,,
37.33306415229204,-121.8563655,95122,,0.12073758600637,,,,1,,
37.33306415229204,-121.8501122,95122,,0.32233232082318,,,,1,,
37.33306415229204,-121.8459259,95122,,0.61020859969024,,,,1,,
37.33306415229204,-121.8425005,95122,,0.84646435738228,,,,1,,
37.33306415229204,-121.8379021,95111,,1.11140311027352,,,,1,,
37.33306415229204,-121.8359796,95111,,1.14451077574613,,,,1,,
37.33306415229204,-121.8332827,95111,,1.21414936129916,,,,1,,
37.33306415229204,-121.8306904,95111,,1.30288355786100,,,,1,,
37.33306415229204,-121.8290841,95111,,1.36678488898546,,,,1,,
37.33306415229204,-121.8248216,95111,,1.56212429708524,,,,1,,
37.33306415229204,-121.8213453,95148,,1.72424989462018,,,,1,,
37.33306415229204,-121.8165619,95148,,1.40403676504289,,,,1,,
37.33306415229204,-121.8143237,95148,,1.25604130084427,,,,1,,
37.33306415229204,-121.8122659,95148,,1.12156090444236,,,,1,,
37.33306415229204,-121.8106995,95148,,1.02059597147692,,,,1,,
37.33306415229204,-121.8076433,95148,,0.82890239157110,,,,1,,
37.33306415229204,-121.8053851,95148,,0.69455974199617,,,,1,,
37.33306415229204,-121.8003145,95148,,0.44752564283178,,,,1,,
37.33306415229204,-121.7980662,95148,,0.39210406445681,,,,1,,
37.33306415229204,-121.7966541,95148,,0.38626102702877,,,,1,,
37.33306415229204,-121.7909998,95148,,0.56723303524731,,,,1,,
37.33306415229204,-121.7901751,95148,,0.61027233435907,,,,1,,
37.33306415229204,-121.7845803,95148,,0.94218898501258,,,,1,,
37.33306415229204,-121.7818254,95148,,1.11860403004680,,,,1,,
37.33306415229204,-121.7772421,95148,,1.42010508475309,,,,1,,
37.33306415229204,-121.7740115,95148,,1.63607526525495,,,,1,,
37.33306415229204,-121.7680875,95148,,2.03617368552986,,,,1,,
37.33306415229204,-121.7677240,95148,,2.06084207582833,,,,1,,
37.33306415229204,-121.7656276,95148,,2.20330896999626,,,,1,,
37.33306415229204,-121.7615644,95148,,2.48022365779295,,,,1,,
37.33306415229204,-121.7575427,95148,,2.75507608197259,,,,1,,
37.33542069955529,-122.0189033,95014,,0.12425724635964,,,,1,,
37.33542069955529,-122.0125465,95014,,0.55956251492133,,,,1,,
37.33542069955529,-122.0058914,95051,,0.73235813278692,,,,1,,
37.33542069955529,-122.0022665,95051,,0.51327187022726,,,,1,,
37.33542069955529,-121.9988354,95051,,0.34745809591353,,,,1,,
37.33542069955529,-121.9986606,95051,,0.34127043646726,,,,1,,
37.33542069955529,-121.9952178,95051,,0.30330630479828,,,,1,,
37.33542069955529,-121.9918358,95051,,0.42208769379288,,,,1,,
37.33542069955529,-121.9873884,95051,,0.63369039038955,,,,1,,
37.33542069955529,-121.9849419,95051,,0.46986526821304,,,,1,,
37.33542069955529,-121.9795047,95051,,0.15374402852693,,,,1,,
37.33542069955529,-121.9766277,95051,,0.18311555743778,,,,1,,
37.33542069955529,-121.9759655,95051,,0.21679107864453,,,,1,,
37.33542069955529,-121.9733417,95051,,0.37619518865729,,,,1,,
37.33542069955529,-121.9730087,95051,,0.39776930956479,,,,1,,
37.33542069955529,-121.9667985,95051,,0.81463306887599,,,,1,,
37.33542069955529,-121.9649317,95051,,0.94209534186592,,,,1,,
37.33542069955529,-121.9624154,95051,,1.11446142696776,,,,1,,
37.33542069955529,-121.9593748,95050,,1.25709937297556,,,,1,,
37.33542069955529,-121.9569591,95050,,1.24095291603542,,,,1,,
37.33542069955529,-121.9569483,95050,,1.24093067260283,,,,1,,
37.33542069955529,-121.9521552,95050,,1.10181956298955,,,,1,,
37.33542069955529,-121.9489865,95050,,0.98678958451213,,,,1,,
37.33542069955529,-121.9484343,95050,,0.96294320926434,,,,1,,
37.33542069955529,-121.9472185,95050,,0.91386802303799,,,,1,,
37.33542069955529,-121.9422103,95050,,0.77754484675657,,,,1,,
37.33542069955529,-121.9415979,95050,,0.76994477208180,,,,1,,
37.33542069955529,-121.9351190,95050,,0.82930481997398,,,,1,,
37.33542069955529,-121.9328840,95110,,0.86962352237057,,,,1,,
37.33542069955529,-121.9275013,95110,,0.57817704751574,,,,1,,
37.33542069955529,-121.9270345,95110,,0.55743395194181,,,,1,,
37.33542069955529,-121.9235331,95110,,0.44763775770708,,,,1,,
37.33542069955529,-121.9201929,95110,,0.45190137167652,,,,1,,
37.33542069955529,-121.9160904,95110,,0.59557345515113,,,,1,,
37.33542069955529,-121.9113273,95110,,0.66833351565023,,,,1,,
37.33542069955529,-121.9105368,95110,,0.61858598056250,,,,1,,
37.33542069955529,-121.9097855,95110,,0.57213006420140,,,,1,,
37.33542069955529,-121.9085104,95110,,0.49576999227201,,,,1,,
37.33542069955529,-121.9061277,95110,,0.36575619658845,,,,1,,
37.33542069955529,-121.9020882,95110,,0.20247305873979,,,,1,,
37.33542069955529,-121.8973034,95110,,0.36425931812270,,,,1,,
37.33542069955529,-121.8913676,95110,,0.74179242093149,,,,1,,
37.33542069955529,-121.8857767,95110,,1.11859442479551,,,,1,,
37.33542069955529,-121.8822867,95110,,1.35652148518574,,,,1,,
37.33542069955529,-121.8802664,95125,,1.44267079108928,,,,1,,
37.33542069955529,-121.8799815,95125,,1.43066207562224,,,,1,,
37.33542069955529,-121.8794135,95133,,1.40681030609146,,,,1,,
37.33542069955529,-121.8767939,95133,,1.27639333865900,,,,1,,
37.33542069955529,-121.8752555,95133,,1.20590873020865,,,,1,,
37.33542069955529,-121.8708183,95133,,1.03738260302689,,,,1,,
37.33542069955529,-121.8699257,95133,,1.01134879422347,,,,1,,
37.33542069955529,-121.8642073,95122,,0.65591779054711,,,,1,,
37.33542069955529,-121.8611055,95122,,0.44226194207925,,,,1,,
37.33542069955529,-121.8606287,95122,,0.40948156051565,,,,1,,
37.33542069955529,-121.8546176,95122,,0.04334344348565,,,,1,,
37.33542069955529,-121.8502413,95122,,0.31338907139600,,,,1,,
37.33542069955529,-121.8471331,95122,,0.52697502773044,,,,1,,
37.33542069955529,-121.8438487,95122,,0.75340024335196,,,,1,,
37.33542069955529,-121.8416188,95122,,0.90727644772536,,,,1,,
37.33542069955529,-121.8356593,95111,,1.23307743018204,,,,1,,
37.33542069955529,-121.8313453,95111,,1.35266442866602,,,,1,,
37.33542069955529,-121.8289521,95111,,1.44148548223912,,,,1,,
37.33542069955529,-121.8278405,95111,,1.48719751783913,,,,1,,
37.33542069955529,-121.8276360,95111,,1.49588452883786,,,,1,,
37.33542069955529,-121.8214639,95148,,1.75333922281322,,,,1,,
37.33542069955529,-121.8178978,95148,,1.51744175368169,,,,1,,
37.33542069955529,-121.8134777,95148,,1.23078240979854,,,,1,,
37.33542069955529,-121.8117152,95148,,1.11924874818293,,,,1,,
37.33542069955529,-121.8071835,95148,,0.84556319675900,,,,1,,
37.33542069955529,-121.8025320,95148,,0.60577689710833,,,,1,,
37.33542069955529,-121.7960246,95148,,0.47623718445370,,,,1,,
37.33542069955529,-121.7916898,95148,,0.59818767955048,,,,1,,
37.33542069955529,-121.7889966,95148,,0.72773992020140,,,,1,,
37.33542069955529,-121.7845283,95148,,0.98355637491883,,,,1,,
37.33542069955529,-121.7823999,95148,,1.11487527967339,,,,1,,
37.33542069955529,-121.7790273,95148,,1.32972793707100,,,,1,,
37.33542069955529,-121.7741990,95148,,1.64595273338253,,,,1,,
37.33542069955529,-121.7722735,95148,,1.77384022652820,,,,1,,
37.33694708598087,-122.0184600,95014,,0.17528016890484,,,,1,,
37.33694708598087,-122.0132199,95014,,0.51994600535912,,,,1,,
37.33694708598087,-122.0130740,95014,,0.52987495666061,,,,1,,
37.33694708598087,-122.0078454,95051,,0.87845729358321,,,,1,,
37.33694708598087,-122.0028516,95051,,0.57895161871907,,,,1,,
37.33694708598087,-121.9988983,95051,,0.39813010218449,,,,1,,
37.33694708598087,-121.9930365,95051,,0.41380264403420,,,,1,,
37.33694708598087,-121.9877732,95051,,0.65061083306287,,,,1,,
37.33694708598087,-121.9812994,95051,,0.21352162633931,,,,1,,
37.33694708598087,-121.9803005,95051,,0.15149695517805,,,,1,,
37.33694708598087,-121.9788771,95051,,0.08456810880355,,,,1,,
37.33694708598087,-121.9733870,95051,,0.35697540046044,,,,1,,
37.33694708598087,-121.9682250,95051,,0.70926226563278,,,,1,,
37.33694708598087,-121.9637401,95051,,1.01782794026422,,,,1,,
37.33694708598087,-121.9596704,95050,,1.20568729091957,,,,1,,
37.33694708598087,-121.9553655,95050,,1.16152113782983,,,,1,,
37.33694708598087,-121.9495930,95050,,0.97280897425995,,,,1,,
37.33694708598087,-121.9461347,95050,,0.82652252930677,,,,1,,
37.33694708598087,-121.9444555,95050,,0.77234788654618,,,,1,,
37.33694708598087,-121.9432617,95050,,0.74250715024118,,,,1,,
37.33694708598087,-121.9378025,95050,,0.71972789306197,,,,1,,
37.33694708598087,-121.9329218,95110,,0.84546105173847,,,,1,,
37.33694708598087,-121.9304628,95110,,0.69773235127902,,,,1,,
37.33694708598087,-121.9256141,95110,,0.45440136860819,,,,1,,
37.33694708598087,-121.9216881,95110,,0.37941941581930,,,,1,,
37.33694708598087,-121.9190039,95110,,0.43119280953173,,,,1,,
37.33694708598087,-121.9187615,95110,,0.43943631527671,,,,1,,
37.33694708598087,-121.9135938,95110,,0.63058710922051,,,,1,,
37.33694708598087,-121.9117289,95110,,0.63036955967591,,,,1,,
37.33694708598087,-121.9091779,95110,,0.53648239923582,,,,1,,
37.33694708598087,-121.9039304,95110,,0.21145494302901,,,,1,,
37.33694708598087,-121.9008045,95110,,0.15769965470939,,,,1,,
37.33694708598087,-121.8964877,95110,,0.38841021609665,,,,1,,
37.33694708598087,-121.8927423,95110,,0.63588471899321,,,,1,,
37.33694708598087,-121.8877945,95110,,0.97189243835430,,,,1,,
37.33694708598087,-121.8850802,95110,,1.15768375328744,,,,1,,
37.33694708598087,-121.8824758,95110,,1.33641488146326,,,,1,,
37.33694708598087,-121.8777247,95133,,1.28285363244630,,,,1,,
37.33694708598087,-121.8723556,95133,,1.04190762592098,,,,1,,
37.33694708598087,-121.8659950,95122,,0.78423961742655,,,,1,,
37.33694708598087,-121.8609148,95122,,0.43818759135708,,,,1,,
37.33694708598087,-121.8569077,95122,,0.17943636249046,,,,1,,
37.33694708598087,-121.8558297,95122,,0.12400441277837,,,,1,,
37.33694708598087,-121.8520877,95122,,0.20761563480123,,,,1,,
37.33694708598087,-121.8502087,95122,,0.32780246086951,,,,1,,
37.33694708598087,-121.8473421,95122,,0.52017089291897,,,,1,,
37.33694708598087,-121.8445790,95122,,0.70857633205670,,,,1,,
37.33694708598087,-121.8426297,95122,,0.84217438809852,,,,1,,
37.33694708598087,-121.8422856,95122,,0.86579297227387,,,,1,,
37.33694708598087,-121.8408720,95122,,0.96290221665491,,,,1,,
37.33694708598087,-121.8396694,95122,,1.04559969096673,,,,1,,
37.33694708598087,-121.8359784,95116,,1.19008899077241,,,,1,,
37.33694708598087,-121.8293066,95116,,1.45294349085418,,,,1,,
37.33694708598087,-121.8280131,95116,,1.51490218202477,,,,1,,
37.33694708598087,-121.8262011,95111,,1.60146270332638,,,,1,,
37.33694708598087,-121.8214220,95148,,1.76633191083304,,,,1,,
37.33694708598087,-121.8161376,95148,,1.42198579618616,,,,1,,
37.33694708598087,-121.8148509,95148,,1.33980882655089,,,,1,,
37.33694708598087,-121.8123254,95148,,1.18135178291635,,,,1,,
37.33694708598087,-121.8060050,95148,,0.81408853751870,,,,1,,
37.33694708598087,-121.8059210,95148,,0.80967206321300,,,,1,,
37.33694708598087,-121.8050277,95148,,0.76385453116370,,,,1,,
37.33694708598087,-121.8021636,95148,,0.63537638560685,,,,1,,
37.33694708598087,-121.7976766,95148,,0.52872617657334,,,,1,,
37.33694708598087,-121.7971020,95148,,0.52681942030378,,,,1,,
37.33694708598087,-121.7948807,95148,,0.54718381732288,,,,1,,
37.33694708598087,-121.7911891,95148,,0.66330688995645,,,,1,,
37.33694708598087,-121.7858281,95148,,0.93585154232912,,,,1,,
37.33694708598087,-121.7801873,95148,,1.27699120979223,,,,1,,
37.33694708598087,-121.7754499,95148,,1.58096063722698,,,,1,,
37.33694708598087,-121.7694045,95148,,1.97971063725103,,,,1,,
37.33694708598087,-121.7653112,95148,,2.25360768063850,,,,1,,
37.33694708598087,-121.7634383,95148,,2.37962753897002,,,,1,,
37.33694708598087,-121.7583774,95148,,2.72174824786594,,,,1,,
37.33694708598087,-121.7556071,95148,,2.90978552183427,,,,1,,
37.33694708598087,-121.7531002,95148,,3.08030351680937,,,,1,,
37.33694708598087,-121.7475120,95148,,3.46137601533717,,,,1,,
37.33694708598087,-121.7446179,95148,,3.65914840864111,,,,1,,
37.33847727280345,-122.0202489,95014,,0.14930411643248,,,,1,,
37.33847727280345,-122.0168739,95014,,0.29818997616573,,,,1,,
37.33847727280345,-122.0149212,95014,,0.42087540397684,,,,1,,
37.33847727280345,-122.0101508,95014,,0.73876861746342,,,,1,,
37.33847727280345,-122.0076448,95051,,0.89000463940068,,,,1,,
37.33847727280345,-122.0071065,95051,,0.85710879359654,,,,1,,
37.33847727280345,-122.0017642,95051,,0.56057807309883,,,,1,,
37.33847727280345,-121.9967615,95051,,0.40948317310473,,,,1,,
37.33847727280345,-121.9953902,95051,,0.41137771101379,,,,1,,
37.33847727280345,-121.9895775,95051,,0.61253432752409,,,,1,,
37.33847727280345,-121.9837622,95051,,0.36938478726184,,,,1,,
37.33847727280345,-121.9789001,95051,,0.03979231797414,,,,1,,
37.33847727280345,-121.9747440,95051,,0.25544910940497,,,,1,,
37.33847727280345,-121.9726486,95051,,0.39987272694518,,,,1,,
37.33847727280345,-121.9694946,95051,,0.61758042289977,,,,1,,
37.33847727280345,-121.9637279,95051,,1.01588281360114,,,,1,,
37.33847727280345,-121.9613287,95050,,1.17848832115444,,,,1,,
37.33847727280345,-121.9595879,95050,,1.14964906514302,,,,1,,
37.33847727280345,-121.9538930,95050,,1.05878221028370,,,,1,,
37.33847727280345,-121.9498762,95050,,0.94167755819165,,,,1,,
37.33847727280345,-121.9432203,95050,,0.68864867013161,,,,1,,
37.33847727280345,-121.9368087,95050,,0.68324269865105,,,,1,,
37.33847727280345,-121.9313365,95110,,0.72247505716054,,,,1,,
37.33847727280345,-121.9286102,95110,,0.56032831064120,,,,1,,
37.33847727280345,-121.9258983,95110,,0.42128060621034,,,,1,,
37.33847727280345,-121.9258615,95110,,0.41965241144735,,,,1,,
37.33847727280345,-121.9244440,95110,,0.36497977650585,,,,1,,
37.33847727280345,-121.9234917,95110,,0.33936051671083,,,,1,,
37.33847727280345,-121.9234689,95110,,0.33888003999454,,,,1,,
37.33847727280345,-121.9209387,95110,,0.33093340814380,,,,1,,
37.33847727280345,-121.9188368,95110,,0.38933337784194,,,,1,,
37.33847727280345,-121.9135229,95110,,0.57448713013178,,,,1,,
37.33847727280345,-121.9078751,95110,,0.43570702857426,,,,1,,
37.33847727280345,-121.9028073,95110,,0.11732235036217,,,,1,,
37.33847727280345,-121.9002452,95110,,0.13446515669597,,,,1,,
37.33847727280345,-121.8936936,95110,,0.56053457547956,,,,1,,
37.33847727280345,-121.8923638,95110,,0.65141605423358,,,,1,,
37.33847727280345,-121.8868556,95110,,1.02975905176002,,,,1,,
37.33847727280345,-121.8816690,95110,,1.38714318500022,,,,1,,
37.33847727280345,-121.8768609,95133,,1.20112132712909,,,,1,,
37.33847727280345,-121.8726875,95133,,1.00891220704885,,,,1,,
37.33847727280345,-121.8714181,95133,,0.96004454534475,,,,1,,
37.33847727280345,-121.8690036,95133,,0.88382041548525,,,,1,,
37.33847727280345,-121.8656296,95122,,0.76841562422236,,,,1,,
37.33847727280345,-121.8645300,95122,,0.69414551564615,,,,1,,
37.33847727280345,-121.8609259,95122,,0.45469204958175,,,,1,,
37.33847727280345,-121.8579056,95122,,0.26783965694389,,,,1,,
37.33847727280345,-121.8553837,95122,,0.16044292890245,,,,1,,
37.33847727280345,-121.8526384,95122,,0.21144833797617,,,,1,,
37.33847727280345,-121.8480444,95122,,0.48727007839496,,,,1,,
37.33847727280345,-121.8443407,95122,,0.73453061751742,,,,1,,
37.33847727280345,-121.8412874,95122,,0.94185427731126,,,,1,,
37.33847727280345,-121.8365769,95116,,1.12188735283123,,,,1,,
37.33847727280345,-121.8330377,95116,,1.24660259542352,,,,1,,
37.33847727280345,-121.8309731,95116,,1.33475517093678,,,,1,,
37.33847727280345,-121.8299398,95116,,1.38229578445351,,,,1,,
37.33847727280345,-121.8290089,95116,,1.42682905059426,,,,1,,
37.33847727280345,-121.8235430,95116,,1.71385972581947,,,,1,,
37.33847727280345,-121.8230449,95116,,1.74173724803355,,,,1,,
37.33847727280345,-121.8223208,95116,,1.78267112428454,,,,1,,
37.33847727280345,-121.8178355,95148,,1.55163171845510,,,,1,,
37.33847727280345,-121.8138877,95148,,1.30283122658937,,,,1,,
37.33847727280345,-121.8128135,95148,,1.23688395304242,,,,1,,
37.33847727280345,-121.8078869,95148,,0.95020308989590,,,,1,,
37.33847727280345,-121.8028685,95148,,0.70886617771552,,,,1,,
37.33847727280345,-121.7967296,95148,,0.58285330336837,,,,1,,
37.33847727280345,-121.7908926,95148,,0.72020924997156,,,,1,,
37.33847727280345,-121.7871054,95148,,0.89936327982310,,,,1,,
37.33847727280345,-121.7827299,95148,,1.14656182550932,,,,1,,
37.33847727280345,-121.7790871,95148,,1.36935069133285,,,,1,,
37.33847727280345,-121.7725116,95148,,1.79100307263813,,,,1,,
37.33847727280345,-121.7695841,95148,,1.98338001241595,,,,1,,
37.33847727280345,-121.7640507,95148,,2.35154587509060,,,,1,,
37.33847727280345,-121.7601029,95148,,2.61670038245261,,,,1,,
37.33847727280345,-121.7574726,95148,,2.79418022865534,,,,1,,
37.33847727280345,-121.7536984,95148,,3.04972313014057,,,,1,,
37.33847727280345,-121.7491081,95148,,3.36160835618161,,,,1,,
37.33847727280345,-121.7424329,95148,,3.81670804279994,,,,1,,
37.33972224508363,-122.0200540,95014,,0.19664272148845,,,,1,,
37.33972224508363,-122.0196217,95014,,0.20477539802763,,,,1,,
37.33972224508363,-122.0157544,95014,,0.38797800094200,,,,1,,
37.33972224508363,-122.0146069,95014,,0.45850128197211,,,,1,,
37.33972224508363,-122.0105093,95014,,0.72526396661244,,,,1,,
37.33972224508363,-122.0104699,95014,,0.72788902918821,,,,1,,
37.33972224508363,-122.0074250,95051,,0.89864056194457,,,,1,,
37.33972224508363,-122.0069516,95051,,0.87055020968309,,,,1,,
37.33972224508363,-122.0028305,95051,,0.64469323213790,,,,1,,
37.33972224508363,-121.9986622,95051,,0.48420295985423,,,,1,,
37.33972224508363,-121.9960794,95051,,0.45325639369490,,,,1,,
37.33972224508363,-121.9953693,95051,,0.45675956931195,,,,1,,
37.33972224508363,-121.9902711,95051,,0.61065417454702,,,,1,,
37.33972224508363,-121.9884134,95051,,0.69045853312392,,,,1,,
37.33972224508363,-121.9880461,95051,,0.66509352306383,,,,1,,
37.33972224508363,-121.9837604,95051,,0.36927919906448,,,,1,,
37.33972224508363,-121.9771589,95051,,0.09053295368122,,,,1,,
37.33972224508363,-121.9710039,95051,,0.51338903230001,,,,1,,
37.33972224508363,-121.9710023,95051,,0.51349947813478,,,,1,,
37.33972224508363,-121.9693325,95051,,0.62878464578517,,,,1,,
37.33972224508363,-121.9638169,95051,,1.00974144518464,,,,1,,
37.33972224508363,-121.9582806,95050,,1.09068413962197,,,,1,,
37.33972224508363,-121.9578926,95050,,1.08784886841501,,,,1,,
37.33972224508363,-121.9561455,95050,,1.08324155433496,,,,1,,
37.33972224508363,-121.9543898,95050,,1.03971017812592,,,,1,,
37.33972224508363,-121.9531180,95050,,0.99203135052030,,,,1,,
37.33972224508363,-121.9527930,95050,,0.98073911484018,,,,1,,
37.33972224508363,-121.9523470,95050,,0.96587789497012,,,,1,,
37.33972224508363,-121.9520186,95050,,0.95542302606361,,,,1,,
37.33972224508363,-121.9479165,95050,,0.81957351101309,,,,1,,
37.33972224508363,-121.9415161,95050,,0.61396013959898,,,,1,,
37.33972224508363,-121.9412672,95050,,0.61105353602658,,,,1,,
37.33972224508363,-121.9352208,95050,,0.68456196374384,,,,1,,
37.33972224508363,-121.9289835,95110,,0.55761770400788,,,,1,,
37.33972224508363,-121.9266147,95110,,0.42354796003195,,,,1,,
37.33972224508363,-121.9215816,95110,,0.27886304137759,,,,1,,
37.33972224508363,-121.9183818,95110,,0.37273493964183,,,,1,,
37.33972224508363,-121.9167857,95110,,0.45386057343197,,,,1,,
37.33972224508363,-121.9157927,95110,,0.50988636078379,,,,1,,
37.33972224508363,-121.9155186,95110,,0.52587698775177,,,,1,,
37.33972224508363,-121.9088948,95110,,0.49886945605705,,,,1,,
37.33972224508363,-121.9082762,95110,,0.45630485994425,,,,1,,
37.33972224508363,-121.9056797,95110,,0.27824485926161,,,,1,,
37.33972224508363,-121.9013272,95110,,0.05076937419127,,,,1,,
37.33972224508363,-121.8950232,95110,,0.46359539231146,,,,1,,
37.33972224508363,-121.8935390,95110,,0.56577702786969,,,,1,,
37.33972224508363,-121.8881663,95110,,0.93634961674481,,,,1,,
37.33972224508363,-121.8848741,95110,,1.16363379783613,,,,1,,
37.33972224508363,-121.8833493,95110,,1.26892583133783,,,,1,,
37.33972224508363,-121.8782011,95133,,1.24186914844280,,,,1,,
37.33972224508363,-121.8779701,95133,,1.22939938700602,,,,1,,
37.33972224508363,-121.8731500,95133,,0.99229509257001,,,,1,,
37.33972224508363,-121.8688180,95133,,0.83696613000797,,,,1,,
37.33972224508363,-121.8642797,95122,,0.68904172460604,,,,1,,
37.33972224508363,-121.8608613,95122,,0.46797158404536,,,,1,,
37.33972224508363,-121.8551755,95122,,0.20176149345802,,,,1,,
37.33972224508363,-121.8530189,95122,,0.23202047489208,,,,1,,
37.33972224508363,-121.8469219,95122,,0.57550331043495,,,,1,,
37.33972224508363,-121.8425334,95122,,0.86634310318387,,,,1,,
37.33972224508363,-121.8425045,95122,,0.86828650586386,,,,1,,
37.33972224508363,-121.8405631,95116,,0.98957265062235,,,,1,,
37.33972224508363,-121.8375525,95116,,1.05277586051246,,,,1,,
37.33972224508363,-121.8320764,95116,,1.25100770146880,,,,1,,
37.33972224508363,-121.8316506,95116,,1.26985375549020,,,,1,,
37.33972224508363,-121.8308338,95116,,1.30709917088699,,,,1,,
37.33972224508363,-121.8300190,95116,,1.34558546053288,,,,1,,
37.33972224508363,-121.8251523,95116,,1.59762264430897,,,,1,,
37.33972224508363,-121.8218311,95116,,1.78562633941506,,,,1,,
37.33972224508363,-121.8202818,95148,,1.72546180300906,,,,1,,
37.33972224508363,-121.8165579,95148,,1.48873430386272,,,,1,,
37.33972224508363,-121.8116936,95148,,1.19242805744074,,,,1,,
37.33972224508363,-121.8092042,95148,,1.05010234356860,,,,1,,
37.33972224508363,-121.8084397,95148,,1.00825306777974,,,,1,,
37.33972224508363,-121.8071637,95148,,0.94086719017385,,,,1,,
37.33972224508363,-121.8011640,95148,,0.68998283491905,,,,1,,
37.33972224508363,-121.8001434,95148,,0.66384059816641,,,,1,,
37.33972224508363,-121.7984492,95148,,0.63552601828820,,,,1,,
37.33972224508363,-121.7939644,95148,,0.66242756659471,,,,1,,
37.34144029108946,-122.0176264,95014,,0.32913861565367,,,,1,,
37.34144029108946,-122.0134531,95014,,0.55778718196898,,,,1,,
37.34144029108946,-122.0130989,95014,,0.57965060308346,,,,1,,
37.34144029108946,-122.0070709,95051,,0.91168382131275,,,,1,,
37.34144029108946,-122.0043247,95051,,0.76285941548807,,,,1,,
37.34144029108946,-122.0003042,95051,,0.58906125296667,,,,1,,
37.34144029108946,-121.9978683,95051,,0.52889132952046,,,,1,,
37.34144029108946,-121.9959362,95051,,0.51639624012676,,,,1,,
37.34144029108946,-121.9918017,95051,,0.59872452029421,,,,1,,
37.34144029108946,-121.9891342,95051,,0.71016350167826,,,,1,,
37.34144029108946,-121.9834258,95051,,0.35594371103757,,,,1,,
37.34144029108946,-121.9786621,95051,,0.08733228058306,,,,1,,
37.34144029108946,-121.9776478,95051,,0.10127116156588,,,,1,,
37.34144029108946,-121.9748605,95051,,0.26090503268529,,,,1,,
37.34144029108946,-121.9694132,95051,,0.62867130135554,,,,1,,
37.34144029108946,-121.9679966,95051,,0.72576200836441,,,,1,,
37.34144029108946,-121.9614591,95050,,1.07802694666756,,,,1,,
37.34144029108946,-121.9549791,95050,,1.01387173463218,,,,1,,
37.34144029108946,-121.9534290,95050,,0.95037286761872,,,,1,,
37.34144029108946,-121.9488116,95050,,0.81709276196240,,,,1,,
37.34144029108946,-121.9486008,95050,,0.80899203871043,,,,1,,
37.34144029108946,-121.9461650,95050,,0.69301895212703,,,,1,,
37.34144029108946,-121.9419595,95050,,0.55935305665721,,,,1,,
37.34144029108946,-121.9357107,95050,,0.61322467311249,,,,1,,
37.34144029108946,-121.9336307,95050,,0.69266415675404,,,,1,,
37.34144029108946,-121.9284290,95110,,0.49441005148630,,,,1,,
37.34144029108946,-121.9236905,95110,,0.24496483327019,,,,1,,
37.34144029108946,-121.9230060,95110,,0.22602762726626,,,,1,,
37.34144029108946,-121.9229511,95110,,0.22487092328380,,,,1,,
37.34144029108946,-121.9162612,95110,,0.44994025133203,,,,1,,
37.34144029108946,-121.9144136,95110,,0.47888297103026,,,,1,,
37.34144029108946,-121.9123984,95110,,0.46337160033626,,,,1,,
37.34144029108946,-121.9108078,95110,,0.48016720231162,,,,1,,
37.34144029108946,-121.9089749,95110,,0.50285427248708,,,,1,,
37.34144029108946,-121.9065548,95110,,0.33581188790700,,,,1,,
37.34144029108946,-121.9013684,95110,,0.02997089694925,,,,1,,
37.34144029108946,-121.8946649,95110,,0.48666972289902,,,,1,,
37.34144029108946,-121.8909259,95110,,0.74489560675926,,,,1,,
37.34144029108946,-121.8901800,95110,,0.79641965185732,,,,1,,
37.34144029108946,-121.8857858,95110,,1.09998505616612,,,,1,,
37.34144029108946,-121.8826195,95110,,1.31874123695577,,,,1,,
37.34144029108946,-121.8794805,95133,,1.27646151064091,,,,1,,
37.34144029108946,-121.8768214,95133,,1.12825938393080,,,,1,,
37.34144029108946,-121.8723140,95133,,0.90724491729422,,,,1,,
37.34144029108946,-121.8680651,95133,,0.75937511775450,,,,1,,
37.34144029108946,-121.8657952,95133,,0.71808140136835,,,,1,,
37.34144029108946,-121.8649038,95133,,0.71072956692933,,,,1,,
37.34144029108946,-121.8615834,95122,,0.54097630762616,,,,1,,
37.34144029108946,-121.8601481,95122,,0.45675245606739,,,,1,,
37.34144029108946,-121.8571946,95122,,0.31239787331443,,,,1,,
37.34144029108946,-121.8507590,95122,,0.37967805112608,,,,1,,
37.34144029108946,-121.8444569,95122,,0.75698088233311,,,,1,,
37.34144029108946,-121.8440081,95122,,0.78614699788291,,,,1,,
37.34144029108946,-121.8377054,95116,,0.99116066990963,,,,1,,
37.34144029108946,-121.8344179,95116,,1.10336820071891,,,,1,,
37.34144029108946,-121.8321220,95116,,1.20114858484694,,,,1,,
37.34144029108946,-121.8285428,95116,,1.37638853988235,,,,1,,
37.34144029108946,-121.8284444,95116,,1.38151766283588,,,,1,,
37.34144029108946,-121.8238337,95116,,1.63556527669501,,,,1,,
37.34144029108946,-121.8172725,95148,,1.56031290366248,,,,1,,
37.34144029108946,-121.8128064,95148,,1.29080955671538,,,,1,,
37.34144029108946,-121.8068131,95148,,0.96661456977925,,,,1,,
37.34144029108946,-121.8002542,95148,,0.72560900905689,,,,1,,
37.34144029108946,-121.7995573,95148,,0.71226213143550,,,,1,,
37.34144029108946,-121.7960573,95148,,0.69359069674457,,,,1,,
37.34144029108946,-121.7900420,95148,,0.84215975630776,,,,1,,
37.34144029108946,-121.7855484,95148,,1.05125776817702,,,,1,,
37.34144029108946,-121.7826492,95148,,1.20950817453401,,,,1,,
37.34144029108946,-121.7819833,95148,,1.24756484187316,,,,1,,
37.34144029108946,-121.7805760,95148,,1.32964886730663,,,,1,,
37.34144029108946,-121.7775304,95148,,1.51345197969703,,,,1,,
37.34144029108946,-121.7722078,95148,,1.84836639279318,,,,1,,
37.34144029108946,-121.7678350,95148,,2.13163828566012,,,,1,,
37.34144029108946,-121.7619859,95148,,2.51741835376842,,,,1,,
37.34144029108946,-121.7559185,95148,,2.92284981290643,,,,1,,
37.34144029108946,-121.7537811,95148,,3.06655842448279,,,,1,,
37.34144029108946,-121.7501874,95148,,3.30897197907844,,,,1,,
37.34144029108946,-121.7439438,95148,,3.73198095273013,,,,1,,
37.34215097239377,-122.0160674,95014,,0.42262630109030,,,,1,,
37.34215097239377,-122.0117024,95014,,0.67800960638646,,,,1,,
37.34215097239377,-122.0059224,95051,,0.86355277514187,,,,1,,
37.34215097239377,-122.0033844,95051,,0.73533231762501,,,,1,,
37.34215097239377,-122.0031797,95051,,0.72585073137110,,,,1,,
37.34215097239377,-122.0027251,95051,,0.70535269551453,,,,1,,
37.34215097239377,-121.9979673,95051,,0.55577924118096,,,,1,,
37.34215097239377,-121.9917021,95051,,0.62468116053523,,,,1,,
37.34215097239377,-121.9879086,95051,,0.66467083478630,,,,1,,
37.34215097239377,-121.9821431,95051,,0.28009994211265,,,,1,,
37.34215097239377,-121.9767787,95051,,0.15956960926946,,,,1,,
37.34215097239377,-121.9717853,95051,,0.47230595659197,,,,1,,
37.34215097239377,-121.9704839,95051,,0.56007830718144,,,,1,,
37.34215097239377,-121.9687597,95051,,0.67723608747736,,,,1,,
37.34215097239377,-121.9667377,95051,,0.81536056508397,,,,1,,
37.34215097239377,-121.9618831,95050,,1.06350216428197,,,,1,,
37.34215097239377,-121.9595903,95050,,1.01810009412249,,,,1,,
37.34215097239377,-121.9564436,95050,,0.99425512483769,,,,1,,
37.34215097239377,-121.9547007,95050,,0.98156494986480,,,,1,,
37.34215097239377,-121.9505985,95050,,0.83323782513309,,,,1,,
37.34215097239377,-121.9479455,95050,,0.75802569145972,,,,1,,
37.34215097239377,-121.9428265,95050,,0.55329861266354,,,,1,,
37.34215097239377,-121.9369164,95050,,0.55443842870924,,,,1,,
37.34215097239377,-121.9346134,95050,,0.63103256173640,,,,1,,
37.34215097239377,-121.9340675,95050,,0.65356756864046,,,,1,,
37.34215097239377,-121.9331463,95050,,0.69458869277328,,,,1,,
37.34215097239377,-121.9277148,95110,,0.43868322761452,,,,1,,
37.34215097239377,-121.9259908,95110,,0.33509081832854,,,,1,,
37.34215097239377,-121.9243797,95110,,0.25106199569179,,,,1,,
37.34215097239377,-121.9194462,95110,,0.25761391334092,,,,1,,
37.34215097239377,-121.9165171,95110,,0.42225760808411,,,,1,,
37.34215097239377,-121.9152924,95110,,0.47378964794814,,,,1,,
37.34215097239377,-121.9110715,95110,,0.45044068177081,,,,1,,
37.34215097239377,-121.9048433,95110,,0.22163455135841,,,,1,,
37.34215097239377,-121.9026112,95110,,0.07726609508226,,,,1,,
37.34215097239377,-121.9008460,95110,,0.07438671594923,,,,1,,
37.34215097239377,-121.8997175,95110,,0.14437959154409,,,,1,,
37.34215097239377,-121.8935932,95110,,0.56215427299570,,,,1,,
37.34215097239377,-121.8920442,95110,,0.66889722060700,,,,1,,
37.34215097239377,-121.8876376,95110,,0.97290748519500,,,,1,,
37.34215097239377,-121.8828776,95110,,1.30154833375108,,,,1,,
37.34215097239377,-121.8779808,95133,,1.17642373105114,,,,1,,
37.34215097239377,-121.8724048,95133,,0.89115878454763,,,,1,,
37.34215097239377,-121.8684888,95133,,0.74660187564182,,,,1,,
37.34215097239377,-121.8671542,95133,,0.71427260431469,,,,1,,
37.34215097239377,-121.8657587,95133,,0.69209195071356,,,,1,,
37.34215097239377,-121.8636687,95122,,0.68121670497108,,,,1,,
37.34215097239377,-121.8627071,95122,,0.62163845649092,,,,1,,
37.34215097239377,-121.8561274,95122,,0.30367411475439,,,,1,,
37.34215097239377,-121.8541769,95122,,0.29058272491238,,,,1,,
37.34215097239377,-121.8477819,95122,,0.56012756023822,,,,1,,
37.34215097239377,-121.8454819,95122,,0.70121038570383,,,,1,,
37.34215097239377,-121.8402900,95116,,0.90766738140431,,,,1,,
37.34215097239377,-121.8341548,95116,,1.09291744321079,,,,1,,
37.34215097239377,-121.8314785,95116,,1.21191100390386,,,,1,,
37.34215097239377,-121.8249140,95116,,1.55918744839433,,,,1,,
37.34215097239377,-121.8242663,95116,,1.59634573526712,,,,1,,
37.34215097239377,-121.8238151,95116,,1.62245754662745,,,,1,,
37.34215097239377,-121.8230985,95116,,1.66428694739027,,,,1,,
37.34215097239377,-121.8182266,95148,,1.63090064709514,,,,1,,
37.34215097239377,-121.8162348,95148,,1.50846657861809,,,,1,,
37.34215097239377,-121.8132643,95148,,1.33139796546171,,,,1,,
37.34215097239377,-121.8076030,95148,,1.02351461680945,,,,1,,
37.34215097239377,-121.8046388,95148,,0.88883730107050,,,,1,,
37.34215097239377,-121.8040607,95148,,0.86578263273852,,,,1,,
37.34215097239377,-121.7976514,95148,,0.71757553377377,,,,1,,
37.34215097239377,-121.7911336,95148,,0.82374551155206,,,,1,,
37.34215097239377,-121.7854336,95148,,1.07432198461835,,,,1,,
37.34215097239377,-121.7848126,95148,,1.10667327930096,,,,1,,
37.34215097239377,-121.7791037,95148,,1.43035139030643,,,,1,,
37.34215097239377,-121.7790956,95148,,1.43083587969486,,,,1,,
37.34215097239377,-121.7758978,95148,,1.62588510003259,,,,1,,
37.34215097239377,-121.7720121,95148,,1.87066370661411,,,,1,,
37.34215097239377,-121.7670641,95148,,2.19041957688786,,,,1,,
37.34215097239377,-121.7623779,95148,,2.49866830118532,,,,1,,
37.34215097239377,-121.7577681,95148,,2.80531337306765,,,,1,,
37.34215097239377,-121.7563398,95148,,2.90084387964176,,,,1,,
37.34215097239377,-121.7512801,95148,,3.24078200356536,,,,1,,
37.34449652698154,-122.0207596,95014,,0.36761979810160,,,,1,,
37.34449652698154,-122.0165073,95014,,0.46491880519630,,,,1,,
37.34449652698154,-122.0124518,95014,,0.67399457861104,,,,1,,
37.34449652698154,-122.0123236,95014,,0.68143727753009,,,,1,,
37.34449652698154,-122.0085301,95014,,0.91317983117806,,,,1,,
37.34449652698154,-122.0029343,95051,,0.78184360914005,,,,1,,
37.34449652698154,-121.9982468,95051,,0.64380455545515,,,,1,,
37.34449652698154,-121.9963222,95051,,0.62804633874422,,,,1,,
37.34449652698154,-121.9960333,95051,,0.62808190884204,,,,1,,
37.34449652698154,-121.9920769,95051,,0.68941379118867,,,,1,,
37.34449652698154,-121.9854550,95051,,0.52434170644196,,,,1,,
37.34449652698154,-121.9846655,95051,,0.47425883694282,,,,1,,
37.34449652698154,-121.9834736,95051,,0.40086558246611,,,,1,,
37.34449652698154,-121.9769692,95051,,0.22180687897842,,,,1,,
37.34449652698154,-121.9735630,95051,,0.38985299643419,,,,1,,
37.34449652698154,-121.9679187,95051,,0.75246824359224,,,,1,,
37.34449652698154,-121.9624279,95050,,0.99881428192388,,,,1,,
37.34449652698154,-121.9620297,95050,,0.98769654363075,,,,1,,
37.34449652698154,-121.9607413,95050,,0.95627427433109,,,,1,,
37.34449652698154,-121.9571927,95050,,0.91003882803467,,,,1,,
37.34449652698154,-121.9510273,95050,,0.76892525243224,,,,1,,
37.34449652698154,-121.9453698,95050,,0.57209769316364,,,,1,,
37.34449652698154,-121.9449996,95050,,0.55551169298977,,,,1,,
37.34449652698154,-121.9388757,95050,,0.43484547027545,,,,1,,
37.34449652698154,-121.9349912,95050,,0.54672499117090,,,,1,,
37.34449652698154,-121.9341554,95050,,0.58427158038449,,,,1,,
37.34449652698154,-121.9285656,95110,,0.46631565400001,,,,1,,
37.34449652698154,-121.9246361,95110,,0.21025070418084,,,,1,,
37.34449652698154,-121.9204692,95110,,0.14686675870870,,,,1,,
37.34449652698154,-121.9183534,95110,,0.27118843298765,,,,1,,
37.34449652698154,-121.9141743,95110,,0.36692920605764,,,,1,,
37.34449652698154,-121.9109538,95110,,0.37037802674273,,,,1,,
37.34449652698154,-121.9091157,95110,,0.42781456743588,,,,1,,
37.34449652698154,-121.9047603,95110,,0.24843366599892,,,,1,,
37.34449652698154,-121.8990150,95110,,0.22709003152495,,,,1,,
37.34449652698154,-121.8987036,95110,,0.24499940360273,,,,1,,
37.34449652698154,-121.8961745,95110,,0.40372234862030,,,,1,,
37.34449652698154,-121.8933714,95110,,0.59031916415333,,,,1,,
37.34449652698154,-121.8932183,95110,,0.60064003647367,,,,1,,
37.34449652698154,-121.8922803,95110,,0.66405035128695,,,,1,,
37.34449652698154,-121.8869716,95110,,1.02623645864965,,,,1,,
37.34449652698154,-121.8863752,95110,,1.06712359925283,,,,1,,
37.34449652698154,-121.8817486,95133,,1.35685162206202,,,,1,,
37.34449652698154,-121.8755727,95133,,0.99161003229135,,,,1,,
37.34449652698154,-121.8693825,95133,,0.69930545565739,,,,1,,
37.34449652698154,-121.8652275,95133,,0.60207623115970,,,,1,,
37.34449652698154,-121.8641961,95133,,0.59718206263804,,,,1,,
37.34449652698154,-121.8631019,95133,,0.60125227321896,,,,1,,
37.34449652698154,-121.8625972,95133,,0.60630607267830,,,,1,,
37.34449652698154,-121.8617879,95122,,0.61407577352035,,,,1,,
37.34449652698154,-121.8585188,95122,,0.45598800330367,,,,1,,
37.34449652698154,-121.8581606,95122,,0.44225896003732,,,,1,,
37.34449652698154,-121.8530888,95122,,0.39047416333113,,,,1,,
37.34449652698154,-121.8473015,95122,,0.63507083350586,,,,1,,
37.34449652698154,-121.8433026,95116,,0.79397245866169,,,,1,,
37.34449652698154,-121.8408143,95116,,0.81596877844199,,,,1,,
37.34449652698154,-121.8346032,95116,,1.00607066928989,,,,1,,
37.34449652698154,-121.8286159,95116,,1.30183596876234,,,,1,,
37.34449652698154,-121.8252990,95116,,1.49005867035337,,,,1,,
37.34449652698154,-121.8213283,95116,,1.72844237168376,,,,1,,
37.34449652698154,-121.8174211,95148,,1.62158393168639,,,,1,,
37.34449652698154,-121.8113134,95148,,1.27196215564930,,,,1,,
37.34449652698154,-121.8080015,95148,,1.10375295945922,,,,1,,
37.34449652698154,-121.8053276,95148,,0.98592734227493,,,,1,,
37.34449652698154,-121.8013375,95148,,0.85533038387097,,,,1,,
37.34449652698154,-121.7954964,95148,,0.80854908770000,,,,1,,
37.34449652698154,-121.7898032,95148,,0.94414511481404,,,,1,,
37.34449652698154,-121.7838653,95148,,1.21203510046607,,,,1,,
37.34449652698154,-121.7815583,95148,,1.33576254594081,,,,1,,
37.34449652698154,-121.7785088,95148,,1.50961582783938,,,,1,,
37.34449652698154,-121.7751341,95148,,1.71168936174945,,,,1,,
37.34449652698154,-121.7688890,95148,,2.10269404592857,,,,1,,
37.34449652698154,-121.7668067,95148,,2.23638165595867,,,,1,,
37.34449652698154,-121.7647063,95148,,2.37243993066363,,,,1,,
37.34449652698154,-121.7596139,95148,,2.70622890544286,,,,1,,
37.34449652698154,-121.7559570,95148,,2.94852121287680,,,,1,,
37.34449652698154,-121.7508049,95148,,3.29253150379434,,,,1,,
37.34449652698154,-121.7452917,95148,,3.66319078940133,,,,1,,
37.34452042604022,-122.0202738,95014,,0.36919756273663,,,,1,,
37.34452042604022,-122.0190438,95014,,0.38431112013842,,,,1,,
37.34452042604022,-122.0155791,95014,,0.50737951340724,,,,1,,
37.34452042604022,-122.0145194,95014,,0.56025847862538,,,,1,,
37.34452042604022,-122.0112113,95014,,0.74774046305003,,,,1,,
37.34452042604022,-122.0093170,95014,,0.86405464747464,,,,1,,
37.34452042604022,-122.0046588,95051,,0.85882057527691,,,,1,,
37.34452042604022,-122.0037550,95051,,0.81756847546466,,,,1,,
37.34452042604022,-121.9977803,95051,,0.63834043248324,,,,1,,
37.34452042604022,-121.9935063,95051,,0.65570685205760,,,,1,,
37.34452042604022,-121.9920712,95051,,0.69037325115716,,,,1,,
37.34452042604022,-121.9884154,95051,,0.71820393603600,,,,1,,
37.34452042604022,-121.9859664,95051,,0.55754191897144,,,,1,,
37.34452042604022,-121.9802616,95051,,0.23556386120710,,,,1,,
37.34452042604022,-121.9759270,95051,,0.26311874125765,,,,1,,
37.34452042604022,-121.9728186,95051,,0.43536979342320,,,,1,,
37.34452042604022,-121.9726596,95051,,0.44517593750743,,,,1,,
37.34452042604022,-121.9675235,95051,,0.77907218316749,,,,1,,
37.34452042604022,-121.9645668,95051,,0.97801576857294,,,,1,,
37.34452042604022,-121.9597499,95050,,0.93630192602788,,,,1,,
37.34452042604022,-121.9538274,95050,,0.87627094527381,,,,1,,
37.34452042604022,-121.9480100,95050,,0.69446929865508,,,,1,,
37.34452042604022,-121.9435176,95050,,0.49606367251995,,,,1,,
37.34452042604022,-121.9380778,95050,,0.44625133904429,,,,1,,
37.34452042604022,-121.9333341,95050,,0.62357895571340,,,,1,,
37.34452042604022,-121.9321105,95050,,0.68749275613545,,,,1,,
37.34452042604022,-121.9267083,95110,,0.34206781185103,,,,1,,
37.34452042604022,-121.9243570,95110,,0.19320795980292,,,,1,,
37.34452042604022,-121.9185605,95110,,0.25766141031751,,,,1,,
37.34452042604022,-121.9161473,95110,,0.41602637724293,,,,1,,
37.34452042604022,-121.9103142,95110,,0.38582373123493,,,,1,,
37.34452042604022,-121.9084824,95110,,0.45352057202122,,,,1,,
37.34452042604022,-121.9077129,95110,,0.43563685291550,,,,1,,
37.34452042604022,-121.9058485,95110,,0.31523735191942,,,,1,,
37.34452042604022,-121.9001949,95110,,0.16782242237281,,,,1,,
37.34452042604022,-121.8981519,95110,,0.27839944009614,,,,1,,
37.34452042604022,-121.8944628,95110,,0.51726847199184,,,,1,,
37.34452042604022,-121.8939830,95110,,0.54939584712953,,,,1,,
37.34452042604022,-121.8928755,95110,,0.62396381271518,,,,1,,
37.34452042604022,-121.8886065,95110,,0.91442700624963,,,,1,,
37.34452042604022,-121.8879812,95110,,0.95720434258213,,,,1,,
37.34452042604022,-121.8848606,95110,,1.17115872709058,,,,1,,
37.34452042604022,-121.8783616,95133,,1.15086641893462,,,,1,,
37.34452042604022,-121.8718989,95133,,0.80297756625973,,,,1,,
37.34452042604022,-121.8688046,95133,,0.67861546474874,,,,1,,
37.34452042604022,-121.8647875,95133,,0.59808784398794,,,,1,,
37.34452042604022,-121.8644803,95133,,0.59681606429331,,,,1,,
37.34452042604022,-121.8627051,95133,,0.60419993650600,,,,1,,
37.34452042604022,-121.8598527,95122,,0.51505033281374,,,,1,,
37.34452042604022,-121.8583294,95122,,0.44933699033980,,,,1,,
37.34452042604022,-121.8520172,95122,,0.41885833332880,,,,1,,
37.34452042604022,-121.8471012,95122,,0.64681885562437,,,,1,,
37.34452042604022,-121.8442926,95116,,0.79458252154370,,,,1,,
37.34452042604022,-121.8407579,95116,,0.81603346756895,,,,1,,
37.34452042604022,-121.8388522,95116,,0.85676028508701,,,,1,,
37.34452042604022,-121.8370607,95116,,0.91088258242402,,,,1,,
37.34452042604022,-121.8363227,95116,,0.93703270123330,,,,1,,
37.34452042604022,-121.8328078,95116,,1.08607198032871,,,,1,,
37.34452042604022,-121.8320958,95116,,1.12026763262372,,,,1,,
37.34452042604022,-121.8318610,95116,,1.13178690791376,,,,1,,
37.34452042604022,-121.8313526,95116,,1.15711560500829,,,,1,,
37.34452042604022,-121.8274355,95116,,1.36688167170471,,,,1,,
37.34452042604022,-121.8271525,95116,,1.38285641156928,,,,1,,
37.34452042604022,-121.8246236,95116,,1.52930407474964,,,,1,,
37.34452042604022,-121.8243163,95116,,1.54749990122428,,,,1,,
37.34452042604022,-121.8223739,95116,,1.66417930945440,,,,1,,
37.34452042604022,-121.8184405,95148,,1.68358765606630,,,,1,,
37.34452042604022,-121.8164211,95148,,1.56234112985614,,,,1,,
37.34452042604022,-121.8146728,95148,,1.46001241915239,,,,1,,
37.34452042604022,-121.8109349,95148,,1.25232298508348,,,,1,,
37.34452042604022,-121.8047222,95148,,0.96290247251112,,,,1,,
37.34452042604022,-121.7993771,95148,,0.81886434953028,,,,1,,
37.34452042604022,-121.7985725,95148,,0.80964849772866,,,,1,,
37.34452042604022,-121.7946922,95148,,0.81850236803892,,,,1,,
37.34452042604022,-121.7943607,95148,,0.82331272245023,,,,1,,
37.34452042604022,-121.7878827,95148,,1.02117002831802,,,,1,,
37.34452042604022,-121.7837517,95148,,1.21850615142484,,,,1,,
37.34452042604022,-121.7836443,95148,,1.22410014089036,,,,1,,
37.34667352602342,-122.0169678,95014,,0.51382825167305,,,,1,,
37.34667352602342,-122.0129550,95014,,0.69365748661256,,,,1,,
37.34667352602342,-122.0089807,95014,,0.92074722637676,,,,1,,
37.34667352602342,-122.0046739,95051,,0.91879223949208,,,,1,,
37.34667352602342,-122.0013145,95051,,0.79121776067724,,,,1,,
37.34667352602342,-122.0005076,95051,,0.76790469889486,,,,1,,
37.34667352602342,-122.0003129,95051,,0.76278317735812,,,,1,,
37.34667352602342,-121.9968663,95051,,0.70921334009268,,,,1,,
37.34667352602342,-121.9913226,95051,,0.78364986993199,,,,1,,
37.34667352602342,-121.9888221,95051,,0.77000066388770,,,,1,,
37.34667352602342,-121.9850146,95051,,0.53305309738577,,,,1,,
37.34667352602342,-121.9806129,95051,,0.31579850492179,,,,1,,
37.34667352602342,-121.9796625,95051,,0.29016555604519,,,,1,,
37.34667352602342,-121.9751145,95051,,0.35952865619608,,,,1,,
37.34667352602342,-121.9710374,95051,,0.58099569117401,,,,1,,
37.34667352602342,-121.9671454,95051,,0.82733212836825,,,,1,,
37.34667352602342,-121.9657996,95051,,0.91547522683960,,,,1,,
37.34667352602342,-121.9591420,95050,,0.84991542439053,,,,1,,
37.34667352602342,-121.9580198,95050,,0.83618771092799,,,,1,,
37.34667352602342,-121.9518602,95050,,0.73122976314106,,,,1,,
37.34667352602342,-121.9486766,95050,,0.63103031217172,,,,1,,
37.34667352602342,-121.9478270,95050,,0.61492493628823,,,,1,,
37.34667352602342,-121.9454286,95050,,0.51808561797079,,,,1,,
37.34667352602342,-121.9425997,95050,,0.39638554025018,,,,1,,
37.34667352602342,-121.9378106,95050,,0.37802564492228,,,,1,,
37.34667352602342,-121.9331378,95050,,0.58320423466296,,,,1,,
37.34667352602342,-121.9295225,95110,,0.52143598927296,,,,1,,
37.34667352602342,-121.9269787,95110,,0.34593490718702,,,,1,,
37.34667352602342,-121.9238152,95110,,0.12870934651723,,,,1,,
37.34667352602342,-121.9187650,95110,,0.22364947981124,,,,1,,
37.34667352602342,-121.9175260,95110,,0.30891840682501,,,,1,,
37.34667352602342,-121.9113623,95110,,0.28602264478950,,,,1,,
37.34667352602342,-121.9083765,95110,,0.40124618432655,,,,1,,
37.34667352602342,-121.9062649,95110,,0.37889352380970,,,,1,,
37.34667352602342,-121.9039699,95110,,0.26215421940039,,,,1,,
37.34667352602342,-121.9003159,95110,,0.23099979687826,,,,1,,
37.34667352602342,-121.8973000,95110,,0.36975960610388,,,,1,,
37.34667352602342,-121.8953309,95110,,0.48786815830738,,,,1,,
37.34667352602342,-121.8915749,95110,,0.73068249316027,,,,1,,
37.34667352602342,-121.8861402,95110,,1.09567245341618,,,,1,,
37.34667352602342,-121.8848259,95110,,1.18492875681998,,,,1,,
37.34667352602342,-121.8834323,95110,,1.27981002990618,,,,1,,
37.34667352602342,-121.8792144,95133,,1.16466399352907,,,,1,,
37.34667352602342,-121.8765470,95133,,1.00291879023574,,,,1,,
37.34667352602342,-121.8763772,95133,,0.99288879775568,,,,1,,
37.34667352602342,-121.8704086,95133,,0.67609764808006,,,,1,,
37.34667352602342,-121.8646966,95133,,0.51929715267468,,,,1,,
37.34667352602342,-121.8644781,95133,,0.51834961133798,,,,1,,
37.34667352602342,-121.8578711,95122,,0.50213789815935,,,,1,,
37.34667352602342,-121.8548882,95122,,0.45306868130850,,,,1,,
37.34667352602342,-121.8523258,95122,,0.48254460218324,,,,1,,
37.34667352602342,-121.8461526,95116,,0.73672498164325,,,,1,,
37.34667352602342,-121.8428648,95116,,0.71598888771480,,,,1,,
37.34667352602342,-121.8420931,95116,,0.72147533970178,,,,1,,
37.34667352602342,-121.8395007,95116,,0.76724115325730,,,,1,,
37.34667352602342,-121.8391409,95116,,0.77665085421843,,,,1,,
37.34667352602342,-121.8353216,95116,,0.91301921907608,,,,1,,
37.34667352602342,-121.8290169,95116,,1.23236126620446,,,,1,,
37.34667352602342,-121.8258956,95116,,1.41363607073045,,,,1,,
37.34667352602342,-121.8227653,95116,,1.60400629162512,,,,1,,
37.34667352602342,-121.8178037,95148,,1.68469640402887,,,,1,,
37.34667352602342,-121.8161939,95148,,1.59094479667930,,,,1,,
37.34667352602342,-121.8144330,95148,,1.49114807191231,,,,1,,
37.34667352602342,-121.8095233,95148,,1.23381306706477,,,,1,,
37.34667352602342,-121.8060250,95148,,1.07846420344281,,,,1,,
37.34667352602342,-121.7993993,95148,,0.89611121977746,,,,1,,
37.34667352602342,-121.7980924,95148,,0.88401932081001,,,,1,,
37.34667352602342,-121.7938098,95148,,0.90842914645816,,,,1,,
37.34667352602342,-121.7893202,95148,,1.02914920338691,,,,1,,
37.34667352602342,-121.7856067,95148,,1.18239568985839,,,,1,,
37.34667352602342,-121.7849134,95148,,1.21487469803476,,,,1,,
37.34667352602342,-121.7808314,95148,,1.42387386679386,,,,1,,
37.34667352602342,-121.7790021,95148,,1.52518599023768,,,,1,,
37.34667352602342,-121.7739668,95148,,1.82033733065674,,,,1,,
37.34667352602342,-121.7725375,95148,,1.90736283320329,,,,1,,
37.34667352602342,-121.7676005,95148,,2.21554428517897,,,,1,,
37.34667352602342,-121.7668728,95148,,2.26176949319964,,,,1,,
37.34667352602342,-121.7622070,95148,,2.56178619997938,,,,1,,
37.349020143445856,-122.0212881,95014,,0.53518814843003,,,,1,,
37.349020143445856,-122.0195855,95014,,0.53808399694190,,,,1,,
37.349020143445856,-122.0148240,95014,,0.66721738413602,,,,1,,
37.349020143445856,-122.0089281,95014,,0.96845711117383,,,,1,,
37.349020143445856,-122.0026008,95051,,0.90875211596104,,,,1,,
37.349020143445856,-121.9971745,95051,,0.79649462448191,,,,1,,
37.349020143445856,-121.9950853,95051,,0.79728768235840,,,,1,,
37.349020143445856,-121.9937470,95051,,0.81140492386300,,,,1,,
37.349020143445856,-121.9898372,95051,,0.86810554703359,,,,1,,
37.349020143445856,-121.9831585,95051,,0.48870155352310,,,,1,,
37.349020143445856,-121.9818450,95051,,0.43325406844566,,,,1,,
37.349020143445856,-121.9765673,95051,,0.38521805790211,,,,1,,
37.349020143445856,-121.9748090,95051,,0.44086446464649,,,,1,,
37.349020143445856,-121.9731877,95051,,0.51274683209195,,,,1,,
37.349020143445856,-121.9675212,95051,,0.83645363771157,,,,1,,
37.349020143445856,-121.9621732,95050,,0.84265421490407,,,,1,,
37.349020143445856,-121.9607467,95050,,0.80089419278296,,,,1,,
37.349020143445856,-121.9558582,95050,,0.74405544145151,,,,1,,
37.349020143445856,-121.9552584,95050,,0.74736951916610,,,,1,,
37.349020143445856,-121.9498407,95050,,0.58442788848372,,,,1,,
37.349020143445856,-121.9492498,95050,,0.56595308322280,,,,1,,
37.349020143445856,-121.9471484,95050,,0.52128046957671,,,,1,,
37.349020143445856,-121.9414280,95050,,0.28424653174211,,,,1,,
37.349020143445856,-121.9356563,95050,,0.39411084573374,,,,1,,
37.349020143445856,-121.9304865,95110,,0.59080382953831,,,,1,,
37.349020143445856,-121.9238619,95110,,0.14392418171199,,,,1,,
37.349020143445856,-121.9214152,95110,,0.07359826041797,,,,1,,
37.349020143445856,-121.9151443,95110,,0.25385369122027,,,,1,,
37.349020143445856,-121.9107145,95110,,0.22912031110350,,,,1,,
37.349020143445856,-121.9043964,95110,,0.34956365606774,,,,1,,
37.349020143445856,-121.9035713,95110,,0.32283108101912,,,,1,,
37.349020143445856,-121.8980424,95110,,0.38923375865064,,,,1,,
37.349020143445856,-121.8928789,95110,,0.67768788073253,,,,1,,
37.349020143445856,-121.8882748,95110,,0.97385323774102,,,,1,,
37.349020143445856,-121.8848013,95110,,1.20472696463690,,,,1,,
37.349020143445856,-121.8838243,95110,,1.27027584323840,,,,1,,
37.349020143445856,-121.8799763,95133,,1.17801277222420,,,,1,,
37.349020143445856,-121.8749550,95133,,0.86466168222983,,,,1,,
37.349020143445856,-121.8742866,95133,,0.82498179952269,,,,1,,
37.349020143445856,-121.8720613,95133,,0.69866120043967,,,,1,,
37.349020143445856,-121.8668970,95133,,0.47293577145380,,,,1,,
37.349020143445856,-121.8633186,95133,,0.43564946295971,,,,1,,
37.349020143445856,-121.8567769,95122,,0.55671480311577,,,,1,,
37.349020143445856,-121.8530359,95122,,0.55115090687570,,,,1,,
37.349020143445856,-121.8518577,95122,,0.57401909109388,,,,1,,
37.349020143445856,-121.8518453,95122,,0.57431629527954,,,,1,,
37.349020143445856,-121.8455332,95116,,0.64364095865260,,,,1,,
37.349020143445856,-121.8412106,95116,,0.64931182490768,,,,1,,
37.349020143445856,-121.8362698,95116,,0.80529978752498,,,,1,,
37.349020143445856,-121.8317871,95116,,1.02764716129215,,,,1,,
37.349020143445856,-121.8269568,95116,,1.30766585751733,,,,1,,
37.349020143445856,-121.8227124,95116,,1.57114556273252,,,,1,,
37.349020143445856,-121.8183188,95148,,1.76057096366721,,,,1,,
37.349020143445856,-121.8144851,95148,,1.54599457545168,,,,1,,
37.349020143445856,-121.8085257,95148,,1.25132880911735,,,,1,,
37.349020143445856,-121.8055861,95148,,1.13319478414799,,,,1,,
37.349020143445856,-121.8027369,95148,,1.04395756560767,,,,1,,
37.349020143445856,-121.7972831,95148,,0.96652078568458,,,,1,,
37.349020143445856,-121.7972115,95148,,0.96644058115051,,,,1,,
37.349020143445856,-121.7918461,95148,,1.03037344063906,,,,1,,
37.349020143445856,-121.7912193,95148,,1.04619106542319,,,,1,,
37.349020143445856,-121.7859841,95148,,1.23100754835594,,,,1,,
37.349020143445856,-121.7851570,95148,,1.26720596382755,,,,1,,
37.349020143445856,-121.7847734,95148,,1.28451135706750,,,,1,,
37.349020143445856,-121.7818095,95148,,1.42777177626865,,,,1,,
37.349020143445856,-121.7763623,95148,,1.72377604531803,,,,1,,
37.349020143445856,-121.7737467,95148,,1.87617512680890,,,,1,,
37.349020143445856,-121.7693408,95148,,2.14286863849585,,,,1,,
37.349020143445856,-121.7629301,95148,,2.54608163318240,,,,1,,
37.349020143445856,-121.7568595,95148,,2.93847446001068,,,,1,,
37.349020143445856,-121.7530609,95148,,3.18751822066094,,,,1,,
37.349020143445856,-121.7501852,95148,,3.37740790257356,,,,1,,
37.349020143445856,-121.7461832,95148,,3.64323490953026,,,,1,,
37.349020143445856,-121.7446817,95148,,3.74336986437302,,,,1,,
37.349020143445856,-121.7389980,95148,,4.12403454067504,,,,1,,
37.349020143445856,-121.7374576,95148,,4.22758270505866,,,,1,,
37.349020143445856,-121.7371749,95148,,4.24660177204264,,,,1,,
37.349020143445856,-121.7332597,95148,,4.51045523131962,,,,1,,
37.35085624374499,-122.0206725,95014,,0.60051841640910,,,,1,,
37.35085624374499,-122.0201379,95014,,0.60146357913559,,,,1,,
37.35085624374499,-122.0161053,95014,,0.67695115575713,,,,1,,
37.35085624374499,-122.0139706,95014,,0.75644305898882,,,,1,,
37.35085624374499,-122.0124030,95014,,0.82679450917773,,,,1,,
37.35085624374499,-122.0104444,95014,,0.92505597230636,,,,1,,
37.35085624374499,-122.0099038,95014,,0.95377774349134,,,,1,,
37.35085624374499,-122.0039984,94085,,0.97853289588109,,,,1,,
37.35085624374499,-122.0037529,94085,,0.98159606976013,,,,1,,
37.35085624374499,-122.0014318,95051,,0.93384298802211,,,,1,,
37.35085624374499,-121.9965169,95051,,0.86111835286499,,,,1,,
37.35085624374499,-121.9949638,95051,,0.86500683654554,,,,1,,
37.35085624374499,-121.9915599,95051,,0.91842679658664,,,,1,,
37.35085624374499,-121.9851419,95051,,0.63290636868682,,,,1,,
37.35085624374499,-121.9819023,95051,,0.49286844745761,,,,1,,
37.35085624374499,-121.9757978,95051,,0.46711077005578,,,,1,,
37.35085624374499,-121.9711408,95051,,0.66227485053658,,,,1,,
37.35085624374499,-121.9656232,95050,,0.92794438660342,,,,1,,
37.35085624374499,-121.9603231,95050,,0.72766905369197,,,,1,,
37.35085624374499,-121.9564084,95050,,0.67588903608965,,,,1,,
37.35085624374499,-121.9541506,95050,,0.69386483309205,,,,1,,
37.35085624374499,-121.9524296,95050,,0.64003710348133,,,,1,,
37.35085624374499,-121.9459741,95050,,0.44569120441983,,,,1,,
37.35085624374499,-121.9434027,95050,,0.31213513712108,,,,1,,
37.35085624374499,-121.9389739,95050,,0.20666992501093,,,,1,,
37.35085624374499,-121.9381524,95050,,0.23055602545138,,,,1,,
37.35085624374499,-121.9356169,95050,,0.35500471353968,,,,1,,
37.35085624374499,-121.9317283,95050,,0.59754480537283,,,,1,,
37.35085624374499,-121.9272587,95110,,0.38674748514976,,,,1,,
37.35085624374499,-121.9212827,95110,,0.13809388177072,,,,1,,
37.35085624374499,-121.9145892,95110,,0.17943950994720,,,,1,,
37.35085624374499,-121.9141776,95110,,0.15929252750771,,,,1,,
37.35085624374499,-121.9108303,95110,,0.17305580459834,,,,1,,
37.35085624374499,-121.9050381,95110,,0.42993330751108,,,,1,,
37.35085624374499,-121.9022175,95110,,0.36466700054549,,,,1,,
37.35085624374499,-121.9000788,95110,,0.37986752201385,,,,1,,
37.35085624374499,-121.8972422,95110,,0.47612139989210,,,,1,,
37.35085624374499,-121.8927828,95110,,0.71523508107314,,,,1,,
37.35085624374499,-121.8871753,95110,,1.06737629641705,,,,1,,
37.35085624374499,-121.8837904,95110,,1.28978358393251,,,,1,,
37.35085624374499,-121.8777079,95133,,1.00763116973026,,,,1,,
37.35085624374499,-121.8724694,95133,,0.68298610644809,,,,1,,
37.35085624374499,-121.8690151,95133,,0.49791592791259,,,,1,,
37.35085624374499,-121.8679449,95133,,0.45091959853861,,,,1,,
37.35085624374499,-121.8617259,95133,,0.40079561108532,,,,1,,
37.35085624374499,-121.8602271,95133,,0.45340580104765,,,,1,,
37.35085624374499,-121.8572637,95133,,0.59796741131577,,,,1,,
37.35085624374499,-121.8559220,95122,,0.61101935054442,,,,1,,
37.35085624374499,-121.8533890,95122,,0.61256363966737,,,,1,,
37.35085624374499,-121.8528013,95122,,0.62002353433189,,,,1,,
37.35085624374499,-121.8489764,95116,,0.67555690452426,,,,1,,
37.35085624374499,-121.8433135,95116,,0.56217739724685,,,,1,,
37.35085624374499,-121.8429852,95116,,0.56329274207996,,,,1,,
37.35085624374499,-121.8376451,95116,,0.69443477735535,,,,1,,
37.35085624374499,-121.8374308,95116,,0.70323672562063,,,,1,,
37.35085624374499,-121.8352324,95116,,0.80378401472870,,,,1,,
37.35085624374499,-121.8331745,95116,,0.91089588920728,,,,1,,
37.35085624374499,-121.8315090,95116,,1.00398267921536,,,,1,,
37.35085624374499,-121.8309660,95116,,1.03528804850104,,,,1,,
37.35085624374499,-121.8294410,95116,,1.12524298387748,,,,1,,
37.35085624374499,-121.8235696,95116,,1.49056441868607,,,,1,,
37.35085624374499,-121.8214130,95116,,1.62955364375570,,,,1,,
37.35085624374499,-121.8159055,95148,,1.66443656824961,,,,1,,
37.35085624374499,-121.8154102,95148,,1.63774244308491,,,,1,,
37.35085624374499,-121.8151513,95148,,1.62390148334695,,,,1,,
37.35085624374499,-121.8130309,95148,,1.51374051344639,,,,1,,
37.35085624374499,-121.8101805,95148,,1.37637787337915,,,,1,,
37.35085624374499,-121.8068414,95148,,1.23613634062840,,,,1,,
37.35085624374499,-121.8058759,95148,,1.20080666703333,,,,1,,
37.35085624374499,-121.8029260,95148,,1.11086947961715,,,,1,,
37.35085624374499,-121.8018977,95148,,1.08677914668503,,,,1,,
37.35085624374499,-121.8007046,95148,,1.06410344082608,,,,1,,
37.35085624374499,-121.8005556,95148,,1.06168729948000,,,,1,,
37.35085624374499,-121.8002762,95148,,1.05741200361575,,,,1,,
37.35085624374499,-121.7955913,95148,,1.03790633611101,,,,1,,
37.35085624374499,-121.7915197,95148,,1.10088763215719,,,,1,,
37.35085624374499,-121.7890036,95148,,1.17231999449808,,,,1,,
37.35085624374499,-121.7850978,95148,,1.32142266128728,,,,1,,
37.35214756,-122.0163296,95014,,0.71264893296098,,,,1,,
37.35214756,-122.0155121,95014,,0.73797726864774,,,,1,,
37.35214756,-122.0088179,94085,,0.93127048410077,,,,1,,
37.35214756,-122.0038477,94085,,0.93392550760087,,,,1,,
37.35214756,-122.0022670,94085,,0.96084938832089,,,,1,,
37.35214756,-122.0020270,95051,,0.95597890660430,,,,1,,
37.35214756,-121.9999130,95051,,0.92280726979703,,,,1,,
37.35214756,-121.9938273,95051,,0.92269642916544,,,,1,,
37.35214756,-121.9931263,95051,,0.93249576431325,,,,1,,
37.35214756,-121.9885467,95051,,0.84687185298242,,,,1,,
37.35214756,-121.9832704,95051,,0.58325302580109,,,,1,,
37.35214756,-121.9827021,95051,,0.56163659798716,,,,1,,
37.35214756,-121.9825509,95051,,0.55621092475790,,,,1,,
37.35214756,-121.9823806,95051,,0.55027335927604,,,,1,,
37.35214756,-121.9765743,95051,,0.49445853159984,,,,1,,
37.35214756,-121.9748071,95051,,0.53911284345796,,,,1,,
37.35214756,-121.9732648,95051,,0.59606418601788,,,,1,,
37.35214756,-121.9667255,95051,,0.93900334200124,,,,1,,
37.35214756,-121.9622977,95050,,0.74837487607654,,,,1,,
37.35214756,-121.9575913,95050,,0.63383595655669,,,,1,,
37.35214756,-121.9529528,95050,,0.63587630058690,,,,1,,
37.35214756,-121.9498697,95050,,0.48838632519163,,,,1,,
37.35214756,-121.9437795,95050,,0.30723178393623,,,,1,,
37.35214756,-121.9382656,95050,,0.18708055250210,,,,1,,
37.35214756,-121.9353265,95050,,0.34922644902042,,,,1,,
37.35214756,-121.9339115,95050,,0.43959175424964,,,,1,,
37.35214756,-121.9279544,95110,,0.44872920812279,,,,1,,
37.35214756,-121.9238902,95110,,0.22024006962958,,,,1,,
37.35214756,-121.9215508,95110,,0.17901574850917,,,,1,,
37.35214756,-121.9202040,95110,,0.21511474233332,,,,1,,
37.35214756,-121.9136703,95110,,0.10087572869408,,,,1,,
37.35214756,-121.9119439,95110,,0.08682172701745,,,,1,,
37.35214756,-121.9112012,95110,,0.12312035042013,,,,1,,
37.35214756,-121.9075800,95110,,0.35744023837962,,,,1,,
37.35214756,-121.9068372,95110,,0.40784615939803,,,,1,,
37.35214756,-121.9051909,95110,,0.47568307371312,,,,1,,
37.35214756,-121.9008057,95110,,0.41473084028257,,,,1,,
37.35214756,-121.8979360,95110,,0.48568195317010,,,,1,,
37.35214756,-121.8955605,95110,,0.59013575330688,,,,1,,
37.35214756,-121.8946832,95110,,0.63512660108516,,,,1,,
37.35214756,-121.8894236,95110,,0.94232916998403,,,,1,,
37.35214756,-121.8830597,95133,,1.34701355636850,,,,1,,
37.35214756,-121.8815375,95133,,1.24505527297309,,,,1,,
37.35214756,-121.8813480,95133,,1.23240030417534,,,,1,,
37.35214756,-121.8762038,95133,,0.89371168794355,,,,1,,
37.35214756,-121.8697671,95133,,0.50359509712766,,,,1,,
37.35214756,-121.8693116,95133,,0.47960559012171,,,,1,,
37.35214756,-121.8681463,95133,,0.42272699541596,,,,1,,
37.35214756,-121.8655299,95133,,0.33272292942720,,,,1,,
37.35214756,-121.8622001,95133,,0.34453523318586,,,,1,,
37.35214756,-121.8597050,95133,,0.44055640868456,,,,1,,
37.35214756,-121.8586253,95133,,0.49511558706285,,,,1,,
37.35214756,-121.8526491,95122,,0.66827179581537,,,,1,,
37.35214756,-121.8484742,95116,,0.61713783036649,,,,1,,
37.35214756,-121.8459185,95116,,0.54025057230962,,,,1,,
37.35214756,-121.8423206,95116,,0.52182407787276,,,,1,,
37.35214756,-121.8366047,95116,,0.70383738398418,,,,1,,
37.35214756,-121.8300458,95116,,1.06572253520985,,,,1,,
37.35214756,-121.8289490,95116,,1.13266970168969,,,,1,,
37.35214756,-121.8243349,95116,,1.42404451829255,,,,1,,
37.35214756,-121.8217591,95116,,1.59128769859717,,,,1,,
37.35214756,-121.8155556,95148,,1.67548426602627,,,,1,,
37.35214756,-121.8144258,95148,,1.61659234200231,,,,1,,
37.35214756,-121.8121722,95148,,1.50434422109161,,,,1,,
37.35214756,-121.8084488,95148,,1.33809885749487,,,,1,,
37.35214756,-121.8034702,95148,,1.16855224873154,,,,1,,
37.35214756,-121.7985261,95148,,1.08521675225847,,,,1,,
37.35214756,-121.7961005,95148,,1.08208075289590,,,,1,,
37.35214756,-121.7911234,95148,,1.15449702722497,,,,1,,
37.35214756,-121.7906503,95148,,1.16643470808542,,,,1,,
37.35214756,-121.7858024,95148,,1.32952709689292,,,,1,,
37.35214756,-121.7831903,95148,,1.44222533985998,,,,1,,
37.35214756,-121.7821830,95148,,1.48925491362062,,,,1,,
37.35214756,-121.7777877,95148,,1.71254992991091,,,,1,,
37.35214756,-121.7717125,95148,,2.05541626021424,,,,1,,
37.35214756,-121.7686452,95148,,2.23850302577335,,,,1,,
37.35214756,-121.7655352,95148,,2.42893477388555,,,,1,,
37.35214756,-121.7621367,95148,,2.64132772904143,,,,1,,
37.35476488621273,-122.0182349,94086,,0.73452156238587,,,,1,,
37.35476488621273,-122.0165340,94086,,0.72373029690434,,,,1,,
37.35476488621273,-122.0126309,94086,,0.76948478665454,,,,1,,
37.35476488621273,-122.0115577,94086,,0.79774113890736,,,,1,,
37.35476488621273,-122.0056491,94085,,0.82257867970363,,,,1,,
37.35476488621273,-122.0036062,94085,,0.84376772168862,,,,1,,
37.35476488621273,-121.9972107,95051,,0.81757161550206,,,,1,,
37.35476488621273,-121.9958064,95051,,0.82876787305889,,,,1,,
37.35476488621273,-121.9913432,95051,,0.93299158612157,,,,1,,
37.35476488621273,-121.9893510,95051,,0.94800222299680,,,,1,,
37.35476488621273,-121.9849030,95051,,0.72740656139215,,,,1,,
37.35476488621273,-121.9801284,95051,,0.58535058210899,,,,1,,
37.35476488621273,-121.9772518,95051,,0.57910743123000,,,,1,,
37.35476488621273,-121.9764931,95051,,0.58874144186806,,,,1,,
37.35476488621273,-121.9727137,95051,,0.64003054576130,,,,1,,
37.35476488621273,-121.9693281,95051,,0.76057619000459,,,,1,,
37.35476488621273,-121.9629939,95050,,0.70016660399882,,,,1,,
37.35476488621273,-121.9562852,95050,,0.53302716728593,,,,1,,
37.35476488621273,-121.9513340,95050,,0.48875473005484,,,,1,,
37.35476488621273,-121.9473780,95050,,0.32212208311081,,,,1,,
37.35476488621273,-121.9431323,95050,,0.23008608779410,,,,1,,
37.35476488621273,-121.9399928,95050,,0.05418474609541,,,,1,,
37.35476488621273,-121.9352250,95050,,0.32710517920311,,,,1,,
37.35476488621273,-121.9336269,95050,,0.43640607006379,,,,1,,
37.35476488621273,-121.9276502,95110,,0.47682683393579,,,,1,,
37.35476488621273,-121.9236568,95110,,0.29566815229048,,,,1,,
37.35476488621273,-121.9189869,95110,,0.34194747363440,,,,1,,
37.35476488621273,-121.9141960,95110,,0.10960722333698,,,,1,,
37.35476488621273,-121.9103323,95110,,0.16168596225176,,,,1,,
37.35476488621273,-121.9064481,95110,,0.42898821289438,,,,1,,
37.35476488621273,-121.9061803,95110,,0.44746556802377,,,,1,,
37.35476488621273,-121.9044253,95110,,0.53953135726208,,,,1,,
37.35476488621273,-121.9042605,95110,,0.53566604097596,,,,1,,
37.35476488621273,-121.8990191,95110,,0.53856166777965,,,,1,,
37.35476488621273,-121.8925067,95110,,0.81202089812383,,,,1,,
37.35476488621273,-121.8908793,95110,,0.90272734680320,,,,1,,
37.35476488621273,-121.8843402,95110,,1.30186616031043,,,,1,,
37.35476488621273,-121.8821981,95133,,1.26905200182719,,,,1,,
37.35476488621273,-121.8816682,95133,,1.23302157334138,,,,1,,
37.35476488621273,-121.8795128,95133,,1.08686828045918,,,,1,,
37.35476488621273,-121.8773236,95133,,0.93931737515184,,,,1,,
37.35476488621273,-121.8732570,95133,,0.66964809487171,,,,1,,
37.35476488621273,-121.8681805,95133,,0.35832266121995,,,,1,,
37.35476488621273,-121.8681192,95133,,0.35501317410862,,,,1,,
37.35476488621273,-121.8615664,95133,,0.28390834631029,,,,1,,
37.35476488621273,-121.8593454,95133,,0.39779915212724,,,,1,,
37.35476488621273,-121.8528205,95122,,0.75959897558120,,,,1,,
37.35476488621273,-121.8478171,95116,,0.51270123945308,,,,1,,
37.35476488621273,-121.8468671,95116,,0.47797924694810,,,,1,,
37.35476488621273,-121.8437275,95116,,0.41962573808724,,,,1,,
37.35476488621273,-121.8423587,95116,,0.42745015185492,,,,1,,
37.35476488621273,-121.8365129,95116,,0.64217105179986,,,,1,,
37.35476488621273,-121.8364797,95116,,0.64390986819456,,,,1,,
37.35476488621273,-121.8345840,95116,,0.74817602312209,,,,1,,
37.35476488621273,-121.8306932,95116,,0.98242866348583,,,,1,,
37.35476488621273,-121.8297890,95116,,1.03926842644824,,,,1,,
37.35476488621273,-121.8280892,95116,,1.14770896111966,,,,1,,
37.35476488621273,-121.8267963,95116,,1.23129836011448,,,,1,,
37.35476488621273,-121.8248454,95116,,1.35881429693879,,,,1,,
37.35476488621273,-121.8220765,95116,,1.54192655260616,,,,1,,
37.35476488621273,-121.8212393,95116,,1.59767104974880,,,,1,,
37.35476488621273,-121.8162349,95148,,1.77334549738880,,,,1,,
37.35476488621273,-121.8142213,95148,,1.67171714381242,,,,1,,
37.35476488621273,-121.8117972,95148,,1.55708294225542,,,,1,,
37.35476488621273,-121.8082957,95148,,1.41029553909017,,,,1,,
37.35476488621273,-121.8020961,95148,,1.22673427948283,,,,1,,
37.35476488621273,-121.7964065,95148,,1.17626912069696,,,,1,,
37.35476488621273,-121.7946733,95148,,1.18663062996153,,,,1,,
37.35476488621273,-121.7896226,95148,,1.28180673483414,,,,1,,
37.35476488621273,-121.7861432,95148,,1.39519873438073,,,,1,,
37.35476488621273,-121.7825564,95148,,1.54289003386720,,,,1,,
37.35476488621273,-121.7778025,95148,,1.77339993212246,,,,1,,
37.35476488621273,-121.7723006,95148,,2.07342023564163,,,,1,,
37.35476488621273,-121.7667560,95148,,2.39887095764567,,,,1,,
37.35476488621273,-121.7608668,95148,,2.76080547498746,,,,1,,
37.35476488621273,-121.7541772,95148,,3.18513377734458,,,,1,,
37.35476488621273,-121.7520920,95148,,3.31947056392337,,,,1,,
37.35476488621273,-121.7472642,95148,,3.63336361691631,,,,1,,
37.35687459384329,-122.0174254,94086,,0.65015216184637,,,,1,,
37.35687459384329,-122.0170424,94086,,0.64784730128929,,,,1,,
37.35687459384329,-122.0139053,94086,,0.66927240508914,,,,1,,
37.35687459384329,-122.0127336,94086,,0.69467256106385,,,,1,,
37.35687459384329,-122.0106025,94086,,0.76104349367978,,,,1,,
37.35687459384329,-122.0068284,94085,,0.74399820334095,,,,1,,
37.35687459384329,-122.0014923,95051,,0.77994166310725,,,,1,,
37.35687459384329,-121.9953351,95051,,0.75969476226061,,,,1,,
37.35687459384329,-121.9924529,95051,,0.82881552837768,,,,1,,
37.35687459384329,-121.9889926,95051,,0.96101117601355,,,,1,,
37.35687459384329,-121.9858554,95051,,0.82878043517259,,,,1,,
37.35687459384329,-121.9814914,95051,,0.62947437234641,,,,1,,
37.35687459384329,-121.9813527,95051,,0.62400278330557,,,,1,,
37.35687459384329,-121.9750140,95051,,0.52150924970472,,,,1,,
37.35687459384329,-121.9735981,95051,,0.54604817627799,,,,1,,
37.35687459384329,-121.9718371,95051,,0.59788059506877,,,,1,,
37.35687459384329,-121.9691524,95051,,0.71052078094914,,,,1,,
37.35687459384329,-121.9675652,95051,,0.77667065636400,,,,1,,
37.35687459384329,-121.9615119,95050,,0.57569197705036,,,,1,,
37.35687459384329,-121.9610877,95050,,0.55826883808054,,,,1,,
37.35687459384329,-121.9576585,95050,,0.46372305820695,,,,1,,
37.35687459384329,-121.9557040,95050,,0.45848229847398,,,,1,,
37.35687459384329,-121.9539365,95050,,0.48707792855139,,,,1,,
37.35687459384329,-121.9513196,95050,,0.44427848359840,,,,1,,
37.35687459384329,-121.9457201,95050,,0.22548901972739,,,,1,,
37.35687459384329,-121.9424295,95050,,0.17670663791950,,,,1,,
37.35687459384329,-121.9388480,95050,,0.07599716148466,,,,1,,
37.35687459384329,-121.9350947,95050,,0.33248313548424,,,,1,,
37.35687459384329,-121.9317482,95050,,0.56338102547230,,,,1,,
37.35687459384329,-121.9285085,95110,,0.57028560104989,,,,1,,
37.35687459384329,-121.9242241,95110,,0.38198984275019,,,,1,,
37.35687459384329,-121.9220309,95110,,0.34922272182989,,,,1,,
37.35687459384329,-121.9202550,95110,,0.36906579860159,,,,1,,
37.35687459384329,-121.9175450,95110,,0.35310191226260,,,,1,,
37.35687459384329,-121.9129776,95110,,0.10326781653070,,,,1,,
37.35687459384329,-121.9108878,95110,,0.15786002140077,,,,1,,
37.35687459384329,-121.9100980,95110,,0.20289412773939,,,,1,,
37.35687459384329,-121.9065781,95110,,0.43127491082476,,,,1,,
37.35687459384329,-121.9011295,95110,,0.58402858565431,,,,1,,
37.35687459384329,-121.9001730,95110,,0.59218559479479,,,,1,,
37.35687459384329,-121.8968191,95110,,0.67331178995424,,,,1,,
37.35687459384329,-121.8927496,95110,,0.84979608465421,,,,1,,
37.35687459384329,-121.8926584,95110,,0.85439403401350,,,,1,,
37.35687459384329,-121.8925063,95110,,0.86211024484172,,,,1,,
37.35687459384329,-121.8922783,95110,,0.87378609799920,,,,1,,
37.35687459384329,-121.8910126,95110,,0.94076730230403,,,,1,,
37.35687459384329,-121.8861020,95110,,1.22531565370092,,,,1,,
37.35687459384329,-121.8795412,95133,,1.07569114229334,,,,1,,
37.35687459384329,-121.8790546,95133,,1.04238779690548,,,,1,,
37.35687459384329,-121.8788983,95133,,1.03169488156906,,,,1,,
37.35687459384329,-121.8774730,95133,,0.93429977811680,,,,1,,
37.35687459384329,-121.8773378,95133,,0.92507313067903,,,,1,,
37.35687459384329,-121.8764489,95133,,0.86447234985907,,,,1,,
37.35687459384329,-121.8704219,95133,,0.45936353546932,,,,1,,
37.35687459384329,-121.8651661,95133,,0.16268895228033,,,,1,,
37.35687459384329,-121.8628297,95133,,0.17064938969379,,,,1,,
37.35687459384329,-121.8577619,95133,,0.46263328998642,,,,1,,
37.35687459384329,-121.8513466,95116,,0.63838076173150,,,,1,,
37.35687459384329,-121.8506609,95116,,0.59893845750808,,,,1,,
37.35687459384329,-121.8464625,95116,,0.39726669694722,,,,1,,
37.35687459384329,-121.8426262,95116,,0.34843672364074,,,,1,,
37.35687459384329,-121.8412535,95116,,0.37751609219530,,,,1,,
37.35687459384329,-121.8398979,95116,,0.42546914843894,,,,1,,
37.35687459384329,-121.8336911,95116,,0.76251751128026,,,,1,,
37.35687459384329,-121.8276113,95116,,1.15338748374206,,,,1,,
37.35687459384329,-121.8264240,95116,,1.23196662006874,,,,1,,
37.35687459384329,-121.8250644,95116,,1.32246539151893,,,,1,,
37.35687459384329,-121.8201406,95116,,1.65342758202704,,,,1,,
37.35687459384329,-121.8164764,95148,,1.83737067581346,,,,1,,
37.35687459384329,-121.8154482,95148,,1.78603977985206,,,,1,,
37.35687459384329,-121.8111210,95148,,1.58676603538882,,,,1,,
37.35687459384329,-121.8085071,95148,,1.48271839672628,,,,1,,
37.35687459384329,-121.8026623,95148,,1.31162851529363,,,,1,,
37.35687459384329,-121.8017192,95148,,1.29375099923922,,,,1,,
37.35687459384329,-121.7975574,95148,,1.25287095468496,,,,1,,
37.35687459384329,-121.7972703,95148,,1.25243852491864,,,,1,,
37.35687459384329,-121.7931227,95148,,1.28092543779300,,,,1,,
37.35687459384329,-121.7898734,95148,,1.34612804542751,,,,1,,
37.35814420158162,-122.0169814,94086,,0.60116039225652,,,,1,,
37.35814420158162,-122.0162167,94086,,0.60004793271587,,,,1,,
37.35814420158162,-122.0099174,94085,,0.73730678922822,,,,1,,
37.35814420158162,-122.0061766,94085,,0.69724677509107,,,,1,,
37.35814420158162,-122.0018911,95051,,0.74582747017225,,,,1,,
37.35814420158162,-121.9961022,95051,,0.70337534849339,,,,1,,
37.35814420158162,-121.9904139,95051,,0.86370687697910,,,,1,,
37.35814420158162,-121.9857006,95051,,0.80379917694906,,,,1,,
37.35814420158162,-121.9823333,95051,,0.62940643391533,,,,1,,
37.35814420158162,-121.9762627,95051,,0.46808608528102,,,,1,,
37.35814420158162,-121.9728450,95051,,0.52369410596983,,,,1,,
37.35814420158162,-121.9661583,95050,,0.78748567968614,,,,1,,
37.35814420158162,-121.9621993,95050,,0.57175933849533,,,,1,,
37.35814420158162,-121.9594746,95050,,0.46049004058344,,,,1,,
37.35814420158162,-121.9587347,95050,,0.43943181589564,,,,1,,
37.35814420158162,-121.9564742,95050,,0.40937206165920,,,,1,,
37.35814420158162,-121.9532365,95050,,0.46479424445163,,,,1,,
37.35814420158162,-121.9506196,95050,,0.37935711990312,,,,1,,
37.35814420158162,-121.9491234,95050,,0.29231158917455,,,,1,,
37.35814420158162,-121.9464900,95050,,0.18564694403786,,,,1,,
37.35814420158162,-121.9423692,95050,,0.18467702951653,,,,1,,
37.35814420158162,-121.9382759,95050,,0.13182519628963,,,,1,,
37.35814420158162,-121.9375347,95050,,0.17736238996305,,,,1,,
37.35814420158162,-121.9365950,95050,,0.23843041431717,,,,1,,
37.35814420158162,-121.9336239,95050,,0.43887086426638,,,,1,,
37.35814420158162,-121.9317503,95050,,0.56705922770549,,,,1,,
37.35814420158162,-121.9312057,95050,,0.60442157445526,,,,1,,
37.35814420158162,-121.9266302,95110,,0.50950113151380,,,,1,,
37.35814420158162,-121.9253337,95110,,0.45835330746129,,,,1,,
37.35814420158162,-121.9222906,95110,,0.39616341970373,,,,1,,
37.35814420158162,-121.9179439,95110,,0.39444952777069,,,,1,,
37.35814420158162,-121.9149747,95110,,0.21795017032843,,,,1,,
37.35814420158162,-121.9101641,95110,,0.22598363221855,,,,1,,
37.35814420158162,-121.9077011,95110,,0.37206006832404,,,,1,,
37.35814420158162,-121.9047479,95110,,0.56528223864574,,,,1,,
37.35814420158162,-121.8980682,95110,,0.67729712453484,,,,1,,
37.35814420158162,-121.8943745,95110,,0.80747936316303,,,,1,,
37.35814420158162,-121.8938932,95110,,0.82873599029211,,,,1,,
37.35814420158162,-121.8879890,95110,,1.13730614872762,,,,1,,
37.35814420158162,-121.8856965,95110,,1.27229658994342,,,,1,,
37.35814420158162,-121.8826700,95133,,1.28581872893689,,,,1,,
37.35814420158162,-121.8804047,95133,,1.12982441273769,,,,1,,
37.35814420158162,-121.8737129,95133,,0.67046109087298,,,,1,,
37.35814420158162,-121.8696841,95133,,0.39729911876416,,,,1,,
37.35814420158162,-121.8635975,95133,,0.10561336935083,,,,1,,
37.35814420158162,-121.8569564,95133,,0.50464331950977,,,,1,,
37.35814420158162,-121.8524273,95116,,0.68116552425750,,,,1,,
37.35814420158162,-121.8487896,95116,,0.46777976750733,,,,1,,
37.35814420158162,-121.8478923,95116,,0.42162959824925,,,,1,,
37.35814420158162,-121.8478441,95116,,0.41926629819730,,,,1,,
37.35814420158162,-121.8454327,95116,,0.32354263844780,,,,1,,
37.35814420158162,-121.8398238,95116,,0.39251957350188,,,,1,,
37.35814420158162,-121.8352970,95116,,0.64264947391348,,,,1,,
37.35814420158162,-121.8291899,95116,,1.03555853882572,,,,1,,
37.35814420158162,-121.8238529,95116,,1.39292083260365,,,,1,,
37.35814420158162,-121.8232937,95116,,1.43069978427668,,,,1,,
37.35814420158162,-121.8226776,95116,,1.47237454378410,,,,1,,
37.35814420158162,-121.8187621,95116,,1.73824568050157,,,,1,,
37.35814420158162,-121.8182358,95116,,1.77409051796682,,,,1,,
37.35814420158162,-121.8128060,95148,,1.69595179876825,,,,1,,
37.35814420158162,-121.8105411,95148,,1.59978056307119,,,,1,,
37.35814420158162,-121.8073406,95148,,1.48152915936864,,,,1,,
37.35814420158162,-121.8045583,95148,,1.39915909549565,,,,1,,
37.35814420158162,-121.8017835,95148,,1.33963613826291,,,,1,,
37.35814420158162,-121.7993156,95148,,1.30820820904892,,,,1,,
37.35814420158162,-121.7954849,95148,,1.30285776350188,,,,1,,
37.35814420158162,-121.7929614,95148,,1.32845517777060,,,,1,,
37.35814420158162,-121.7926419,95148,,1.33328833454199,,,,1,,
37.35814420158162,-121.7900216,95148,,1.38561984201190,,,,1,,
37.35814420158162,-121.7896721,95148,,1.39422958794211,,,,1,,
37.35814420158162,-121.7835368,95148,,1.59811775924016,,,,1,,
37.35814420158162,-121.7794601,95148,,1.77711606831504,,,,1,,
37.35814420158162,-121.7735431,95148,,2.07782585537987,,,,1,,
37.35814420158162,-121.7684584,95148,,2.36233068774486,,,,1,,
37.35814420158162,-121.7649390,95148,,2.56895803288730,,,,1,,
37.35814420158162,-121.7625683,95148,,2.71156434964855,,,,1,,
37.35814420158162,-121.7613528,95148,,2.78558578097549,,,,1,,
37.35814420158162,-121.7565642,95148,,3.08217717656523,,,,1,,
37.35870644403923,-122.0151605,94086,,0.58575419594505,,,,1,,
37.35870644403923,-122.0143609,94086,,0.59644586444488,,,,1,,
37.35870644403923,-122.0093206,94085,,0.70513256916622,,,,1,,
37.35870644403923,-122.0052129,94085,,0.68170017919921,,,,1,,
37.35870644403923,-122.0020554,95051,,0.73115173029626,,,,1,,
37.35870644403923,-122.0019061,95051,,0.72714645782833,,,,1,,
37.35870644403923,-122.0008810,95051,,0.70312596299425,,,,1,,
37.35870644403923,-121.9961541,95051,,0.68248050912055,,,,1,,
37.35870644403923,-121.9932347,95051,,0.74477556750642,,,,1,,
37.35870644403923,-121.9894923,95051,,0.88752427716587,,,,1,,
37.35870644403923,-121.9836575,95051,,0.68020894425952,,,,1,,
37.35870644403923,-121.9814003,95051,,0.57202807061992,,,,1,,
37.35870644403923,-121.9756652,95051,,0.44929317006373,,,,1,,
37.35870644403923,-121.9691939,95051,,0.65813808711600,,,,1,,
37.35870644403923,-121.9683609,95051,,0.69013795509316,,,,1,,
37.35870644403923,-121.9666646,95051,,0.76461345418291,,,,1,,
37.35870644403923,-121.9645487,95050,,0.68296962319434,,,,1,,
37.35870644403923,-121.9643368,95050,,0.67098365166743,,,,1,,
37.35870644403923,-121.9633925,95050,,0.61896061502899,,,,1,,
37.35870644403923,-121.9572298,95050,,0.39277608148101,,,,1,,
37.35870644403923,-121.9507123,95050,,0.37589701933271,,,,1,,
37.35870644403923,-121.9471911,95050,,0.18609514521548,,,,1,,
37.35870644403923,-121.9433046,95050,,0.16363103344746,,,,1,,
37.35870644403923,-121.9417769,95050,,0.15835119807530,,,,1,,
37.35870644403923,-121.9394196,95050,,0.09610192963329,,,,1,,
37.35870644403923,-121.9369761,95050,,0.22096393892764,,,,1,,
37.35870644403923,-121.9364316,95050,,0.25576344212863,,,,1,,
37.35870644403923,-121.9356252,95050,,0.30852156906608,,,,1,,
37.35870644403923,-121.9309269,95050,,0.62619332312048,,,,1,,
37.35870644403923,-121.9269802,95110,,0.54072527222772,,,,1,,
37.35870644403923,-121.9221069,95110,,0.41622402722084,,,,1,,
37.35870644403923,-121.9200775,95110,,0.43647519329033,,,,1,,
37.35870644403923,-121.9169583,95110,,0.34182032326231,,,,1,,
37.35870644403923,-121.9130245,95110,,0.16963939825943,,,,1,,
37.35870644403923,-121.9077454,95110,,0.37789954714013,,,,1,,
37.35870644403923,-121.9063684,95110,,0.46509354630093,,,,1,,
37.35870644403923,-121.9052626,95110,,0.53707316385307,,,,1,,
37.35870644403923,-121.8988911,95110,,0.67798471972794,,,,1,,
37.35870644403923,-121.8979154,95110,,0.70028024760310,,,,1,,
37.35870644403923,-121.8957265,95110,,0.76967747310491,,,,1,,
37.35870644403923,-121.8917323,95110,,0.94681635792993,,,,1,,
37.35870644403923,-121.8874404,95110,,1.18024430375190,,,,1,,
37.35870644403923,-121.8868814,95110,,1.21267974334231,,,,1,,
37.35870644403923,-121.8865950,95110,,1.22943645023830,,,,1,,
37.35870644403923,-121.8825397,95133,,1.27541012411825,,,,1,,
37.35870644403923,-121.8794146,95133,,1.05997002001044,,,,1,,
37.35870644403923,-121.8778969,95133,,0.95542278123898,,,,1,,
37.35870644403923,-121.8774482,95133,,0.92452791808557,,,,1,,
37.35870644403923,-121.8757181,95133,,0.80548190953711,,,,1,,
37.35870644403923,-121.8725230,95133,,0.58616602256307,,,,1,,
37.35870644403923,-121.8669143,95133,,0.20874751789266,,,,1,,
37.35870644403923,-121.8667650,95133,,0.19923299976327,,,,1,,
37.35870644403923,-121.8667617,95133,,0.19902360135166,,,,1,,
37.35870644403923,-121.8603610,95133,,0.27122773173748,,,,1,,
37.35870644403923,-121.8586823,95133,,0.38369942709004,,,,1,,
37.35870644403923,-121.8544188,95133,,0.67473360548686,,,,1,,
37.35870644403923,-121.8482142,95116,,0.42413007593062,,,,1,,
37.35870644403923,-121.8458183,95116,,0.31716744261214,,,,1,,
37.35870644403923,-121.8403479,95116,,0.35356658027002,,,,1,,
37.35870644403923,-121.8377167,95116,,0.48839474334417,,,,1,,
37.35870644403923,-121.8323701,95116,,0.82027638554283,,,,1,,
37.35870644403923,-121.8263273,95116,,1.22160962118841,,,,1,,
37.35870644403923,-121.8258935,95116,,1.25082881130567,,,,1,,
37.35870644403923,-121.8195944,95116,,1.67811836509690,,,,1,,
37.35870644403923,-121.8180721,95116,,1.78195959640228,,,,1,,
37.35870644403923,-121.8158439,95148,,1.85254060343186,,,,1,,
37.35870644403923,-121.8108238,95148,,1.62781661959945,,,,1,,
37.35870644403923,-121.8096438,95148,,1.58141593531655,,,,1,,
37.35870644403923,-121.8037325,95148,,1.39822663962566,,,,1,,
37.35870644403923,-121.7999785,95148,,1.33477905336760,,,,1,,
37.35870644403923,-121.7944086,95148,,1.33128031328148,,,,1,,
37.35870644403923,-121.7935695,95148,,1.34036494285966,,,,1,,
37.35870644403923,-121.7899062,95148,,1.40758210049310,,,,1,,
37.35870644403923,-121.7897233,95148,,1.41204396815447,,,,1,,
37.35870644403923,-121.7832679,95148,,1.62557795522745,,,,1,,
37.35870644403923,-121.7801428,95148,,1.76052837574259,,,,1,,
37.35870644403923,-121.7787342,95148,,1.82644962431861,,,,1,,
37.35870644403923,-121.7731924,95148,,2.10952789610654,,,,1,,
37.35914809702768,-122.0201695,94086,,0.61996599727819,,,,1,,
37.35914809702768,-122.0179723,94086,,0.57328799267590,,,,1,,
37.35914809702768,-122.0132973,94086,,0.60294334167119,,,,1,,
37.35914809702768,-122.0068420,94085,,0.66083600190729,,,,1,,
37.35914809702768,-122.0034954,94085,,0.69085239406744,,,,1,,
37.35914809702768,-121.9990530,95051,,0.66072084018020,,,,1,,
37.35914809702768,-121.9936994,95051,,0.71667608289365,,,,1,,
37.35914809702768,-121.9932394,95051,,0.73007884814825,,,,1,,
37.35914809702768,-121.9880851,95051,,0.92494122342307,,,,1,,
37.35914809702768,-121.9820628,95051,,0.58968384806626,,,,1,,
37.35914809702768,-121.9810882,95051,,0.54599319914652,,,,1,,
37.35914809702768,-121.9785088,95051,,0.45886343744735,,,,1,,
37.35914809702768,-121.9737448,95051,,0.46462957225687,,,,1,,
37.35914809702768,-121.9672094,95051,,0.72733249061065,,,,1,,
37.35914809702768,-121.9647391,95050,,0.68490403599907,,,,1,,
37.35914809702768,-121.9601853,95050,,0.45438178323868,,,,1,,
37.35914809702768,-121.9581502,95050,,0.39129787527773,,,,1,,
37.35914809702768,-121.9576426,95050,,0.38206011233713,,,,1,,
37.35914809702768,-121.9548718,95050,,0.38774127253931,,,,1,,
37.35914809702768,-121.9544371,95050,,0.39709232817910,,,,1,,
37.35914809702768,-121.9486704,95050,,0.24528413286872,,,,1,,
37.35914809702768,-121.9422684,95050,,0.17257087447489,,,,1,,
37.35914809702768,-121.9392205,95050,,0.11621068023419,,,,1,,
37.35914809702768,-121.9376760,95050,,0.18664329200523,,,,1,,
37.35914809702768,-121.9367247,95050,,0.24353596053658,,,,1,,
37.35914809702768,-121.9306072,95050,,0.65050663246346,,,,1,,
37.35914809702768,-121.9295246,95110,,0.67704758541996,,,,1,,
37.35914809702768,-121.9234422,95110,,0.44387200253288,,,,1,,
37.35914809702768,-121.9232486,95110,,0.44102628294554,,,,1,,
37.35914809702768,-121.9219988,95110,,0.43227409497558,,,,1,,
37.35914809702768,-121.9212926,95110,,0.43489902677255,,,,1,,
37.35914809702768,-121.9145975,95110,,0.22788132070555,,,,1,,
37.35914809702768,-121.9140661,95110,,0.20828033444594,,,,1,,
37.35914809702768,-121.9124628,95110,,0.18419460765164,,,,1,,
37.35914809702768,-121.9078582,95110,,0.37849290217868,,,,1,,
37.35914809702768,-121.9073652,95110,,0.40860889449612,,,,1,,
37.35914809702768,-121.9022023,95110,,0.66660608525825,,,,1,,
37.35914809702768,-121.8985537,95110,,0.70033655700709,,,,1,,
37.35914809702768,-121.8961384,95110,,0.76871402265168,,,,1,,
37.35914809702768,-121.8898577,95110,,1.05493924280737,,,,1,,
37.35914809702768,-121.8848881,95131,,1.32084413314299,,,,1,,
37.35914809702768,-121.8827161,95131,,1.27288024968543,,,,1,,
37.35914809702768,-121.8768377,95133,,0.88121152128165,,,,1,,
37.35914809702768,-121.8764435,95133,,0.85404451093281,,,,1,,
37.35914809702768,-121.8746404,95133,,0.72984831155925,,,,1,,
37.35914809702768,-121.8737006,95133,,0.66517395182623,,,,1,,
37.35914809702768,-121.8701761,95133,,0.42334723610326,,,,1,,
37.35914809702768,-121.8692725,95133,,0.36171771383460,,,,1,,
37.35914809702768,-121.8656714,95133,,0.12437885058305,,,,1,,
37.35914809702768,-121.8605839,95133,,0.25204681015098,,,,1,,
37.35914809702768,-121.8541831,95133,,0.68925945316375,,,,1,,
37.35914809702768,-121.8492102,95116,,0.46942127330789,,,,1,,
37.35914809702768,-121.8438999,95116,,0.26077247632958,,,,1,,
37.35914809702768,-121.8378426,95116,,0.47219966923468,,,,1,,
37.35914809702768,-121.8337422,95116,,0.72576670462676,,,,1,,
37.35914809702768,-121.8275346,95116,,1.13671282475385,,,,1,,
37.35914809702768,-121.8254068,95116,,1.28029212108848,,,,1,,
37.35914809702768,-121.8243591,95116,,1.35126099235093,,,,1,,
37.35914809702768,-121.8238964,95116,,1.38265028810439,,,,1,,
37.35914809702768,-121.8215277,95116,,1.54371580935852,,,,1,,
37.35914809702768,-121.8148330,95148,,1.81597339253468,,,,1,,
37.35914809702768,-121.8135766,95148,,1.75828457443807,,,,1,,
37.35914809702768,-121.8119848,95148,,1.68877823849142,,,,1,,
37.35914809702768,-121.8053741,95148,,1.45459366470972,,,,1,,
37.35914809702768,-121.8048930,95148,,1.44172122533534,,,,1,,
37.35914809702768,-121.8018009,95148,,1.37538752529694,,,,1,,
37.35914809702768,-121.7976156,95148,,1.33573057866607,,,,1,,
37.35914809702768,-121.7975720,95148,,1.33564084699473,,,,1,,
37.35914809702768,-121.7949974,95148,,1.34237310726886,,,,1,,
37.35914809702768,-121.7942987,95148,,1.34824990863362,,,,1,,
37.35914809702768,-121.7939013,95148,,1.35235020513597,,,,1,,
37.35914809702768,-121.7937860,95148,,1.35364177964853,,,,1,,
37.35914809702768,-121.7892631,95148,,1.43861196086803,,,,1,,
37.35914809702768,-121.7859450,95148,,1.53879204158822,,,,1,,
37.35914809702768,-121.7830475,95148,,1.64752392414086,,,,1,,
37.35914809702768,-121.7813362,95148,,1.71948007760089,,,,1,,
37.35914809702768,-121.7789094,95148,,1.82979013981943,,,,1,,
37.35914809702768,-121.7774358,95148,,1.90087152138624,,,,1,,
37.36073365438791,-122.0167075,94086,,0.50543109158230,,,,1,,
37.36073365438791,-122.0157716,94086,,0.50699178056072,,,,1,,
37.36073365438791,-122.0113654,94086,,0.61389167240767,,,,1,,
37.36073365438791,-122.0069784,94085,,0.60333394012200,,,,1,,
37.36073365438791,-122.0025177,94085,,0.66031679353493,,,,1,,
37.36073365438791,-121.9971455,95051,,0.59988446187033,,,,1,,
37.36073365438791,-121.9919068,95051,,0.72652428032138,,,,1,,
37.36073365438791,-121.9885720,95051,,0.87822135531824,,,,1,,
37.36073365438791,-121.9882630,95051,,0.89398267038351,,,,1,,
37.36073365438791,-121.9836035,95051,,0.63085119916836,,,,1,,
37.36073365438791,-121.9790391,95051,,0.42033028837443,,,,1,,
37.36073365438791,-121.9737228,95051,,0.41197677400749,,,,1,,
37.36073365438791,-121.9705631,95051,,0.54172020730141,,,,1,,
37.36073365438791,-121.9693953,95051,,0.58836119609374,,,,1,,
37.36073365438791,-121.9681430,95051,,0.64119597184203,,,,1,,
37.36073365438791,-121.9675537,95051,,0.66849374234462,,,,1,,
37.36073365438791,-121.9671504,95051,,0.68794080824403,,,,1,,
37.36073365438791,-121.9612848,95050,,0.46030569278567,,,,1,,
37.36073365438791,-121.9591839,95050,,0.36798438784410,,,,1,,
37.36073365438791,-121.9574566,95050,,0.32266548154147,,,,1,,
37.36073365438791,-121.9568128,95050,,0.31580905114438,,,,1,,
37.36073365438791,-121.9542557,95050,,0.34846376728905,,,,1,,
37.36073365438791,-121.9485583,95050,,0.20973170870483,,,,1,,
37.36073365438791,-121.9466250,95050,,0.10262102868244,,,,1,,
37.36073365438791,-121.9453575,95050,,0.08925659358052,,,,1,,
37.36073365438791,-121.9387737,95050,,0.18175390350009,,,,1,,
37.36073365438791,-121.9361879,95050,,0.30435719939849,,,,1,,
37.36073365438791,-121.9347766,95050,,0.38999357947699,,,,1,,
37.36073365438791,-121.9320209,95050,,0.56835289910879,,,,1,,
37.36073365438791,-121.9303984,95050,,0.67644751763151,,,,1,,
37.36073365438791,-121.9298721,95050,,0.71177775248589,,,,1,,
37.36073365438791,-121.9268407,95110,,0.59410374924368,,,,1,,
37.36073365438791,-121.9253154,95110,,0.54158671926926,,,,1,,
37.36073365438791,-121.9237594,95110,,0.50533540952135,,,,1,,
37.36073365438791,-121.9235004,95110,,0.50128937055346,,,,1,,
37.36073365438791,-121.9183442,95110,,0.46192905825518,,,,1,,
37.36073365438791,-121.9136682,95110,,0.25176170513324,,,,1,,
37.36073365438791,-121.9079253,95110,,0.40601146093051,,,,1,,
37.36073365438791,-121.9058296,95110,,0.52943612510369,,,,1,,
37.36073365438791,-121.9022840,95110,,0.72472429267914,,,,1,,
37.36073365438791,-121.9016623,95110,,0.72360944180766,,,,1,,
37.36073365438791,-121.9007044,95110,,0.72687483489828,,,,1,,
37.36073365438791,-121.8984593,95110,,0.75748372712970,,,,1,,
37.36073365438791,-121.8946826,95110,,0.87108849426242,,,,1,,
37.36073365438791,-121.8910491,95110,,1.03215610158196,,,,1,,
37.36073365438791,-121.8850482,95131,,1.27158964740705,,,,1,,
37.36073365438791,-121.8821248,95131,,1.20645237092461,,,,1,,
37.36073365438791,-121.8756593,95133,,0.79756686097892,,,,1,,
37.36073365438791,-121.8699437,95133,,0.40264730873828,,,,1,,
37.36073365438791,-121.8660037,95133,,0.13046438651881,,,,1,,
37.36073365438791,-121.8650035,95133,,0.06145546927460,,,,1,,
37.36073365438791,-121.8633697,95133,,0.05185921743236,,,,1,,
37.36073365438791,-121.8613478,95133,,0.19140017453990,,,,1,,
37.36073365438791,-121.8595944,95133,,0.31253182440764,,,,1,,
37.36073365438791,-121.8592588,95133,,0.33571834914421,,,,1,,
37.36073365438791,-121.8559583,95133,,0.56376061840120,,,,1,,
37.36073365438791,-121.8532737,95116,,0.70151100421274,,,,1,,
37.36073365438791,-121.8472417,95116,,0.32525743798104,,,,1,,
37.36073365438791,-121.8441742,95116,,0.20639765164278,,,,1,,
37.36073365438791,-121.8434334,95116,,0.20201175075077,,,,1,,
37.36073365438791,-121.8428093,95116,,0.20824683610903,,,,1,,
37.36073365438791,-121.8425327,95116,,0.21375202249409,,,,1,,
37.36073365438791,-121.8375364,95116,,0.46199320787922,,,,1,,
37.36073365438791,-121.8318669,95116,,0.83216537471823,,,,1,,
37.36073365438791,-121.8270092,95116,,1.16065596937075,,,,1,,
37.36073365438791,-121.8216775,95116,,1.52479626903140,,,,1,,
37.36073365438791,-121.8202365,95116,,1.62354311341347,,,,1,,
37.36073365438791,-121.8176573,95116,,1.80051322466661,,,,1,,
37.36073365438791,-121.8148980,95148,,1.86182482708456,,,,1,,
37.36073365438791,-121.8104312,95148,,1.67301981718800,,,,1,,
37.36073365438791,-121.8071332,95148,,1.55836410662873,,,,1,,
37.36073365438791,-121.8009873,95148,,1.41957254772940,,,,1,,
37.36073365438791,-121.8009599,95148,,1.41920793411266,,,,1,,
37.36073365438791,-121.7964329,95148,,1.39340553177378,,,,1,,
37.36073365438791,-121.7912159,95148,,1.44936306023745,,,,1,,
37.36073365438791,-121.7848501,95148,,1.62689780260295,,,,1,,
37.36073365438791,-121.7800926,95148,,1.81868611986497,,,,1,,
37.36073365438791,-121.7747276,95148,,2.07656277214337,,,,1,,
37.36236670235282,-122.0176211,94086,,0.45292086005166,,,,1,,
37.36236670235282,-122.0157187,94086,,0.44781071190335,,,,1,,
37.36236670235282,-122.0115716,94086,,0.55702961017617,,,,1,,
37.36236670235282,-122.0112328,94086,,0.57140549692404,,,,1,,
37.36236670235282,-122.0065533,94085,,0.54243073922985,,,,1,,
37.36236670235282,-122.0007701,95051,,0.57368769004879,,,,1,,
37.36236670235282,-121.9959752,95051,,0.55385531782452,,,,1,,
37.36236670235282,-121.9911214,95051,,0.71254582127707,,,,1,,
37.36236670235282,-121.9884236,95051,,0.84657531315711,,,,1,,
37.36236670235282,-121.9880676,95051,,0.86571107232686,,,,1,,
37.36236670235282,-121.9871321,95051,,0.81506768913230,,,,1,,
37.36236670235282,-121.9836757,95051,,0.60167810644764,,,,1,,
37.36236670235282,-121.9797430,95051,,0.39595398831139,,,,1,,
37.36236670235282,-121.9735343,95051,,0.36522425782811,,,,1,,
37.36236670235282,-121.9685241,95051,,0.57906536568420,,,,1,,
37.36236670235282,-121.9648202,95050,,0.63377961173782,,,,1,,
37.36236670235282,-121.9593528,95050,,0.32554838157684,,,,1,,
37.36236670235282,-121.9557426,95050,,0.25922817550436,,,,1,,
37.36236670235282,-121.9542248,95050,,0.29674128220145,,,,1,,
37.36236670235282,-121.9521050,95050,,0.36495118016989,,,,1,,
37.36236670235282,-121.9483405,95050,,0.17867541657171,,,,1,,
37.36236670235282,-121.9440707,95050,,0.04361735309728,,,,1,,
37.36236670235282,-121.9421556,95050,,0.10342064252679,,,,1,,
37.36236670235282,-121.9399711,95050,,0.22418615510854,,,,1,,
37.36236670235282,-121.9375517,95050,,0.27647070345204,,,,1,,
37.36236670235282,-121.9358327,95050,,0.35916556852791,,,,1,,
37.36236670235282,-121.9298894,95050,,0.72674728305926,,,,1,,
37.36236670235282,-121.9268597,95110,,0.64490871858059,,,,1,,
37.36236670235282,-121.9233697,95110,,0.55815571928633,,,,1,,
37.36236670235282,-121.9177902,95110,,0.46593831857058,,,,1,,
37.36236670235282,-121.9166140,95110,,0.40735260123863,,,,1,,
37.36236670235282,-121.9120893,95110,,0.30377227170547,,,,1,,
37.36236670235282,-121.9111079,95110,,0.31953238940812,,,,1,,
37.36236670235282,-121.9105247,95110,,0.33510460441272,,,,1,,
37.36236670235282,-121.9096512,95110,,0.36556636742339,,,,1,,
37.36236670235282,-121.9048224,95110,,0.61894694173817,,,,1,,
37.36236670235282,-121.9019945,95110,,0.78349880247798,,,,1,,
37.36236670235282,-121.8970835,95110,,0.84572596621426,,,,1,,
37.36236670235282,-121.8906445,95110,,1.09412506146963,,,,1,,
37.36236670235282,-121.8853466,95131,,1.22564731803692,,,,1,,
37.36236670235282,-121.8833994,95131,,1.17476887318669,,,,1,,
37.36236670235282,-121.8793720,95133,,1.05550925293584,,,,1,,
37.36236670235282,-121.8730583,95133,,0.62024606219811,,,,1,,
37.36236670235282,-121.8708557,95133,,0.46883676299235,,,,1,,
37.36236670235282,-121.8645777,95133,,0.06328827952738,,,,1,,
37.36236670235282,-121.8611894,95133,,0.20954667858132,,,,1,,
37.36236670235282,-121.8591367,95133,,0.34843878246791,,,,1,,
37.36236670235282,-121.8564900,95133,,0.52983046576912,,,,1,,
37.36236670235282,-121.8502703,95116,,0.48563302245564,,,,1,,
37.36236670235282,-121.8463979,95116,,0.24281619939749,,,,1,,
37.36236670235282,-121.8448406,95116,,0.16792341792769,,,,1,,
37.36236670235282,-121.8445271,95116,,0.15749889476306,,,,1,,
37.36236670235282,-121.8389427,95116,,0.34875574262732,,,,1,,
37.36236670235282,-121.8335988,95116,,0.70222042703284,,,,1,,
37.36236670235282,-121.8321958,95116,,0.79739466465405,,,,1,,
37.36236670235282,-121.8267178,95116,,1.17178292817507,,,,1,,
37.36236670235282,-121.8226691,95116,,1.44986555536414,,,,1,,
37.36236670235282,-121.8159857,95116,,1.90998022912086,,,,1,,
37.36236670235282,-121.8141797,95148,,1.87495448872461,,,,1,,
37.36236670235282,-121.8123851,95148,,1.79908946590143,,,,1,,
37.36236670235282,-121.8063912,95148,,1.59017580197325,,,,1,,
37.36236670235282,-121.8046579,95148,,1.54526705969054,,,,1,,
37.36236670235282,-121.8009909,95148,,1.47800581564361,,,,1,,
37.36236670235282,-121.7949157,95148,,1.45951687123109,,,,1,,
37.36236670235282,-121.7927886,95148,,1.48137579684332,,,,1,,
37.36236670235282,-121.7892749,95148,,1.54767406833636,,,,1,,
37.36236670235282,-121.7854480,95148,,1.65775138802916,,,,1,,
37.36236670235282,-121.7830965,95148,,1.74192902217192,,,,1,,
37.36236670235282,-121.7764371,95148,,2.03255188676053,,,,1,,
37.36236670235282,-121.7714425,95148,,2.28733392907443,,,,1,,
37.36236670235282,-121.7707836,95148,,2.32268801356169,,,,1,,
37.36236670235282,-121.7683711,95148,,2.45499582716685,,,,1,,
37.36236670235282,-121.7622319,95148,,2.80824940903165,,,,1,,
37.36236670235282,-121.7593166,95148,,2.98248132826137,,,,1,,
37.36236670235282,-121.7535183,95148,,3.33812861683414,,,,1,,
37.36236670235282,-121.7469581,95148,,3.75146289106570,,,,1,,
37.36236670235282,-121.7409533,95148,,4.13714750193490,,,,1,,
37.36236670235282,-121.7377657,95148,,4.34407467143486,,,,1,,
37.36454465,-122.0167829,94086,,0.36629760818695,,,,1,,
37.36454465,-122.0104570,94085,,0.53952779929440,,,,1,,
37.36454465,-122.0043212,94085,,0.48520298263960,,,,1,,
37.36454465,-122.0030503,94085,,0.51849244195763,,,,1,,
37.36454465,-121.9984703,95051,,0.45995873831488,,,,1,,
37.36454465,-121.9931229,95051,,0.56406898032914,,,,1,,
37.36454465,-121.9888830,95051,,0.77251785197212,,,,1,,
37.36454465,-121.9886385,95051,,0.78618394166950,,,,1,,
37.36454465,-121.9821332,95051,,0.46933784074101,,,,1,,
37.36454465,-121.9815656,95051,,0.43577301696000,,,,1,,
37.36454465,-121.9766923,95051,,0.23592031354322,,,,1,,
37.36454465,-121.9725447,95051,,0.34647684484622,,,,1,,
37.36454465,-121.9673714,95051,,0.58535131190025,,,,1,,
37.36454465,-121.9620282,95050,,0.42513495084146,,,,1,,
37.36454465,-121.9586365,95050,,0.23263864935131,,,,1,,
37.36454465,-121.9566589,95050,,0.17603950578440,,,,1,,
37.36454465,-121.9563577,95050,,0.17533974433646,,,,1,,
37.36454465,-121.9531205,95050,,0.28773364148189,,,,1,,
37.36454465,-121.9520333,95050,,0.28753713082296,,,,1,,
37.36454465,-121.9510254,95050,,0.27243704726721,,,,1,,
37.36454465,-121.9501607,95050,,0.27331055016859,,,,1,,
37.36454465,-121.9445491,95050,,0.08342380326449,,,,1,,
37.36454465,-121.9416494,95050,,0.14373065309426,,,,1,,
37.36454465,-121.9364796,95050,,0.38461511630366,,,,1,,
37.36454465,-121.9357816,95050,,0.41595033407685,,,,1,,
37.36454465,-121.9347943,95050,,0.46523344268080,,,,1,,
37.36454465,-121.9322210,95050,,0.61104638591153,,,,1,,
37.36454465,-121.9261933,95131,,0.63785495808736,,,,1,,
37.36454465,-121.9208403,95110,,0.63437274964408,,,,1,,
37.36454465,-121.9177169,95110,,0.51749642989333,,,,1,,
37.36454465,-121.9154966,95110,,0.42876899759933,,,,1,,
37.36454465,-121.9092070,95110,,0.44894624642104,,,,1,,
37.36454465,-121.9064186,95110,,0.57468331600226,,,,1,,
37.36454465,-121.9020471,95110,,0.82551877472544,,,,1,,
37.36454465,-121.8987160,95110,,0.88706898958711,,,,1,,
37.36454465,-121.8984458,95110,,0.89159429862378,,,,1,,
37.36454465,-121.8923028,95110,,1.07982922664544,,,,1,,
37.36454465,-121.8922144,95110,,1.08351342273805,,,,1,,
37.36454465,-121.8907803,95110,,1.14617844473761,,,,1,,
37.36454465,-121.8867249,95131,,1.20020235333115,,,,1,,
37.36454465,-121.8814806,95131,,1.06071618531984,,,,1,,
37.36454465,-121.8757539,95133,,0.81520426852357,,,,1,,
37.36454465,-121.8752045,95133,,0.77778460120312,,,,1,,
37.36454465,-121.8719768,95133,,0.55942412062701,,,,1,,
37.36454465,-121.8700693,95133,,0.43262158651597,,,,1,,
37.36454465,-121.8659517,95133,,0.18457466197104,,,,1,,
37.36454465,-121.8639245,95133,,0.13479721979958,,,,1,,
37.36454465,-121.8622724,95133,,0.18503065740617,,,,1,,
37.36454465,-121.8569958,95133,,0.51000397252978,,,,1,,
37.36454465,-121.8529246,95116,,0.65076314529996,,,,1,,
37.36454465,-121.8501073,95116,,0.45739381269536,,,,1,,
37.36454465,-121.8458232,95116,,0.16916047145552,,,,1,,
37.36454465,-121.8415539,95116,,0.15164106291626,,,,1,,
37.36454465,-121.8373862,95116,,0.43057272079528,,,,1,,
37.36454465,-121.8328799,95116,,0.74000512844922,,,,1,,
37.36454465,-121.8274431,95116,,1.11477229951367,,,,1,,
37.36454465,-121.8259832,95116,,1.21550041099183,,,,1,,
37.36454465,-121.8194992,95116,,1.66309026054595,,,,1,,
37.36454465,-121.8134834,95148,,1.90797566278143,,,,1,,
37.36454465,-121.8111057,95148,,1.81479678062188,,,,1,,
37.36454465,-121.8076502,95148,,1.69870543091256,,,,1,,
37.36454465,-121.8045486,95148,,1.61758715225323,,,,1,,
37.36454465,-121.8033173,95148,,1.59225180533221,,,,1,,
37.36454465,-121.7994085,95148,,1.54046498081704,,,,1,,
37.36454465,-121.7941537,95148,,1.54429220457150,,,,1,,
37.36454465,-121.7895184,95148,,1.61682766652072,,,,1,,
37.36454465,-121.7849926,95148,,1.74240190428737,,,,1,,
37.36454465,-121.7796374,95148,,1.94621233171109,,,,1,,
37.36454465,-121.7781321,95148,,2.01205547433953,,,,1,,
37.36454465,-121.7774884,95148,,2.04118123095807,,,,1,,
37.36454465,-121.7773066,95148,,2.04950706039438,,,,1,,
37.36454465,-121.7711374,95148,,2.35441767297267,,,,1,,
37.36454465,-121.7678506,95148,,2.53122228382665,,,,1,,
37.36454465,-121.7634790,95148,,2.77773883174629,,,,1,,
37.36454465,-121.7628118,95148,,2.81631445652139,,,,1,,
37.36454465,-121.7566971,95148,,3.17920011116405,,,,1,,
37.36454465,-121.7529501,95148,,3.40836734147476,,,,1,,
37.36454465,-121.7528174,95148,,3.41656119844124,,,,1,,
37.36619784873037,-122.0156772,94086,,0.30911515891668,,,,1,,
37.36619784873037,-122.0097427,94085,,0.46234588654579,,,,1,,
37.36619784873037,-122.0073620,94085,,0.40709141760531,,,,1,,
37.36619784873037,-122.0054156,94085,,0.40823866659783,,,,1,,
37.36619784873037,-122.0044071,94085,,0.42587731231520,,,,1,,
37.36619784873037,-122.0043329,94085,,0.42759505211456,,,,1,,
37.36619784873037,-122.0027983,94085,,0.47428439472208,,,,1,,
37.36619784873037,-121.9985805,95051,,0.40054043357663,,,,1,,
37.36619784873037,-121.9924126,95051,,0.54871102379769,,,,1,,
37.36619784873037,-121.9876032,95051,,0.80379506179411,,,,1,,
37.36619784873037,-121.9875347,95051,,0.79917396032207,,,,1,,
37.36619784873037,-121.9845929,95051,,0.60236095096222,,,,1,,
37.36619784873037,-121.9835079,95051,,0.53100174618741,,,,1,,
37.36619784873037,-121.9834042,95051,,0.52423429995356,,,,1,,
37.36619784873037,-121.9771120,95051,,0.18345976919947,,,,1,,
37.36619784873037,-121.9766517,95051,,0.17565666299175,,,,1,,
37.36619784873037,-121.9709245,95051,,0.36460288501294,,,,1,,
37.36619784873037,-121.9665291,95051,,0.60228248281494,,,,1,,
37.36619784873037,-121.9605304,95050,,0.30616734206301,,,,1,,
37.36619784873037,-121.9586427,95050,,0.19160164263451,,,,1,,
37.36619784873037,-121.9553447,95050,,0.13687251394482,,,,1,,
37.36619784873037,-121.9550598,95050,,0.14850843116301,,,,1,,
37.36619784873037,-121.9548393,95050,,0.15860919295670,,,,1,,
37.36619784873037,-121.9542118,95050,,0.19111646857526,,,,1,,
37.36619784873037,-121.9511490,95050,,0.21354639938488,,,,1,,
37.36619784873037,-121.9446771,95050,,0.11855748201555,,,,1,,
37.36619784873037,-121.9388813,95050,,0.34418394182937,,,,1,,
37.36619784873037,-121.9323701,95050,,0.63475466340712,,,,1,,
37.36619784873037,-121.9309049,95131,,0.63133422165264,,,,1,,
37.36619784873037,-121.9282372,95131,,0.57955494754760,,,,1,,
37.36619784873037,-121.9226994,95131,,0.65014090790799,,,,1,,
37.36619784873037,-121.9218173,95131,,0.68084288249920,,,,1,,
37.36619784873037,-121.9217550,95131,,0.68316471550430,,,,1,,
37.36619784873037,-121.9177436,95110,,0.56458036525133,,,,1,,
37.36619784873037,-121.9156570,95110,,0.48783216743861,,,,1,,
37.36619784873037,-121.9124124,95110,,0.44155538454600,,,,1,,
37.36619784873037,-121.9062670,95110,,0.62371700953009,,,,1,,
37.36619784873037,-121.9042340,95110,,0.72979597202782,,,,1,,
37.36619784873037,-121.8975803,95110,,0.96602978220255,,,,1,,
37.36619784873037,-121.8952361,95110,,1.02551113143610,,,,1,,
37.36619784873037,-121.8931484,95110,,1.09605959320692,,,,1,,
37.36619784873037,-121.8882417,95131,,1.20830821837813,,,,1,,
37.36619784873037,-121.8819471,95131,,1.01088984729262,,,,1,,
37.36619784873037,-121.8789805,95131,,0.97293125474045,,,,1,,
37.36619784873037,-121.8783879,95131,,0.97037267587866,,,,1,,
37.36619784873037,-121.8761139,95133,,0.85147058780244,,,,1,,
37.36619784873037,-121.8753367,95133,,0.79928106709081,,,,1,,
37.36619784873037,-121.8692717,95133,,0.40580936718893,,,,1,,
37.36619784873037,-121.8690292,95133,,0.39118434405797,,,,1,,
37.36619784873037,-121.8639371,95133,,0.19484024699450,,,,1,,
37.36619784873037,-121.8586767,95133,,0.42321048890832,,,,1,,
37.36619784873037,-121.8557619,95133,,0.60916902628864,,,,1,,
37.36619784873037,-121.8550303,95133,,0.65727448898734,,,,1,,
37.36619784873037,-121.8536092,95116,,0.69502310064749,,,,1,,
37.36619784873037,-121.8494966,95116,,0.41085585792580,,,,1,,
37.36619784873037,-121.8474414,95116,,0.26885100424737,,,,1,,
37.36619784873037,-121.8422790,95116,,0.08791124956072,,,,1,,
37.36619784873037,-121.8390519,95116,,0.31086748190113,,,,1,,
37.36619784873037,-121.8343467,95116,,0.63597967921926,,,,1,,
37.36619784873037,-121.8288423,95116,,1.01631836547532,,,,1,,
37.36619784873037,-121.8224506,95116,,1.45796835607658,,,,1,,
37.36619784873037,-121.8200563,95116,,1.62340845921997,,,,1,,
37.36619784873037,-121.8137332,95148,,1.96673098535220,,,,1,,
37.36619784873037,-121.8128832,95148,,1.93281969377446,,,,1,,
37.36619784873037,-121.8064828,95148,,1.72093321123563,,,,1,,
37.36619784873037,-121.8063573,95148,,1.71765571686269,,,,1,,
37.36619784873037,-121.8007917,95148,,1.61300229419579,,,,1,,
37.36619784873037,-121.7971016,95148,,1.59177287765349,,,,1,,
37.36619784873037,-121.7962097,95148,,1.59273614987060,,,,1,,
37.36619784873037,-121.7949688,95148,,1.59803392023605,,,,1,,
37.36619784873037,-121.7885218,95148,,1.69651916410851,,,,1,,
37.36619784873037,-121.7854139,95148,,1.78223821824629,,,,1,,
37.36619784873037,-121.7843774,95148,,1.81558046154700,,,,1,,
37.36619784873037,-121.7799394,95148,,1.98140462369226,,,,1,,
37.36619784873037,-121.7763583,95148,,2.13802124742363,,,,1,,
37.36619784873037,-121.7748477,95148,,2.20907387092730,,,,1,,
37.36619784873037,-121.7697662,95148,,2.46555396314409,,,,1,,
37.36619784873037,-121.7648539,95148,,2.73356448356863,,,,1,,
37.36744695,-122.0201400,94086,,0.36512387930475,,,,1,,
37.36744695,-122.0169357,94086,,0.26157093143199,,,,1,,
37.36744695,-122.0155989,94086,,0.26519624815828,,,,1,,
37.36744695,-122.0143807,94086,,0.29483874052932,,,,1,,
37.36744695,-122.0141538,94086,,0.30263417845891,,,,1,,
37.36744695,-122.0105438,94085,,0.45541440731153,,,,1,,
37.36744695,-122.0085393,94085,,0.38473515251890,,,,1,,
37.36744695,-122.0052183,94085,,0.36617130106606,,,,1,,
37.36744695,-122.0043992,94085,,0.38318962359837,,,,1,,
37.36744695,-122.0002679,95051,,0.38853144050162,,,,1,,
37.36744695,-121.9942701,95051,,0.43153406259969,,,,1,,
37.36744695,-121.9888812,95051,,0.71475652696464,,,,1,,
37.36744695,-121.9855415,95051,,0.65497577195213,,,,1,,
37.36744695,-121.9813789,95051,,0.37706014962701,,,,1,,
37.36744695,-121.9809322,95051,,0.34817460932350,,,,1,,
37.36744695,-121.9805066,95051,,0.32099659123447,,,,1,,
37.36744695,-121.9800171,95051,,0.29027603146319,,,,1,,
37.36744695,-121.9788629,95051,,0.22144899944462,,,,1,,
37.36744695,-121.9748965,95051,,0.15803761005589,,,,1,,
37.36744695,-121.9728756,95051,,0.25693604824943,,,,1,,
37.36744695,-121.9718644,95051,,0.28932330813933,,,,1,,
37.36744695,-121.9698970,95051,,0.38224113755301,,,,1,,
37.36744695,-121.9678293,95051,,0.50152276058245,,,,1,,
37.36744695,-121.9617677,95050,,0.37572999559914,,,,1,,
37.36744695,-121.9577769,95050,,0.11633441211496,,,,1,,
37.36744695,-121.9518463,95050,,0.18459097694791,,,,1,,
37.36744695,-121.9498710,95050,,0.17365373167722,,,,1,,
37.36744695,-121.9495667,95050,,0.18128424594814,,,,1,,
37.36744695,-121.9494970,95050,,0.18332699849267,,,,1,,
37.36744695,-121.9453589,95050,,0.09345667766508,,,,1,,
37.36744695,-121.9452929,95050,,0.09063361726913,,,,1,,
37.36744695,-121.9402737,95050,,0.27807283079112,,,,1,,
37.36744695,-121.9347758,95050,,0.54132997493263,,,,1,,
37.36744695,-121.9343874,95050,,0.55923272404997,,,,1,,
37.36744695,-121.9283086,95131,,0.53510027397422,,,,1,,
37.36744695,-121.9236192,95131,,0.58107485590987,,,,1,,
37.36744695,-121.9182140,95110,,0.62052909850640,,,,1,,
37.36744695,-121.9117453,95110,,0.49084965521498,,,,1,,
37.36744695,-121.9067125,95110,,0.63653098404017,,,,1,,
37.36744695,-121.9036007,95110,,0.79229221879244,,,,1,,
37.36744695,-121.9010386,95110,,0.93828291856126,,,,1,,
37.36744695,-121.8977999,95110,,1.00552806957091,,,,1,,
37.36744695,-121.8966007,95110,,1.03083102084408,,,,1,,
37.36744695,-121.8901718,95110,,1.25418664498854,,,,1,,
37.36744695,-121.8861867,95131,,1.09043745443912,,,,1,,
37.36744695,-121.8846040,95131,,1.03650946640669,,,,1,,
37.36744695,-121.8829024,95131,,0.98879493063803,,,,1,,
37.36744695,-121.8815882,95131,,0.96020986315495,,,,1,,
37.36744695,-121.8794584,95131,,0.93098658750567,,,,1,,
37.36744695,-121.8763131,95133,,0.87624990344683,,,,1,,
37.36744695,-121.8748188,95133,,0.77746060013527,,,,1,,
37.36744695,-121.8695231,95133,,0.44402262895968,,,,1,,
37.36744695,-121.8638091,95133,,0.24094725685277,,,,1,,
37.36744695,-121.8625300,95133,,0.26386456057419,,,,1,,
37.36744695,-121.8605147,95133,,0.34576115638245,,,,1,,
37.36744695,-121.8600724,95133,,0.36837207695553,,,,1,,
37.36744695,-121.8537948,95116,,0.70914119117420,,,,1,,
37.36744695,-121.8503967,95116,,0.47498288929963,,,,1,,
37.36744695,-121.8440812,95116,,0.05642076812745,,,,1,,
37.36744695,-121.8374121,95116,,0.42632504994705,,,,1,,
37.36744695,-121.8334460,95116,,0.69952611762040,,,,1,,
37.36744695,-121.8318352,95116,,0.81064782330814,,,,1,,
37.36744695,-121.8302940,95116,,0.91700917120963,,,,1,,
37.36744695,-121.8295087,95116,,0.97121543532791,,,,1,,
37.36744695,-121.8276591,95116,,1.09890813779775,,,,1,,
37.36744695,-121.8213676,95116,,1.53339822508973,,,,1,,
37.36744695,-121.8187381,95116,,1.71502676578621,,,,1,,
37.36744695,-121.8123252,95148,,1.94926729064632,,,,1,,
37.36744695,-121.8079148,95148,,1.80215054283247,,,,1,,
37.36744695,-121.8070036,95148,,1.77675969035629,,,,1,,
37.36744695,-121.8015529,95148,,1.66698968120994,,,,1,,
37.36744695,-121.7966894,95148,,1.63739446567573,,,,1,,
37.36744695,-121.7922916,95148,,1.66945863296073,,,,1,,
37.36744695,-121.7882089,95148,,1.74666390925224,,,,1,,
37.36744695,-121.7869448,95148,,1.77897889569174,,,,1,,
37.36744695,-121.7857770,95148,,1.81206430458490,,,,1,,
37.36744695,-121.7837336,95148,,1.87691238097576,,,,1,,
37.36744695,-121.7824929,95148,,1.92028752303139,,,,1,,
37.36891569735992,-122.0187236,94086,,0.25990396265210,,,,1,,
37.36891569735992,-122.0166803,94086,,0.20610307166061,,,,1,,
37.36891569735992,-122.0162408,94086,,0.20565896446380,,,,1,,
37.36891569735992,-122.0153723,94086,,0.21761902721039,,,,1,,
37.36891569735992,-122.0113636,94086,,0.40505726759516,,,,1,,
37.36891569735992,-122.0063949,94085,,0.30254650136872,,,,1,,
37.36891569735992,-122.0002645,95051,,0.34047016060127,,,,1,,
37.36891569735992,-121.9999850,95051,,0.33157467070404,,,,1,,
37.36891569735992,-121.9989068,95051,,0.30638144038498,,,,1,,
37.36891569735992,-121.9979585,95051,,0.29817615358171,,,,1,,
37.36891569735992,-121.9954656,95051,,0.34179935064489,,,,1,,
37.36891569735992,-121.9908343,95051,,0.57115923613165,,,,1,,
37.36891569735992,-121.9857251,95051,,0.65925363096001,,,,1,,
37.36891569735992,-121.9813648,95051,,0.36145097914689,,,,1,,
37.36891569735992,-121.9807487,95051,,0.31989862993418,,,,1,,
37.36891569735992,-121.9793200,95051,,0.22501152613314,,,,1,,
37.36891569735992,-121.9760572,95051,,0.07505816129027,,,,1,,
37.36891569735992,-121.9704922,95051,,0.31689516452195,,,,1,,
37.36891569735992,-121.9699692,95051,,0.34678107422292,,,,1,,
37.36891569735992,-121.9674509,95051,,0.50232450545011,,,,1,,
37.36891569735992,-121.9668693,95051,,0.53985179471600,,,,1,,
37.36891569735992,-121.9613740,95050,,0.34245671023276,,,,1,,
37.36891569735992,-121.9559760,95050,,0.03451832094863,,,,1,,
37.36891569735992,-121.9522422,95050,,0.15650359270553,,,,1,,
37.36891569735992,-121.9517472,95050,,0.13469184675799,,,,1,,
37.36891569735992,-121.9510497,95050,,0.11473159841758,,,,1,,
37.36891569735992,-121.9447259,95050,,0.02420148944845,,,,1,,
37.36891569735992,-121.9383951,95050,,0.41652091120872,,,,1,,
37.36891569735992,-121.9321223,95131,,0.58783888522574,,,,1,,
37.36891569735992,-121.9298586,95131,,0.51154248566703,,,,1,,
37.36891569735992,-121.9265947,95131,,0.47631341524934,,,,1,,
37.36891569735992,-121.9250930,95131,,0.49500624295838,,,,1,,
37.36891569735992,-121.9199484,95131,,0.68591902086059,,,,1,,
37.36891569735992,-121.9148431,95110,,0.56144328311069,,,,1,,
37.36891569735992,-121.9125798,95110,,0.54055262592489,,,,1,,
37.36891569735992,-121.9066496,95110,,0.68107627815048,,,,1,,
37.36891569735992,-121.9005542,95110,,0.99513215197007,,,,1,,
37.36891569735992,-121.8981499,95110,,1.05138693650673,,,,1,,
37.36891569735992,-121.8965891,95110,,1.08164263120253,,,,1,,
37.36891569735992,-121.8954599,95110,,1.10956923382049,,,,1,,
37.36891569735992,-121.8900507,95131,,1.21382419712002,,,,1,,
37.36891569735992,-121.8864397,95131,,1.05518476020571,,,,1,,
37.36891569735992,-121.8811145,95131,,0.89988204965852,,,,1,,
37.36891569735992,-121.8796836,95131,,0.87997631904716,,,,1,,
37.36891569735992,-121.8736310,95133,,0.71999357302015,,,,1,,
37.36891569735992,-121.8700186,95133,,0.50249457442557,,,,1,,
37.36891569735992,-121.8660460,95133,,0.32243408418178,,,,1,,
37.36891569735992,-121.8608164,95133,,0.37174321994782,,,,1,,
37.36891569735992,-121.8561222,95133,,0.62556662022616,,,,1,,
37.36891569735992,-121.8557880,95133,,0.64604892447323,,,,1,,
37.36891569735992,-121.8502866,95116,,0.47532167895595,,,,1,,
37.36891569735992,-121.8476784,95116,,0.30107789420643,,,,1,,
37.36891569735992,-121.8453857,95116,,0.15930144728798,,,,1,,
37.36891569735992,-121.8437072,95116,,0.09703975619747,,,,1,,
37.36891569735992,-121.8391540,95116,,0.31873789917151,,,,1,,
37.36891569735992,-121.8379214,95116,,0.40074521978158,,,,1,,
37.36891569735992,-121.8369947,95116,,0.46315271349268,,,,1,,
37.36891569735992,-121.8342330,95116,,0.65101083062231,,,,1,,
37.36891569735992,-121.8331571,95116,,0.72461644299874,,,,1,,
37.36891569735992,-121.8311353,95116,,0.86327548426285,,,,1,,
37.36891569735992,-121.8260066,95116,,1.21608272586860,,,,1,,
37.36891569735992,-121.8236171,95116,,1.38073352728923,,,,1,,
37.36891569735992,-121.8221285,95116,,1.48335840460296,,,,1,,
37.36891569735992,-121.8215264,95116,,1.52487644776551,,,,1,,
37.36891569735992,-121.8167222,95116,,1.85628928892695,,,,1,,
37.36891569735992,-121.8115518,95148,,1.96658774005247,,,,1,,
37.36891569735992,-121.8051620,95148,,1.78197177217889,,,,1,,
37.36891569735992,-121.8027233,95148,,1.73611521473741,,,,1,,
37.36891569735992,-121.8008918,95148,,1.71180529084139,,,,1,,
37.36891569735992,-121.7981668,95148,,1.69258668916151,,,,1,,
37.36891569735992,-121.7951334,95148,,1.69570505166329,,,,1,,
37.36891569735992,-121.7897988,95148,,1.76270512501937,,,,1,,
37.36891569735992,-121.7890169,95148,,1.77874277610298,,,,1,,
37.36891569735992,-121.7828717,95148,,1.95283114577470,,,,1,,
37.36891569735992,-121.7764584,95148,,2.20817972599494,,,,1,,
37.36891569735992,-121.7752131,95148,,2.26448784711107,,,,1,,
37.36891569735992,-121.7711039,95148,,2.46251796988807,,,,1,,
37.36891569735992,-121.7657375,95148,,2.74394972714557,,,,1,,
37.370407199758006,-122.0181997,94086,,0.19460554734805,,,,1,,
37.370407199758006,-122.0119626,94086,,0.34268582188022,,,,1,,
37.370407199758006,-122.0076733,94085,,0.26215899867934,,,,1,,
37.370407199758006,-122.0017458,95051,,0.36121098545064,,,,1,,
37.370407199758006,-122.0001818,95051,,0.29067464621497,,,,1,,
37.370407199758006,-121.9979719,95051,,0.24359701629775,,,,1,,
37.370407199758006,-121.9941114,95051,,0.35677661992457,,,,1,,
37.370407199758006,-121.9919219,95051,,0.47861541407106,,,,1,,
37.370407199758006,-121.9892677,95051,,0.64330376205114,,,,1,,
37.370407199758006,-121.9876953,95051,,0.74500338544320,,,,1,,
37.370407199758006,-121.9872644,95054,,0.74115782346090,,,,1,,
37.370407199758006,-121.9816196,95051,,0.37191756977767,,,,1,,
37.370407199758006,-121.9785933,95051,,0.16345380160379,,,,1,,
37.370407199758006,-121.9769189,95051,,0.05046691965547,,,,1,,
37.370407199758006,-121.9753303,95051,,0.06606205689478,,,,1,,
37.370407199758006,-121.9728734,95051,,0.16056311268322,,,,1,,
37.370407199758006,-121.9669904,95051,,0.51544092815505,,,,1,,
37.370407199758006,-121.9649838,95050,,0.59283000964752,,,,1,,
37.370407199758006,-121.9630059,95050,,0.45654887587439,,,,1,,
37.370407199758006,-121.9593916,95050,,0.20882735719156,,,,1,,
37.370407199758006,-121.9564327,95050,,0.03912645792300,,,,1,,
37.370407199758006,-121.9498593,95050,,0.07888544055935,,,,1,,
37.370407199758006,-121.9484863,95050,,0.16000950854885,,,,1,,
37.370407199758006,-121.9431189,95050,,0.10206414961021,,,,1,,
37.370407199758006,-121.9424386,95050,,0.14699324249878,,,,1,,
37.370407199758006,-121.9402934,95050,,0.29297050307628,,,,1,,
37.370407199758006,-121.9355349,95050,,0.59923474198100,,,,1,,
37.370407199758006,-121.9338426,95131,,0.62706272592968,,,,1,,
37.370407199758006,-121.9320110,95131,,0.53988499591671,,,,1,,
37.370407199758006,-121.9262055,95131,,0.42509997666953,,,,1,,
37.370407199758006,-121.9230358,95131,,0.50602511785406,,,,1,,
37.370407199758006,-121.9207217,95131,,0.60964052305325,,,,1,,
37.370407199758006,-121.9206394,95131,,0.61377070496946,,,,1,,
37.370407199758006,-121.9177276,95110,,0.69088858777192,,,,1,,
37.370407199758006,-121.9118611,95110,,0.59747986122700,,,,1,,
37.370407199758006,-121.9099499,95110,,0.62349606870034,,,,1,,
37.370407199758006,-121.9039099,95110,,0.84760295738454,,,,1,,
37.370407199758006,-121.9031141,95110,,0.88760408795444,,,,1,,
37.370407199758006,-121.9005845,95110,,1.02402983440019,,,,1,,
37.370407199758006,-121.8980003,95110,,1.10675652753020,,,,1,,
37.370407199758006,-121.8914274,95131,,1.24562127278976,,,,1,,
37.370407199758006,-121.8902307,95131,,1.18438121994843,,,,1,,
37.370407199758006,-121.8897698,95131,,1.16150425031172,,,,1,,
37.370407199758006,-121.8893721,95131,,1.14210973085905,,,,1,,
37.370407199758006,-121.8886451,95131,,1.10754123251135,,,,1,,
37.370407199758006,-121.8819370,95131,,0.86441439581831,,,,1,,
37.370407199758006,-121.8796567,95131,,0.82589075107186,,,,1,,
37.370407199758006,-121.8780103,95131,,0.81605587895439,,,,1,,
37.370407199758006,-121.8716247,95133,,0.62469599071848,,,,1,,
37.370407199758006,-121.8705064,95133,,0.56217387788094,,,,1,,
37.370407199758006,-121.8650072,95133,,0.35338901899955,,,,1,,
37.370407199758006,-121.8607308,95133,,0.41931781460122,,,,1,,
37.370407199758006,-121.8549541,95133,,0.72243715743359,,,,1,,
37.370407199758006,-121.8548687,95133,,0.72761395135347,,,,1,,
37.370407199758006,-121.8507941,95116,,0.52273299896232,,,,1,,
37.370407199758006,-121.8498220,95116,,0.45882874496356,,,,1,,
37.370407199758006,-121.8474409,95116,,0.30822269135597,,,,1,,
37.370407199758006,-121.8461521,95116,,0.23463876344881,,,,1,,
37.370407199758006,-121.8441198,95116,,0.15585299460877,,,,1,,
37.370407199758006,-121.8381275,95116,,0.40393388555267,,,,1,,
37.370407199758006,-121.8373608,95116,,0.45351174477071,,,,1,,
37.370407199758006,-121.8372611,95116,,0.46001442548306,,,,1,,
37.370407199758006,-121.8349843,95116,,0.61082270245685,,,,1,,
37.370407199758006,-121.8314261,95116,,0.85124145256994,,,,1,,
37.370407199758006,-121.8293336,95116,,0.99387113822774,,,,1,,
37.370407199758006,-121.8255340,95116,,1.25400717716347,,,,1,,
37.370407199758006,-121.8225223,95116,,1.46081241017966,,,,1,,
37.370407199758006,-121.8193797,95116,,1.67694807614393,,,,1,,
37.370407199758006,-121.8133378,95148,,2.07780472560411,,,,1,,
37.370407199758006,-121.8111104,95148,,1.99844204688603,,,,1,,
37.370407199758006,-121.8091958,95148,,1.93741113865900,,,,1,,
37.370407199758006,-121.8031060,95148,,1.79506515210099,,,,1,,
37.370407199758006,-121.8001480,95148,,1.75839987823418,,,,1,,
37.370407199758006,-121.7998012,95148,,1.75561013493628,,,,1,,
37.370407199758006,-121.7957377,95148,,1.74724536295766,,,,1,,
37.370407199758006,-121.7892191,95148,,1.82625531237223,,,,1,,
37.370407199758006,-121.7825131,95148,,2.01223455707691,,,,1,,
37.370407199758006,-121.7818861,95148,,2.03415498734670,,,,1,,
37.37090691089728,-122.0193432,94086,,0.24165775400034,,,,1,,
37.37090691089728,-122.0168917,94086,,0.13635740171845,,,,1,,
37.37090691089728,-122.0162012,94086,,0.13319206977252,,,,1,,
37.37090691089728,-122.0110224,94085,,0.39115221406496,,,,1,,
37.37090691089728,-122.0090131,94085,,0.29042067615732,,,,1,,
37.37090691089728,-122.0077576,94085,,0.24701272962648,,,,1,,
37.37090691089728,-122.0036738,94085,,0.29872812045538,,,,1,,
37.37090691089728,-121.9992732,95051,,0.24480296169996,,,,1,,
37.37090691089728,-121.9955324,95051,,0.27776121660726,,,,1,,
37.37090691089728,-121.9937241,95051,,0.36522043734621,,,,1,,
37.37090691089728,-121.9904629,95051,,0.56012303736394,,,,1,,
37.37090691089728,-121.9843413,95051,,0.55947726624880,,,,1,,
37.37090691089728,-121.9835395,95051,,0.50407493565948,,,,1,,
37.37090691089728,-121.9819476,95051,,0.39407880884683,,,,1,,
37.37090691089728,-121.9771998,95051,,0.06602455589312,,,,1,,
37.37090691089728,-121.9727117,95051,,0.15321645097086,,,,1,,
37.37090691089728,-121.9669601,95051,,0.51311700090431,,,,1,,
37.37090691089728,-121.9629680,95050,,0.45587881195823,,,,1,,
37.37090691089728,-121.9619987,95050,,0.38952675215479,,,,1,,
37.37090691089728,-121.9601503,95050,,0.26387281008596,,,,1,,
37.37090691089728,-121.9538203,95054,,0.18360550209554,,,,1,,
37.37090691089728,-121.9526243,95050,,0.14169926703879,,,,1,,
37.37090691089728,-121.9464021,95050,,0.14209542189686,,,,1,,
37.37090691089728,-121.9435548,95050,,0.08495746483431,,,,1,,
37.37090691089728,-121.9378486,95050,,0.46287232684077,,,,1,,
37.37090691089728,-121.9366181,95050,,0.54740204699215,,,,1,,
37.37090691089728,-121.9353803,95050,,0.62039376933194,,,,1,,
37.37090691089728,-121.9292859,95131,,0.42939487598024,,,,1,,
37.37090691089728,-121.9240396,95131,,0.45474936941866,,,,1,,
37.37090691089728,-121.9194036,95131,,0.66734230034807,,,,1,,
37.37090691089728,-121.9158224,95110,,0.65135789178452,,,,1,,
37.37090691089728,-121.9147642,95110,,0.63048940371148,,,,1,,
37.37090691089728,-121.9144213,95110,,0.62541391287956,,,,1,,
37.37090691089728,-121.9099225,95110,,0.64148981105665,,,,1,,
37.37090691089728,-121.9043224,95110,,0.84076233170871,,,,1,,
37.37090691089728,-121.9027131,95110,,0.92041090630628,,,,1,,
37.37090691089728,-121.8972894,95110,,1.13668805400886,,,,1,,
37.37090691089728,-121.8911556,95131,,1.21948238079287,,,,1,,
37.37090691089728,-121.8883485,95131,,1.08024837443373,,,,1,,
37.37090691089728,-121.8838450,95131,,0.90023444233251,,,,1,,
37.37090691089728,-121.8810947,95131,,0.82942694396588,,,,1,,
37.37090691089728,-121.8784008,95131,,0.79875571100096,,,,1,,
37.37090691089728,-121.8725506,95133,,0.68828936358257,,,,1,,
37.37090691089728,-121.8669918,95133,,0.41663775090278,,,,1,,
37.37090691089728,-121.8629555,95133,,0.37490076367510,,,,1,,
37.37090691089728,-121.8628518,95133,,0.37649911585173,,,,1,,
37.37090691089728,-121.8613531,95133,,0.41300697911649,,,,1,,
37.37090691089728,-121.8571337,95133,,0.60573619149228,,,,1,,
37.37090691089728,-121.8555798,95133,,0.69430288627253,,,,1,,
37.37090691089728,-121.8531762,95116,,0.68624646706384,,,,1,,
37.37090691089728,-121.8513964,95116,,0.56786379615311,,,,1,,
37.37090691089728,-121.8512363,95116,,0.55731242167614,,,,1,,
37.37090691089728,-121.8463220,95116,,0.25542271405187,,,,1,,
37.37090691089728,-121.8449461,95116,,0.19459641487863,,,,1,,
37.37090691089728,-121.8400194,95116,,0.29682541911606,,,,1,,
37.37090691089728,-121.8376772,95116,,0.43963080229639,,,,1,,
37.37090691089728,-121.8334419,95116,,0.71864828201641,,,,1,,
37.37090691089728,-121.8274121,95116,,1.12786989749954,,,,1,,
37.37090691089728,-121.8213976,95116,,1.54002385816266,,,,1,,
37.37090691089728,-121.8175540,95116,,1.80423831525074,,,,1,,
37.37090691089728,-121.8116472,95148,,2.03254886652425,,,,1,,
37.37090691089728,-121.8086663,95148,,1.93833879705970,,,,1,,
37.37090691089728,-121.8068836,95148,,1.89049644876043,,,,1,,
37.37090691089728,-121.8022313,95148,,1.79968556119234,,,,1,,
37.37090691089728,-121.7984497,95148,,1.76599886671213,,,,1,,
37.37090691089728,-121.7933015,95148,,1.78177502525553,,,,1,,
37.37090691089728,-121.7880935,95148,,1.86784753292717,,,,1,,
37.37090691089728,-121.7823564,95148,,2.03339733593944,,,,1,,
37.37090691089728,-121.7776973,95148,,2.21143864401046,,,,1,,
37.37090691089728,-121.7716770,95148,,2.48475041216451,,,,1,,
37.37090691089728,-121.7699534,95148,,2.57005480381912,,,,1,,
37.37090691089728,-121.7647214,95148,,2.84391188109974,,,,1,,
37.37090691089728,-121.7617175,95148,,3.00951902698264,,,,1,,
37.37090691089728,-121.7554961,95148,,3.36732859953892,,,,1,,
37.37090691089728,-121.7513776,95148,,3.61284948076684,,,,1,,
37.37090691089728,-121.7448665,95148,,4.01154666538409,,,,1,,
37.37090691089728,-121.7433552,95148,,4.10560244714395,,,,1,,
37.37090691089728,-121.7376605,95148,,4.46415655010409,,,,1,,
37.37236347910736,-122.0199513,94086,,0.25666498483548,,,,1,,
37.37236347910736,-122.0162248,94086,,0.08010551662896,,,,1,,
37.37236347910736,-122.0153387,94086,,0.10859393836710,,,,1,,
37.37236347910736,-122.0148072,94086,,0.13643486618744,,,,1,,
37.37236347910736,-122.0110745,94085,,0.36556757770528,,,,1,,
37.37236347910736,-122.0078701,94085,,0.20208984914984,,,,1,,
37.37236347910736,-122.0057624,94085,,0.18236747899522,,,,1,,
37.37236347910736,-122.0033674,94085,,0.27591615313660,,,,1,,
37.37236347910736,-121.9968618,95051,,0.18586782292896,,,,1,,
37.37236347910736,-121.9938180,95051,,0.32942500228975,,,,1,,
37.37236347910736,-121.9929496,95051,,0.38189827447662,,,,1,,
37.37236347910736,-121.9863778,95054,,0.65087823964487,,,,1,,
37.37236347910736,-121.9814934,95051,,0.36643452069935,,,,1,,
37.37236347910736,-121.9795267,95051,,0.23273487314801,,,,1,,
37.37236347910736,-121.9751252,95051,,0.08764607787309,,,,1,,
37.37236347910736,-121.9721279,95051,,0.15544445379870,,,,1,,
37.37236347910736,-121.9678809,95051,,0.44091940973486,,,,1,,
37.37236347910736,-121.9625731,95050,,0.43913913075028,,,,1,,
37.37236347910736,-121.9590656,95050,,0.21352257482736,,,,1,,
37.37236347910736,-121.9575727,95050,,0.13623192618895,,,,1,,
37.37236347910736,-121.9518056,95050,,0.08112238481276,,,,1,,
37.37236347910736,-121.9453314,95050,,0.12182684020060,,,,1,,
37.37236347910736,-121.9408592,95050,,0.27364816383789,,,,1,,
37.37236347910736,-121.9401818,95050,,0.31722664747000,,,,1,,
37.37236347910736,-121.9378037,95050,,0.47510223684859,,,,1,,
37.37236347910736,-121.9330964,95131,,0.54118340835941,,,,1,,
37.37236347910736,-121.9263916,95131,,0.35250913610948,,,,1,,
37.37236347910736,-121.9236082,95131,,0.42468247898158,,,,1,,
37.37236347910736,-121.9200936,95131,,0.59738266005071,,,,1,,
37.37236347910736,-121.9172310,95110,,0.73794344202725,,,,1,,
37.37236347910736,-121.9122419,95110,,0.66705349417485,,,,1,,
37.37236347910736,-121.9119347,95110,,0.66827819440614,,,,1,,
37.37236347910736,-121.9092308,95110,,0.70700946906423,,,,1,,
37.37236347910736,-121.9043409,95110,,0.87947901589692,,,,1,,
37.37236347910736,-121.8977157,95110,,1.18079702218142,,,,1,,
37.37236347910736,-121.8923212,95131,,1.24907854230899,,,,1,,
37.37236347910736,-121.8902267,95131,,1.13615484785467,,,,1,,
37.37236347910736,-121.8864275,95131,,0.95351125267831,,,,1,,
37.37236347910736,-121.8861074,95131,,0.93985228882009,,,,1,,
37.37236347910736,-121.8826259,95131,,0.81562119205464,,,,1,,
37.37236347910736,-121.8804285,95131,,0.76627054962272,,,,1,,
37.37236347910736,-121.8786197,95131,,0.74666382558819,,,,1,,
37.37236347910736,-121.8736203,95133,,0.77916938803720,,,,1,,
37.37236347910736,-121.8724576,95133,,0.71277032458380,,,,1,,
37.37236347910736,-121.8717353,95133,,0.67305374960904,,,,1,,
37.37236347910736,-121.8657590,95133,,0.43443697946249,,,,1,,
37.37236347910736,-121.8597914,95133,,0.51493873078051,,,,1,,
37.37236347910736,-121.8553606,95133,,0.73612649606607,,,,1,,
37.37236347910736,-121.8502744,95116,,0.51497100316112,,,,1,,
37.37236347910736,-121.8462431,95116,,0.28974921649407,,,,1,,
37.37236347910736,-121.8454207,95116,,0.25698068213865,,,,1,,
37.37236347910736,-121.8429979,95116,,0.22538604108949,,,,1,,
37.37236347910736,-121.8428678,95116,,0.22708204189446,,,,1,,
37.37236347910736,-121.8426000,95116,,0.23163465012909,,,,1,,
37.37236347910736,-121.8424128,95116,,0.23562916748888,,,,1,,
37.37236347910736,-121.8359244,95116,,0.57185289518572,,,,1,,
37.37236347910736,-121.8305890,95116,,0.92274682777188,,,,1,,
37.37236347910736,-121.8293201,95116,,1.00806743583801,,,,1,,
37.37236347910736,-121.8226466,95116,,1.46139280571736,,,,1,,
37.37236347910736,-121.8208073,95116,,1.58712487827638,,,,1,,
37.37236347910736,-121.8145146,95116,,2.01857323552162,,,,1,,
37.37236347910736,-121.8090194,95148,,1.99672917254260,,,,1,,
37.37236347910736,-121.8059038,95148,,1.91731352868633,,,,1,,
37.37236347910736,-121.8049276,95148,,1.89677863373369,,,,1,,
37.37236347910736,-121.8013490,95148,,1.84078130363575,,,,1,,
37.37236347910736,-121.7964991,95148,,1.81658990902459,,,,1,,
37.37236347910736,-121.7953506,95148,,1.81987332208137,,,,1,,
37.37236347910736,-121.7900119,95148,,1.87957347170520,,,,1,,
37.37236347910736,-121.7861635,95148,,1.96489341617042,,,,1,,
37.37236347910736,-121.7815341,95148,,2.10778724684225,,,,1,,
37.37236347910736,-121.7751717,95148,,2.36145768319664,,,,1,,
37.37236347910736,-121.7691331,95148,,2.64764705209699,,,,1,,
37.37236347910736,-121.7641542,95148,,2.90756266145482,,,,1,,
37.37236347910736,-121.7593767,95148,,3.17205677983305,,,,1,,
37.37236347910736,-121.7565115,95148,,3.33629609482440,,,,1,,
37.37236347910736,-121.7511349,95148,,3.65353309807907,,,,1,,
37.37236347910736,-121.7504650,95148,,3.69376845411229,,,,1,,
37.37236347910736,-121.7457877,95148,,3.97836534041187,,,,1,,
37.37402157319914,-122.0156149,94086,,0.05835870009735,,,,1,,
37.37402157319914,-122.0147896,94086,,0.11392831067050,,,,1,,
37.37402157319914,-122.0081269,94085,,0.16414300166304,,,,1,,
37.37402157319914,-122.0023074,94085,,0.30801373366643,,,,1,,
37.37402157319914,-122.0012927,95051,,0.26039111482238,,,,1,,
37.37402157319914,-121.9973065,95051,,0.11815489520049,,,,1,,
37.37402157319914,-121.9934552,95051,,0.32566124881044,,,,1,,
37.37402157319914,-121.9869012,95054,,0.65365706730371,,,,1,,
37.37402157319914,-121.9813761,95054,,0.34973058213448,,,,1,,
37.37402157319914,-121.9813648,95054,,0.34926562645725,,,,1,,
37.37402157319914,-121.9754278,95051,,0.08467387832099,,,,1,,
37.37402157319914,-121.9728996,95051,,0.09002193044071,,,,1,,
37.37402157319914,-121.9671046,95054,,0.46168871476502,,,,1,,
37.37402157319914,-121.9652615,95054,,0.48770159130532,,,,1,,
37.37402157319914,-121.9637095,95050,,0.53183608410492,,,,1,,
37.37402157319914,-121.9624565,95050,,0.45073448647146,,,,1,,
37.37402157319914,-121.9582762,95050,,0.21388205642671,,,,1,,
37.37402157319914,-121.9582020,95050,,0.21085216816389,,,,1,,
37.37402157319914,-121.9536152,95054,,0.08282987853048,,,,1,,
37.37402157319914,-121.9533643,95054,,0.09426724941433,,,,1,,
37.37402157319914,-121.9501527,95050,,0.08282118461731,,,,1,,
37.37402157319914,-121.9470681,95050,,0.24436681050867,,,,1,,
37.37402157319914,-121.9458411,95050,,0.19190675254065,,,,1,,
37.37402157319914,-121.9439031,95050,,0.17310312599714,,,,1,,
37.37402157319914,-121.9387728,95050,,0.43003483527912,,,,1,,
37.37402157319914,-121.9328907,95131,,0.49264373084179,,,,1,,
37.37402157319914,-121.9278695,95131,,0.29313404826770,,,,1,,
37.37402157319914,-121.9256680,95131,,0.30514082087017,,,,1,,
37.37402157319914,-121.9228303,95131,,0.41309067840810,,,,1,,
37.37402157319914,-121.9199243,95131,,0.57422532382673,,,,1,,
37.37402157319914,-121.9157158,95110,,0.75735401105425,,,,1,,
37.37402157319914,-121.9099864,95110,,0.74989294573142,,,,1,,
37.37402157319914,-121.9094460,95110,,0.75990500241500,,,,1,,
37.37402157319914,-121.9073537,95110,,0.81380684763840,,,,1,,
37.37402157319914,-121.9056562,95110,,0.87282110283746,,,,1,,
37.37402157319914,-121.9046887,95110,,0.91151397807529,,,,1,,
37.37402157319914,-121.8989635,95131,,1.17608055154604,,,,1,,
37.37402157319914,-121.8936710,95131,,1.29209141428833,,,,1,,
37.37402157319914,-121.8894041,95131,,1.05359090395742,,,,1,,
37.37402157319914,-121.8836503,95131,,0.79431592227723,,,,1,,
37.37402157319914,-121.8773285,95131,,0.68484010186599,,,,1,,
37.37402157319914,-121.8727343,95133,,0.76475086448343,,,,1,,
37.37402157319914,-121.8705318,95133,,0.65326352051384,,,,1,,
37.37402157319914,-121.8693755,95133,,0.60191323852512,,,,1,,
37.37402157319914,-121.8645222,95133,,0.48065005480843,,,,1,,
37.37402157319914,-121.8642507,95133,,0.47992072330787,,,,1,,
37.37402157319914,-121.8577741,95133,,0.64983001103463,,,,1,,
37.37402157319914,-121.8519189,95116,,0.64359034634719,,,,1,,
37.37402157319914,-121.8466783,95116,,0.35575128991329,,,,1,,
37.37402157319914,-121.8427115,95116,,0.28846000361890,,,,1,,
37.37402157319914,-121.8425606,95116,,0.29073491027841,,,,1,,
37.37402157319914,-121.8399501,95116,,0.37648155413025,,,,1,,
37.37402157319914,-121.8380458,95116,,0.47383711708177,,,,1,,
37.37402157319914,-121.8347060,95116,,0.67329778767568,,,,1,,
37.37402157319914,-121.8313226,95116,,0.89091612948908,,,,1,,
37.37402157319914,-121.8250258,95116,,1.31082920958672,,,,1,,
37.37402157319914,-121.8244194,95116,,1.35177501196260,,,,1,,
37.37402157319914,-121.8189743,95116,,1.72150353606765,,,,1,,
37.37402157319914,-121.8177482,95116,,1.80512853155683,,,,1,,
37.37402157319914,-121.8154330,95116,,1.96329074846243,,,,1,,
37.37402157319914,-121.8108329,95148,,2.10560041773892,,,,1,,
37.37402157319914,-121.8092027,95148,,2.05696621154407,,,,1,,
37.37402157319914,-121.8066090,95148,,1.99030737932294,,,,1,,
37.37402157319914,-121.8040707,95148,,1.93894156697950,,,,1,,
37.37402157319914,-121.8031067,95148,,1.92326885119516,,,,1,,
37.37402157319914,-121.8009506,95148,,1.89623223428293,,,,1,,
37.37402157319914,-121.7971714,95148,,1.87664240317336,,,,1,,
37.37402157319914,-121.7933284,95148,,1.89380133290865,,,,1,,
37.37402157319914,-121.7876218,95148,,1.98563404116809,,,,1,,
37.37402157319914,-121.7857442,95148,,2.03173541311800,,,,1,,
37.37402157319914,-121.7824329,95148,,2.12993194700033,,,,1,,
37.37402157319914,-121.7815750,95148,,2.15860238251801,,,,1,,
37.37402157319914,-121.7755960,95148,,2.38990463242459,,,,1,,
37.37402157319914,-121.7733274,95148,,2.49001316898167,,,,1,,
37.37402157319914,-121.7681892,95148,,2.73648191341924,,,,1,,
37.37402157319914,-121.7650422,95148,,2.89858351650474,,,,1,,
37.37402157319914,-121.7616831,95148,,3.07914736152460,,,,1,,
37.37402157319914,-121.7611615,95148,,3.10779919646335,,,,1,,
37.37555721713831,-122.0186258,94086,,0.15727580843324,,,,1,,
37.37555721713831,-122.0139287,94086,,0.15515145228791,,,,1,,
37.37555721713831,-122.0080101,94085,,0.12366402159367,,,,1,,
37.37555721713831,-122.0057057,94085,,0.07802587504734,,,,1,,
37.37555721713831,-122.0046201,94085,,0.13900590099513,,,,1,,
37.37555721713831,-122.0040597,94085,,0.17481009526450,,,,1,,
37.37555721713831,-122.0008444,95051,,0.21173839250362,,,,1,,
37.37555721713831,-121.9971572,95051,,0.07450012423291,,,,1,,
37.37555721713831,-121.9951531,95051,,0.19661192494320,,,,1,,
37.37555721713831,-121.9921091,95051,,0.40287350260523,,,,1,,
37.37555721713831,-121.9884701,95051,,0.65287061038486,,,,1,,
37.37555721713831,-121.9844448,95054,,0.47675376955447,,,,1,,
37.37555721713831,-121.9811657,95054,,0.29674785997050,,,,1,,
37.37555721713831,-121.9803009,95054,,0.26162718263436,,,,1,,
37.37555721713831,-121.9779141,95051,,0.20470353990443,,,,1,,
37.37555721713831,-121.9766100,95051,,0.17096758796170,,,,1,,
37.37555721713831,-121.9708654,95051,,0.23745301477160,,,,1,,
37.37555721713831,-121.9645258,95054,,0.45627868930363,,,,1,,
37.37555721713831,-121.9592866,95054,,0.27974977024101,,,,1,,
37.37555721713831,-121.9565359,95054,,0.09938168644296,,,,1,,
37.37555721713831,-121.9498310,95054,,0.07546615530231,,,,1,,
37.37555721713831,-121.9492593,95054,,0.11425791043361,,,,1,,
37.37555721713831,-121.9450328,95050,,0.22722845492857,,,,1,,
37.37555721713831,-121.9438168,95050,,0.22917098631637,,,,1,,
37.37555721713831,-121.9373041,95050,,0.54551766231657,,,,1,,
37.37555721713831,-121.9318625,95131,,0.40220782823019,,,,1,,
37.37555721713831,-121.9318011,95131,,0.39875184829990,,,,1,,
37.37555721713831,-121.9308229,95131,,0.34606085675500,,,,1,,
37.37555721713831,-121.9279169,95131,,0.23887780409775,,,,1,,
37.37555721713831,-121.9267126,95131,,0.23391077405658,,,,1,,
37.37555721713831,-121.9247887,95131,,0.28230680736700,,,,1,,
37.37555721713831,-121.9201213,95131,,0.53590013330127,,,,1,,
37.37555721713831,-121.9158202,95110,,0.81327333062608,,,,1,,
37.37555721713831,-121.9129929,95110,,0.78349455506732,,,,1,,
37.37555721713831,-121.9120754,95110,,0.78411575755865,,,,1,,
37.37555721713831,-121.9102876,95110,,0.79989183926125,,,,1,,
37.37555721713831,-121.9070814,95110,,0.87240484765061,,,,1,,
37.37555721713831,-121.9048312,95110,,0.95121875186593,,,,1,,
37.37555721713831,-121.8986413,95131,,1.13461638226226,,,,1,,
37.37555721713831,-121.8968439,95131,,1.19433286458040,,,,1,,
37.37555721713831,-121.8922289,95131,,1.17788760790982,,,,1,,
37.37555721713831,-121.8887447,95131,,0.98262969850370,,,,1,,
37.37555721713831,-121.8830324,95131,,0.72439540019227,,,,1,,
37.37555721713831,-121.8779749,95131,,0.62811141670474,,,,1,,
37.37555721713831,-121.8751925,95131,,0.65347498769291,,,,1,,
37.37555721713831,-121.8722878,95131,,0.73473467610765,,,,1,,
37.37555721713831,-121.8720221,95131,,0.74442967303323,,,,1,,
37.37555721713831,-121.8653955,95133,,0.54309044590376,,,,1,,
37.37555721713831,-121.8617862,95133,,0.55950734050459,,,,1,,
37.37555721713831,-121.8571729,95133,,0.71923338221405,,,,1,,
37.37555721713831,-121.8562589,95133,,0.76281276323051,,,,1,,
37.37555721713831,-121.8556866,95133,,0.79144512254431,,,,1,,
37.37555721713831,-121.8543694,95116,,0.82065931496620,,,,1,,
37.37555721713831,-121.8521858,95116,,0.68604532229420,,,,1,,
37.37555721713831,-121.8506100,95116,,0.59377976709246,,,,1,,
37.37555721713831,-121.8470972,95116,,0.41795328763609,,,,1,,
37.37555721713831,-121.8437265,95116,,0.33877706823361,,,,1,,
37.37555721713831,-121.8432973,95116,,0.33900964265047,,,,1,,
37.37555721713831,-121.8425004,95116,,0.34624451303209,,,,1,,
37.37555721713831,-121.8390414,95116,,0.46009828678650,,,,1,,
37.37555721713831,-121.8347529,95116,,0.69580459593552,,,,1,,
37.37555721713831,-121.8344110,95116,,0.71653610628747,,,,1,,
37.37555721713831,-121.8309144,95116,,0.93645646797665,,,,1,,
37.37555721713831,-121.8305265,95116,,0.96149529858739,,,,1,,
37.37555721713831,-121.8238634,95116,,1.40181902198081,,,,1,,
37.37555721713831,-121.8207025,95116,,1.61462594020189,,,,1,,
37.37555721713831,-121.8179545,95116,,1.80072519693978,,,,1,,
37.37555721713831,-121.8134007,95116,,2.11059967843021,,,,1,,
37.37555721713831,-121.8119572,95148,,2.19112230396303,,,,1,,
37.37555721713831,-121.8062960,95148,,2.03620607506123,,,,1,,
37.37555721713831,-121.8052461,95148,,2.01452840940768,,,,1,,
37.37555721713831,-121.8000470,95148,,1.94386379771687,,,,1,,
37.37555721713831,-121.7971570,95148,,1.93254652277049,,,,1,,
37.37555721713831,-121.7962858,95148,,1.93317251825574,,,,1,,
37.37555721713831,-121.7929881,95148,,1.95242270571402,,,,1,,
37.37555721713831,-121.7901181,95148,,1.99036835570707,,,,1,,
37.37555721713831,-121.7882964,95148,,2.02418808220464,,,,1,,
37.37555721713831,-121.7821461,95148,,2.18856399954413,,,,1,,
37.37731750561866,-122.0197357,94086,,0.19541488028691,,,,1,,
37.37731750561866,-122.0148209,94086,,0.06712907880560,,,,1,,
37.37731750561866,-122.0100874,94085,,0.25210711508706,,,,1,,
37.37731750561866,-122.0046786,94085,,0.12179046349272,,,,1,,
37.37731750561866,-122.0023588,94085,,0.28202074248422,,,,1,,
37.37731750561866,-122.0014505,95051,,0.24654329663787,,,,1,,
37.37731750561866,-121.9975827,95051,,0.02294956031780,,,,1,,
37.37731750561866,-121.9921505,95051,,0.39636064021646,,,,1,,
37.37731750561866,-121.9868517,95054,,0.60831446178354,,,,1,,
37.37731750561866,-121.9807969,95054,,0.23245980217857,,,,1,,
37.37731750561866,-121.9795182,95054,,0.17908724796817,,,,1,,
37.37731750561866,-121.9730848,95051,,0.14365351483386,,,,1,,
37.37731750561866,-121.9665291,95054,,0.34767715240818,,,,1,,
37.37731750561866,-121.9618387,95054,,0.45144666499159,,,,1,,
37.37731750561866,-121.9598634,95054,,0.31503499231153,,,,1,,
37.37731750561866,-121.9553521,95054,,0.01301322943527,,,,1,,
37.37731750561866,-121.9541933,95054,,0.00924730129964,,,,1,,
37.37731750561866,-121.9504605,95054,,0.05557090855605,,,,1,,
37.37731750561866,-121.9452851,95050,,0.29363529214272,,,,1,,
37.37731750561866,-121.9428729,95050,,0.30974717485243,,,,1,,
37.37731750561866,-121.9376036,95050,,0.55716416914083,,,,1,,
37.37731750561866,-121.9346208,95131,,0.54544145865144,,,,1,,
37.37731750561866,-121.9330543,95131,,0.44371387660478,,,,1,,
37.37731750561866,-121.9280866,95131,,0.18099787536702,,,,1,,
37.37731750561866,-121.9233709,95131,,0.30819751221025,,,,1,,
37.37731750561866,-121.9167809,95131,,0.73325545287622,,,,1,,
37.37731750561866,-121.9159276,95131,,0.79076402486648,,,,1,,
37.37731750561866,-121.9134956,95110,,0.84945974223500,,,,1,,
37.37731750561866,-121.9106101,95110,,0.85900957377932,,,,1,,
37.37731750561866,-121.9050538,95131,,0.95686024793919,,,,1,,
37.37731750561866,-121.9020558,95131,,0.99054374758296,,,,1,,
37.37731750561866,-121.8990246,95131,,1.06524910281577,,,,1,,
37.37731750561866,-121.8952085,95131,,1.20534604675033,,,,1,,
37.37731750561866,-121.8925184,95131,,1.16236920535789,,,,1,,
37.37731750561866,-121.8909727,95131,,1.07022293898907,,,,1,,
37.37731750561866,-121.8865128,95131,,0.82441970863783,,,,1,,
37.37731750561866,-121.8837990,95131,,0.69945573914512,,,,1,,
37.37731750561866,-121.8816011,95131,,0.62173340381326,,,,1,,
37.37731750561866,-121.8779195,95131,,0.56382284438833,,,,1,,
37.37731750561866,-121.8752799,95131,,0.59019989805079,,,,1,,
37.37731750561866,-121.8744400,95131,,0.60989727161446,,,,1,,
37.37731750561866,-121.8722024,95131,,0.68398055839949,,,,1,,
37.37731750561866,-121.8681690,95133,,0.66219604669134,,,,1,,
37.37731750561866,-121.8647507,95133,,0.60165802701953,,,,1,,
37.37731750561866,-121.8580687,95133,,0.73120496354568,,,,1,,
37.37731750561866,-121.8526112,95116,,0.74443494005880,,,,1,,
37.37731750561866,-121.8466552,95116,,0.45631436326561,,,,1,,
37.37731750561866,-121.8407838,95116,,0.44579383529075,,,,1,,
37.37731750561866,-121.8342926,95116,,0.75589835444001,,,,1,,
37.37731750561866,-121.8277679,95116,,1.16250906697399,,,,1,,
37.37731750561866,-121.8227848,95116,,1.49028858063356,,,,1,,
37.37731750561866,-121.8196482,95116,,1.69996554084522,,,,1,,
37.37731750561866,-121.8171826,95116,,1.86591921673549,,,,1,,
37.37731750561866,-121.8158704,95116,,1.95454993014019,,,,1,,
37.37731750561866,-121.8098929,95148,,2.18601826373948,,,,1,,
37.37731750561866,-121.8075010,95148,,2.12409501598613,,,,1,,
37.37731750561866,-121.8016428,95148,,2.02209198438423,,,,1,,
37.37731750561866,-121.7990155,95148,,2.00140553095187,,,,1,,
37.37731750561866,-121.7983222,95148,,1.99866262181470,,,,1,,
37.37731750561866,-121.7952111,95148,,2.00048184530420,,,,1,,
37.37731750561866,-121.7890648,95148,,2.07073961190931,,,,1,,
37.37731750561866,-121.7843944,95148,,2.17864886839659,,,,1,,
37.37731750561866,-121.7827118,95148,,2.22772274987537,,,,1,,
37.37731750561866,-121.7767926,95148,,2.43685948250438,,,,1,,
37.37731750561866,-121.7740952,95148,,2.54829539213298,,,,1,,
37.37731750561866,-121.7688010,95148,,2.79036654302636,,,,1,,
37.37731750561866,-121.7628232,95148,,3.09306703043811,,,,1,,
37.37731750561866,-121.7599765,95148,,3.24578133047010,,,,1,,
37.37731750561866,-121.7533939,95148,,3.61522984052645,,,,1,,
37.37731750561866,-121.7474766,95148,,3.96252879428004,,,,1,,
37.37731750561866,-121.7418940,95148,,4.30012102889452,,,,1,,
37.37731750561866,-121.7405929,95148,,4.37994424260135,,,,1,,
37.37731750561866,-121.7340088,95148,,4.78936299604466,,,,1,,
37.37731750561866,-121.7294738,95148,,5.07587362546006,,,,1,,
37.37731750561866,-121.7290292,95148,,5.10413223745432,,,,1,,
37.37731750561866,-121.7256804,95148,,5.31785827012610,,,,1,,
37.37731750561866,-121.7222791,95148,,5.53638919547928,,,,1,,
37.37731750561866,-121.7189557,95148,,5.75117140422551,,,,1,,
37.37991661605674,-122.0183946,94086,,0.19914843941071,,,,1,,
37.37991661605674,-122.0145953,94086,,0.09387874611298,,,,1,,
37.37991661605674,-122.0098740,94085,,0.25765689447033,,,,1,,
37.37991661605674,-122.0058428,94085,,0.10849436377747,,,,1,,
37.37991661605674,-122.0009876,95051,,0.23855880650807,,,,1,,
37.37991661605674,-121.9953793,95051,,0.20231394982944,,,,1,,
37.37991661605674,-121.9907987,95051,,0.50071011623539,,,,1,,
37.37991661605674,-121.9861424,95054,,0.54175549270027,,,,1,,
37.37991661605674,-121.9837492,95054,,0.37810934613532,,,,1,,
37.37991661605674,-121.9790398,95054,,0.08029127752366,,,,1,,
37.37991661605674,-121.9767064,95054,,0.13140137806156,,,,1,,
37.37991661605674,-121.9739844,95051,,0.21675769858481,,,,1,,
37.37991661605674,-121.9710680,95051,,0.30603897166720,,,,1,,
37.37991661605674,-121.9662577,95054,,0.26148523979623,,,,1,,
37.37991661605674,-121.9654755,95054,,0.28499555801911,,,,1,,
37.37991661605674,-121.9600724,95054,,0.30945823152791,,,,1,,
37.37991661605674,-121.9575991,95054,,0.19148370581877,,,,1,,
37.37991661605674,-121.9545359,95054,,0.09770368262176,,,,1,,
37.37991661605674,-121.9522869,95054,,0.12510734315518,,,,1,,
37.37991661605674,-121.9475616,95054,,0.27041629989175,,,,1,,
37.37991661605674,-121.9454757,95050,,0.38948495357915,,,,1,,
37.37991661605674,-121.9433467,95050,,0.39181815544358,,,,1,,
37.37991661605674,-121.9400316,95050,,0.49247180544379,,,,1,,
37.37991661605674,-121.9358512,95131,,0.60834309241098,,,,1,,
37.37991661605674,-121.9322635,95131,,0.36345157800876,,,,1,,
37.37991661605674,-121.9265342,95131,,0.08315180386052,,,,1,,
37.37991661605674,-121.9209791,95131,,0.42991891221381,,,,1,,
37.37991661605674,-121.9182963,95131,,0.61341067846767,,,,1,,
37.37991661605674,-121.9155627,95131,,0.80126917167043,,,,1,,
37.37991661605674,-121.9088610,95131,,0.88522654583490,,,,1,,
37.37991661605674,-121.9030863,95131,,0.88126141556872,,,,1,,
37.37991661605674,-121.8980261,95131,,1.01599854181372,,,,1,,
37.37991661605674,-121.8963172,95131,,1.08342654787276,,,,1,,
37.37991661605674,-121.8924880,95131,,1.11751979943674,,,,1,,
37.37991661605674,-121.8912560,95131,,1.04086174895578,,,,1,,
37.37991661605674,-121.8880908,95131,,0.85132765669647,,,,1,,
37.37991661605674,-121.8873981,95131,,0.81180739718685,,,,1,,
37.37991661605674,-121.8853376,95131,,0.70043137470389,,,,1,,
37.37991661605674,-121.8842022,95131,,0.64429827543325,,,,1,,
37.37991661605674,-121.8819946,95131,,0.55098994673531,,,,1,,
37.37991661605674,-121.8804922,95131,,0.50428118758558,,,,1,,
37.37991661605674,-121.8796736,95131,,0.48632749644673,,,,1,,
37.37991661605674,-121.8743115,95131,,0.52749382266743,,,,1,,
37.37991661605674,-121.8676978,95133,,0.73763661516902,,,,1,,
37.37991661605674,-121.8652187,95133,,0.69903350164323,,,,1,,
37.37991661605674,-121.8629190,95133,,0.69976554846157,,,,1,,
37.37991661605674,-121.8617831,95133,,0.71330918161398,,,,1,,
37.37991661605674,-121.8556282,95133,,0.90926405015645,,,,1,,
37.37991661605674,-121.8508223,95116,,0.70710503323285,,,,1,,
37.37991661605674,-121.8480561,95116,,0.58688807379566,,,,1,,
37.37991661605674,-121.8415651,95116,,0.51604363145189,,,,1,,
37.37991661605674,-121.8371819,95116,,0.66415895640228,,,,1,,
37.37991661605674,-121.8333928,95116,,0.86027017043685,,,,1,,
37.37991661605674,-121.8313360,95116,,0.97966963134293,,,,1,,
37.37991661605674,-121.8307884,95116,,1.01244813409273,,,,1,,
37.37991661605674,-121.8291089,95116,,1.11498069655003,,,,1,,
37.37991661605674,-121.8263998,95116,,1.28522369697496,,,,1,,
37.37991661605674,-121.8209295,95116,,1.64028118026820,,,,1,,
37.37991661605674,-121.8148728,95116,,2.04301873565459,,,,1,,
37.37991661605674,-121.8090346,95148,,2.25024001701613,,,,1,,
37.37991661605674,-121.8075872,95148,,2.21526393226226,,,,1,,
37.37991661605674,-121.8053562,95148,,2.16929334738707,,,,1,,
37.37991661605674,-121.8007376,95148,,2.10703759707538,,,,1,,
37.37991661605674,-121.8006732,95148,,2.10649832425240,,,,1,,
37.37991661605674,-121.7967402,95148,,2.09132234423999,,,,1,,
37.37991661605674,-121.7904078,95148,,2.14042543132039,,,,1,,
37.37991661605674,-121.7838696,95148,,2.27985544355891,,,,1,,
37.37991661605674,-121.7784468,95148,,2.45328365134673,,,,1,,
37.37991661605674,-121.7742041,95148,,2.61851432913228,,,,1,,
37.37991661605674,-121.7702754,95148,,2.79032034677687,,,,1,,
37.37991661605674,-121.7667086,95148,,2.95925696250390,,,,1,,
37.37991661605674,-121.7649387,95148,,3.04701156205280,,,,1,,
37.37991661605674,-121.7597303,95148,,3.31796282974504,,,,1,,
37.37991661605674,-121.7596118,95148,,3.32432379848860,,,,1,,
37.37991661605674,-121.7586614,95148,,3.37562524120396,,,,1,,
37.37991661605674,-121.7576745,95148,,3.42941564353666,,,,1,,
37.37991661605674,-121.7509998,95148,,3.80535555131335,,,,1,,
37.37991661605674,-121.7504586,95148,,3.83665312193222,,,,1,,
37.38150858,-122.0189391,94086,,0.22961907574839,,,,1,,
37.38150858,-122.0157625,94086,,0.11822550565110,,,,1,,
37.38150858,-122.0136879,94085,,0.13552378441782,,,,1,,
37.38150858,-122.0098780,94085,,0.25088620795142,,,,1,,
37.38150858,-122.0070808,94085,,0.16472621635554,,,,1,,
37.38150858,-122.0013284,95051,,0.28837576225751,,,,1,,
37.38150858,-122.0001361,95051,,0.22526490626611,,,,1,,
37.38150858,-121.9949048,95051,,0.26259458951799,,,,1,,
37.38150858,-121.9884429,95051,,0.67246742183261,,,,1,,
37.38150858,-121.9878369,95054,,0.65495599568258,,,,1,,
37.38150858,-121.9822614,95054,,0.26975276550051,,,,1,,
37.38150858,-121.9771653,95054,,0.08274058705819,,,,1,,
37.38150858,-121.9758817,95054,,0.17128956354233,,,,1,,
37.38150858,-121.9752323,95054,,0.21613353963683,,,,1,,
37.38150858,-121.9746912,95054,,0.25350648319792,,,,1,,
37.38150858,-121.9742575,95051,,0.27451041285564,,,,1,,
37.38150858,-121.9725733,95051,,0.29666348814940,,,,1,,
37.38150858,-121.9676461,95054,,0.18663550292794,,,,1,,
37.38150858,-121.9666056,95054,,0.19852618330919,,,,1,,
37.38150858,-121.9622606,95054,,0.41262598504351,,,,1,,
37.38150858,-121.9584145,95054,,0.18539581220867,,,,1,,
37.38150858,-121.9534759,95054,,0.16557640301541,,,,1,,
37.38150858,-121.9501708,95054,,0.18689823703739,,,,1,,
37.38150858,-121.9475619,95054,,0.30499165122854,,,,1,,
37.38150858,-121.9410938,95050,,0.50062020173061,,,,1,,
37.38150858,-121.9407032,95050,,0.51386403909723,,,,1,,
37.38150858,-121.9394556,95050,,0.56278658143155,,,,1,,
37.38150858,-121.9375426,95050,,0.65296351201505,,,,1,,
37.38150858,-121.9356735,95131,,0.59185434522538,,,,1,,
37.38150858,-121.9330845,95131,,0.41304104743712,,,,1,,
37.38150858,-121.9280129,95131,,0.06407654721819,,,,1,,
37.38150858,-121.9267304,95131,,0.03016726024514,,,,1,,
37.38150858,-121.9226529,95131,,0.30837933780912,,,,1,,
37.38150858,-121.9207537,95131,,0.43950313710947,,,,1,,
37.38150858,-121.9196139,95131,,0.51822259731513,,,,1,,
37.38150858,-121.9166742,95131,,0.72128910593518,,,,1,,
37.38150858,-121.9160883,95131,,0.76176529216419,,,,1,,
37.38150858,-121.9099394,95131,,0.85061578896257,,,,1,,
37.38150858,-121.9085961,95131,,0.82441964115997,,,,1,,
37.38150858,-121.9030427,95131,,0.82530394893305,,,,1,,
37.38150858,-121.8970959,95131,,1.00459560443223,,,,1,,
37.38150858,-121.8911066,95131,,1.00657231350687,,,,1,,
37.38150858,-121.8908851,95131,,0.99261970498672,,,,1,,
37.38150858,-121.8907203,95131,,0.98226484962986,,,,1,,
37.38150858,-121.8884003,95131,,0.83933574531955,,,,1,,
37.38150858,-121.8870144,95131,,0.75728129356565,,,,1,,
37.38150858,-121.8856405,95131,,0.67948739168481,,,,1,,
37.38150858,-121.8796075,95131,,0.42924083449420,,,,1,,
37.38150858,-121.8773299,95131,,0.41215781916180,,,,1,,
37.38150858,-121.8722737,95131,,0.56125590232032,,,,1,,
37.38150858,-121.8711852,95131,,0.61496895069062,,,,1,,
37.38150858,-121.8708660,95131,,0.63155296042593,,,,1,,
37.38150858,-121.8698552,95131,,0.68610506405732,,,,1,,
37.38150858,-121.8647396,95133,,0.75416969311663,,,,1,,
37.38150858,-121.8643882,95133,,0.75317091219501,,,,1,,
37.38150858,-121.8608924,95133,,0.78517609282306,,,,1,,
37.38150858,-121.8579579,95133,,0.86482610500798,,,,1,,
37.38150858,-121.8539939,95116,,0.91071441705151,,,,1,,
37.38150858,-121.8535919,95116,,0.88886486387897,,,,1,,
37.38150858,-121.8526780,95116,,0.84049575016487,,,,1,,
37.38150858,-121.8471060,95116,,0.60744113883064,,,,1,,
37.38150858,-121.8470628,95116,,0.60623977034038,,,,1,,
37.38150858,-121.8443051,95116,,0.55796734627970,,,,1,,
37.38150858,-121.8386434,95116,,0.65079813138608,,,,1,,
37.38150858,-121.8321538,95116,,0.96366926420241,,,,1,,
37.38150858,-121.8259142,95116,,1.33922857949663,,,,1,,
37.38150858,-121.8237119,95116,,1.47904038511664,,,,1,,
37.38150858,-121.8224682,95116,,1.55901924715998,,,,1,,
37.38150858,-121.8184186,95116,,1.82319834261081,,,,1,,
37.38150858,-121.8124258,95116,,2.22118269818755,,,,1,,
37.38150858,-121.8058355,95148,,2.23404724858787,,,,1,,
37.38150858,-121.7999813,95148,,2.15898589237593,,,,1,,
37.38150858,-121.7998703,95148,,2.15826995342940,,,,1,,
37.38150858,-121.7997701,95148,,2.15764688359248,,,,1,,
37.38150858,-121.7971988,95148,,2.14923934696369,,,,1,,
37.38150858,-121.7917932,95148,,2.17921557759457,,,,1,,
37.38150858,-121.7865289,95148,,2.26793294604437,,,,1,,
37.38150858,-121.7802855,95148,,2.44017859728256,,,,1,,
37.38172832842922,-122.0163972,94086,,0.13630326830780,,,,1,,
37.38172832842922,-122.0153095,94086,,0.12810533754018,,,,1,,
37.38172832842922,-122.0099954,94085,,0.23983100761193,,,,1,,
37.38172832842922,-122.0079965,94085,,0.19840359610946,,,,1,,
37.38172832842922,-122.0071729,94085,,0.17423458059010,,,,1,,
37.38172832842922,-122.0007878,95051,,0.26356716402840,,,,1,,
37.38172832842922,-121.9945528,95051,,0.28679480454557,,,,1,,
37.38172832842922,-121.9945456,95051,,0.28719436860651,,,,1,,
37.38172832842922,-121.9922007,95051,,0.42837751023114,,,,1,,
37.38172832842922,-121.9865582,95054,,0.56656701927179,,,,1,,
37.38172832842922,-121.9840222,95054,,0.39133615696410,,,,1,,
37.38172832842922,-121.9802719,95054,,0.13220337163023,,,,1,,
37.38172832842922,-121.9790706,95054,,0.04920634843215,,,,1,,
37.38172832842922,-121.9784799,95054,,0.00846680725854,,,,1,,
37.38172832842922,-121.9732240,95051,,0.29049667511500,,,,1,,
37.38172832842922,-121.9722917,95051,,0.31184343395313,,,,1,,
37.38172832842922,-121.9674003,95054,,0.17901583645156,,,,1,,
37.38172832842922,-121.9654773,95054,,0.23049316093308,,,,1,,
37.38172832842922,-121.9616519,95054,,0.37327051800556,,,,1,,
37.38172832842922,-121.9583418,95054,,0.17611565257836,,,,1,,
37.38172832842922,-121.9571054,95054,,0.13189985905352,,,,1,,
37.38172832842922,-121.9553604,95054,,0.15170869319043,,,,1,,
37.38172832842922,-121.9500509,95054,,0.19784006826724,,,,1,,
37.38172832842922,-121.9446496,95050,,0.44996884719038,,,,1,,
37.38172832842922,-121.9399710,95050,,0.54802370746436,,,,1,,
37.38172832842922,-121.9333677,95131,,0.43239686643706,,,,1,,
37.38172832842922,-121.9272016,95131,,0.00924732520300,,,,1,,
37.38172832842922,-121.9235358,95131,,0.24711016715778,,,,1,,
37.38172832842922,-121.9197724,95131,,0.50710421834872,,,,1,,
37.38172832842922,-121.9141810,95131,,0.89343681508941,,,,1,,
37.38172832842922,-121.9087774,95131,,0.81961649250104,,,,1,,
37.38172832842922,-121.9038762,95131,,0.80579990986193,,,,1,,
37.38172832842922,-121.8989870,95131,,0.92490631954027,,,,1,,
37.38172832842922,-121.8982244,95131,,0.95298619851919,,,,1,,
37.38172832842922,-121.8919241,95131,,1.05530347760155,,,,1,,
37.38172832842922,-121.8912691,95131,,1.01361858900439,,,,1,,
37.38172832842922,-121.8885490,95131,,0.84445491187899,,,,1,,
37.38172832842922,-121.8843309,95131,,0.60449609079530,,,,1,,
37.38172832842922,-121.8825507,95131,,0.51928825818281,,,,1,,
37.38172832842922,-121.8820133,95131,,0.49668961877184,,,,1,,
37.38172832842922,-121.8780215,95131,,0.40308437320373,,,,1,,
37.38172832842922,-121.8762051,95131,,0.41775988222408,,,,1,,
37.38172832842922,-121.8751956,95131,,0.44140532335205,,,,1,,
37.38172832842922,-121.8706453,95131,,0.63812063678185,,,,1,,
37.38172832842922,-121.8660624,95133,,0.77275395727349,,,,1,,
37.38172832842922,-121.8634931,95133,,0.76216371508378,,,,1,,
37.38172832842922,-121.8591952,95133,,0.83343778165201,,,,1,,
37.38172832842922,-121.8561460,95133,,0.93928894425699,,,,1,,
37.38172832842922,-121.8525407,95116,,0.83876257360611,,,,1,,
37.38172832842922,-121.8482831,95116,,0.65156605133264,,,,1,,
37.38172832842922,-121.8476429,95116,,0.63052292577315,,,,1,,
37.38172832842922,-121.8412264,95116,,0.58595351947676,,,,1,,
37.38172832842922,-121.8355699,95116,,0.78841554887792,,,,1,,
37.38172832842922,-121.8307411,95116,,1.04922755683546,,,,1,,
37.38172832842922,-121.8265872,95116,,1.30050846273105,,,,1,,
37.38172832842922,-121.8204018,95116,,1.69583851691771,,,,1,,
37.38172832842922,-121.8189246,95116,,1.79242999917680,,,,1,,
37.38172832842922,-121.8158619,95116,,1.99443417552577,,,,1,,
37.38172832842922,-121.8104844,95148,,2.34955713080878,,,,1,,
37.38172832842922,-121.8091172,95148,,2.31374699582865,,,,1,,
37.38172832842922,-121.8031442,95148,,2.19845263847001,,,,1,,
37.38172832842922,-121.7971527,95148,,2.15722304999873,,,,1,,
37.38172832842922,-121.7949437,95148,,2.16191819751055,,,,1,,
37.38172832842922,-121.7907982,95148,,2.19948146504670,,,,1,,
37.38172832842922,-121.7856418,95148,,2.29575738110127,,,,1,,
37.38172832842922,-121.7841828,95148,,2.33217501472574,,,,1,,
37.38172832842922,-121.7805064,95148,,2.44005443834310,,,,1,,
37.38172832842922,-121.7792378,95148,,2.48222997951374,,,,1,,
37.38172832842922,-121.7762707,95148,,2.58979170178060,,,,1,,
37.38172832842922,-121.7731937,95148,,2.71322277209508,,,,1,,
37.38172832842922,-121.7708641,95148,,2.81376597838048,,,,1,,
37.38172832842922,-121.7645783,95148,,3.11050632105852,,,,1,,
37.38172832842922,-121.7592135,95148,,3.38733829959631,,,,1,,
37.38172832842922,-121.7555182,95148,,3.58788781469960,,,,1,,
37.38172832842922,-121.7512953,95148,,3.82507400869896,,,,1,,
37.38172832842922,-121.7447773,95148,,4.20467494512970,,,,1,,
37.38172832842922,-121.7410342,95148,,4.42866879837950,,,,1,,
37.38172832842922,-121.7409185,95148,,4.43565255697315,,,,1,,
37.38254026388174,-122.0195999,94086,,0.19984427682066,,,,1,,
37.38254026388174,-122.0185793,94086,,0.25568224000069,,,,1,,
37.38254026388174,-122.0176747,94086,,0.20959659243502,,,,1,,
37.38254026388174,-122.0114374,94085,,0.14058033407031,,,,1,,
37.38254026388174,-122.0106601,94085,,0.18522209000702,,,,1,,
37.38254026388174,-122.0065371,94085,,0.19655361795811,,,,1,,
37.38254026388174,-122.0015513,95051,,0.32321081615214,,,,1,,
37.38254026388174,-121.9993733,95051,,0.22552861904518,,,,1,,
37.38254026388174,-121.9978338,95051,,0.20074802746897,,,,1,,
37.38254026388174,-121.9936305,95051,,0.35596100330425,,,,1,,
37.38254026388174,-121.9928606,95051,,0.40101886243710,,,,1,,
37.38254026388174,-121.9920105,95051,,0.45282694839262,,,,1,,
37.38254026388174,-121.9867445,95054,,0.58026513556850,,,,1,,
37.38254026388174,-121.9821221,95054,,0.26187832948316,,,,1,,
37.38254026388174,-121.9788999,95054,,0.04854730021813,,,,1,,
37.38254026388174,-121.9773158,95054,,0.07843009221511,,,,1,,
37.38254026388174,-121.9740375,95054,,0.30018489752090,,,,1,,
37.38254026388174,-121.9679066,95054,,0.15047929387638,,,,1,,
37.38254026388174,-121.9654996,95054,,0.20725847678238,,,,1,,
37.38254026388174,-121.9645924,95054,,0.25488594964550,,,,1,,
37.38254026388174,-121.9634160,95054,,0.32436395715890,,,,1,,
37.38254026388174,-121.9623381,95054,,0.39203179451585,,,,1,,
37.38254026388174,-121.9603636,95054,,0.27946529154308,,,,1,,
37.38254026388174,-121.9559384,95054,,0.10628799020298,,,,1,,
37.38254026388174,-121.9511883,95054,,0.20505769767133,,,,1,,
37.38254026388174,-121.9466644,95054,,0.37674019239992,,,,1,,
37.38254026388174,-121.9407392,95050,,0.54543992818323,,,,1,,
37.38254026388174,-121.9344365,95131,,0.50671213015012,,,,1,,
37.38254026388174,-121.9279092,95131,,0.05973136504093,,,,1,,
37.38254026388174,-121.9229398,95131,,0.28910599731515,,,,1,,
37.38254026388174,-121.9215825,95131,,0.38266992666051,,,,1,,
37.38254026388174,-121.9161908,95131,,0.75488550545070,,,,1,,
37.38254026388174,-121.9134188,95131,,0.92643127875074,,,,1,,
37.38254026388174,-121.9073908,95131,,0.77196361936780,,,,1,,
37.38254026388174,-121.9067094,95131,,0.76687692459389,,,,1,,
37.38254026388174,-121.9061273,95131,,0.76480380892547,,,,1,,
37.38254026388174,-121.8999218,95131,,0.86728138629139,,,,1,,
37.38254026388174,-121.8988612,95131,,0.90418841878607,,,,1,,
37.38254026388174,-121.8980953,95131,,0.93351431572519,,,,1,,
37.38254026388174,-121.8947409,95131,,1.08326765719672,,,,1,,
37.38254026388174,-121.8882638,95131,,0.81316786244562,,,,1,,
37.38254026388174,-121.8816538,95131,,0.45813399782188,,,,1,,
37.38254026388174,-121.8785231,95131,,0.37644342853813,,,,1,,
37.38254026388174,-121.8718447,95131,,0.55591911857988,,,,1,,
37.38254026388174,-121.8654353,95133,,0.79581353106299,,,,1,,
37.38254026388174,-121.8590376,95133,,0.86491970584452,,,,1,,
37.38254026388174,-121.8564202,95133,,0.95273195711157,,,,1,,
37.38254026388174,-121.8512494,95116,,0.79678428225188,,,,1,,
37.38254026388174,-121.8474364,95116,,0.65110106129184,,,,1,,
37.38254026388174,-121.8452742,95116,,0.60498376409832,,,,1,,
37.38254026388174,-121.8416590,95116,,0.60734904407912,,,,1,,
37.38254026388174,-121.8369192,95116,,0.74947084691767,,,,1,,
37.38254026388174,-121.8344870,95116,,0.86252114063569,,,,1,,
37.38254026388174,-121.8324344,95116,,0.97040622409747,,,,1,,
37.38254026388174,-121.8315214,95116,,1.02106470138038,,,,1,,
37.38254026388174,-121.8269739,95116,,1.28981464787884,,,,1,,
37.38254026388174,-121.8268138,95116,,1.29964803836766,,,,1,,
37.38254026388174,-121.8231090,95116,,1.53188814933054,,,,1,,
37.38254026388174,-121.8215875,95116,,1.62932837578787,,,,1,,
37.38254026388174,-121.8215237,95116,,1.63343510733640,,,,1,,
37.38254026388174,-121.8190172,95116,,1.79590796925555,,,,1,,
37.38254026388174,-121.8127622,95116,,2.20847891098501,,,,1,,
37.38254026388174,-121.8085474,95148,,2.32756358668484,,,,1,,
37.38254026388174,-121.8026943,95148,,2.22176481442747,,,,1,,
37.38254026388174,-121.7979991,95148,,2.18783104976252,,,,1,,
37.38254026388174,-121.7969157,95148,,2.18677112239687,,,,1,,
37.38254026388174,-121.7930298,95148,,2.20398118692232,,,,1,,
37.38254026388174,-121.7863938,95148,,2.30650089540957,,,,1,,
37.38254026388174,-121.7846460,95148,,2.34770076717261,,,,1,,
37.38254026388174,-121.7785571,95148,,2.53131191223929,,,,1,,
37.38254026388174,-121.7756012,95148,,2.64009101623365,,,,1,,
37.38254026388174,-121.7713887,95148,,2.81352810075525,,,,1,,
37.38254026388174,-121.7712169,95148,,2.82101258057198,,,,1,,
37.38254026388174,-121.7707677,95148,,2.84072325174590,,,,1,,
37.38254026388174,-121.7655286,95148,,3.08440703439102,,,,1,,
37.38254026388174,-121.7637146,95148,,3.17404761358199,,,,1,,
37.38254026388174,-121.7629851,95148,,3.21077061726801,,,,1,,
37.38254026388174,-121.7607189,95148,,3.32713750353700,,,,1,,
37.38427138392946,-122.0171358,94086,,0.24216770329049,,,,1,,
37.38427138392946,-122.0143039,94085,,0.09320175030381,,,,1,,
37.38427138392946,-122.0114893,94085,,0.10811390501251,,,,1,,
37.38427138392946,-122.0062241,94085,,0.26026173411163,,,,1,,
37.38427138392946,-122.0010850,95051,,0.34444543885230,,,,1,,
37.38427138392946,-122.0009776,95051,,0.33972907159840,,,,1,,
37.38427138392946,-122.0003873,95051,,0.31566871669082,,,,1,,
37.38427138392946,-121.9974484,95051,,0.26581670250984,,,,1,,
37.38427138392946,-121.9957383,95051,,0.30290102440720,,,,1,,
37.38427138392946,-121.9892094,95051,,0.65505429146098,,,,1,,
37.38427138392946,-121.9873577,95054,,0.62892178000754,,,,1,,
37.38427138392946,-121.9851661,95054,,0.47973739284982,,,,1,,
37.38427138392946,-121.9828861,95054,,0.32673990686129,,,,1,,
37.38427138392946,-121.9772712,95054,,0.12058200642700,,,,1,,
37.38427138392946,-121.9769028,95054,,0.13788965995063,,,,1,,
37.38427138392946,-121.9748178,95054,,0.26221193659576,,,,1,,
37.38427138392946,-121.9702877,95054,,0.20528170666107,,,,1,,
37.38427138392946,-121.9694425,95054,,0.15412192365745,,,,1,,
37.38427138392946,-121.9663309,95054,,0.12184054018645,,,,1,,
37.38427138392946,-121.9662838,95054,,0.12417967812511,,,,1,,
37.38427138392946,-121.9607250,95054,,0.28905359591521,,,,1,,
37.38427138392946,-121.9541931,95054,,0.16764686608864,,,,1,,
37.38427138392946,-121.9534840,95054,,0.21587315145834,,,,1,,
37.38427138392946,-121.9532943,95054,,0.22883028604242,,,,1,,
37.38427138392946,-121.9527179,95054,,0.26829013301300,,,,1,,
37.38427138392946,-121.9522114,95054,,0.27384773809182,,,,1,,
37.38427138392946,-121.9478665,95054,,0.36195145861914,,,,1,,
37.38427138392946,-121.9464588,95054,,0.42958921862654,,,,1,,
37.38427138392946,-121.9450481,95054,,0.50376654544632,,,,1,,
37.38427138392946,-121.9439423,95050,,0.54419197242281,,,,1,,
37.38427138392946,-121.9432535,95050,,0.54961911466772,,,,1,,
37.38427138392946,-121.9408895,95050,,0.59742054443990,,,,1,,
37.38427138392946,-121.9395296,95050,,0.64236370324921,,,,1,,
37.38427138392946,-121.9364047,95131,,0.64794589022188,,,,1,,
37.38427138392946,-121.9320113,95131,,0.34940581257515,,,,1,,
37.38427138392946,-121.9310952,95131,,0.28848173764563,,,,1,,
37.38427138392946,-121.9274966,95131,,0.09017340021795,,,,1,,
37.38427138392946,-121.9225418,95131,,0.32723946200339,,,,1,,
37.38427138392946,-121.9183997,95131,,0.60804018203481,,,,1,,
37.38427138392946,-121.9132742,95131,,0.86903759219644,,,,1,,
37.38427138392946,-121.9072130,95131,,0.70765813700584,,,,1,,
37.38427138392946,-121.9034329,95131,,0.72090845055137,,,,1,,
37.38427138392946,-121.9013212,95131,,0.76791018877852,,,,1,,
37.38427138392946,-121.8993721,95131,,0.83190410798657,,,,1,,
37.38427138392946,-121.8966458,95131,,0.94663830979064,,,,1,,
37.38427138392946,-121.8906473,95131,,0.93977030549784,,,,1,,
37.38427138392946,-121.8843580,95131,,0.54858470542895,,,,1,,
37.38427138392946,-121.8839609,95131,,0.52617606547312,,,,1,,
37.38427138392946,-121.8787870,95131,,0.31730931003545,,,,1,,
37.38427138392946,-121.8735178,95131,,0.42893840871988,,,,1,,
37.38427138392946,-121.8672827,95131,,0.79059269755960,,,,1,,
37.38427138392946,-121.8634043,95133,,0.85512404245666,,,,1,,
37.38427138392946,-121.8631827,95133,,0.85613956034491,,,,1,,
37.38427138392946,-121.8625890,95133,,0.86019874537245,,,,1,,
37.38427138392946,-121.8577353,95133,,0.96079983169610,,,,1,,
37.38427138392946,-121.8546588,95116,,1.00990599765115,,,,1,,
37.38427138392946,-121.8512152,95116,,0.84333912560346,,,,1,,
37.38427138392946,-121.8456851,95116,,0.67262943411542,,,,1,,
37.38427138392946,-121.8432479,95116,,0.65657270395308,,,,1,,
37.38427138392946,-121.8423774,95116,,0.66122017538588,,,,1,,
37.38427138392946,-121.8376510,95116,,0.77250555745422,,,,1,,
37.38427138392946,-121.8333890,95116,,0.96101184034098,,,,1,,
37.38427138392946,-121.8328864,95116,,0.98666753372534,,,,1,,
37.38427138392946,-121.8297018,95116,,1.16025536461824,,,,1,,
37.38427138392946,-121.8231254,95116,,1.55636882404445,,,,1,,
37.38427138392946,-121.8204128,95116,,1.72813446515943,,,,1,,
37.38427138392946,-121.8176582,95116,,1.90558443659628,,,,1,,
37.38427138392946,-121.8160219,95116,,2.01210954887660,,,,1,,
37.38427138392946,-121.8154952,95116,,2.04654763586656,,,,1,,
37.38427138392946,-121.8149062,95116,,2.08513787026050,,,,1,,
37.38427138392946,-121.8099917,95116,,2.40983268088118,,,,1,,
37.38427138392946,-121.8041995,95148,,2.30400698385309,,,,1,,
37.38427138392946,-121.8034138,95148,,2.29291155199194,,,,1,,
37.38427138392946,-121.8010730,95148,,2.26725146097287,,,,1,,
37.38427138392946,-121.7972047,95148,,2.24982962545701,,,,1,,
37.38427138392946,-121.7952689,95148,,2.25299708019787,,,,1,,
37.38427138392946,-121.7902759,95148,,2.29738077197384,,,,1,,
37.38427138392946,-121.7858884,95148,,2.37737919854497,,,,1,,
37.38518161769129,-122.0176789,94086,,0.28898882146834,,,,1,,
37.38518161769129,-122.0173489,94086,,0.27861050586040,,,,1,,
37.38518161769129,-122.0129452,94085,,0.00860139747783,,,,1,,
37.38518161769129,-122.0103811,94085,,0.18168451728837,,,,1,,
37.38518161769129,-122.0062004,94085,,0.29363599530887,,,,1,,
37.38518161769129,-122.0032473,94085,,0.36687527086608,,,,1,,
37.38518161769129,-121.9981040,95051,,0.29781260212505,,,,1,,
37.38518161769129,-121.9924991,95051,,0.47639529688234,,,,1,,
37.38518161769129,-121.9862518,95054,,0.56012866946641,,,,1,,
37.38518161769129,-121.9809381,95054,,0.21920988453813,,,,1,,
37.38518161769129,-121.9751441,95054,,0.25616805748981,,,,1,,
37.38518161769129,-121.9743483,95054,,0.30507917447664,,,,1,,
37.38518161769129,-121.9680490,95054,,0.06120833743245,,,,1,,
37.38518161769129,-121.9677747,95054,,0.05380804188147,,,,1,,
37.38518161769129,-121.9620461,95054,,0.37837850613277,,,,1,,
37.38518161769129,-121.9620051,95054,,0.37554550612737,,,,1,,
37.38518161769129,-121.9583500,95054,,0.12298719222142,,,,1,,
37.38518161769129,-121.9559279,95054,,0.04437557914056,,,,1,,
37.38518161769129,-121.9541631,95054,,0.16631818344537,,,,1,,
37.38518161769129,-121.9508723,95054,,0.30328132539515,,,,1,,
37.38518161769129,-121.9486889,95054,,0.35427969292845,,,,1,,
37.38518161769129,-121.9460000,95054,,0.47552881904595,,,,1,,
37.38518161769129,-121.9404461,95050,,0.64060095609964,,,,1,,
37.38518161769129,-121.9350930,95131,,0.56433659499351,,,,1,,
37.38518161769129,-121.9316404,95131,,0.33499573442578,,,,1,,
37.38518161769129,-121.9312254,95131,,0.30837298207657,,,,1,,
37.38518161769129,-121.9264454,95131,,0.12794448946834,,,,1,,
37.38518161769129,-121.9257672,95131,,0.15124191217096,,,,1,,
37.38518161769129,-121.9190739,95131,,0.56801206741415,,,,1,,
37.38518161769129,-121.9150523,95131,,0.84171534141982,,,,1,,
37.38518161769129,-121.9101886,95131,,0.73234534352227,,,,1,,
37.38518161769129,-121.9070257,95131,,0.67303891848066,,,,1,,
37.38518161769129,-121.9024934,95131,,0.70715346030067,,,,1,,
37.38518161769129,-121.8959942,95131,,0.95388397448483,,,,1,,
37.38518161769129,-121.8915606,95131,,0.98975957332763,,,,1,,
37.38518161769129,-121.8904654,95131,,0.91734766394463,,,,1,,
37.38518161769129,-121.8902733,95131,,0.90470156071849,,,,1,,
37.38518161769129,-121.8838008,95131,,0.49807891993015,,,,1,,
37.38518161769129,-121.8802895,95131,,0.32560207738964,,,,1,,
37.38518161769129,-121.8768192,95131,,0.28510848374848,,,,1,,
37.38518161769129,-121.8717514,95131,,0.50175851387056,,,,1,,
37.38518161769129,-121.8668143,95131,,0.80850228384890,,,,1,,
37.38518161769129,-121.8643006,95133,,0.88700956200068,,,,1,,
37.38518161769129,-121.8639806,95133,,0.88696475454227,,,,1,,
37.38518161769129,-121.8637017,95133,,0.88737517079909,,,,1,,
37.38518161769129,-121.8609339,95133,,0.91374123020676,,,,1,,
37.38518161769129,-121.8583201,95133,,0.97310274355298,,,,1,,
37.38518161769129,-121.8581279,95133,,0.97864191336460,,,,1,,
37.38518161769129,-121.8564092,95133,,1.03445428928822,,,,1,,
37.38518161769129,-121.8525370,95116,,0.92789205535043,,,,1,,
37.38518161769129,-121.8475326,95116,,0.74233589353926,,,,1,,
37.38518161769129,-121.8450546,95116,,0.69722747111700,,,,1,,
37.38518161769129,-121.8439791,95116,,0.69006486569571,,,,1,,
37.38518161769129,-121.8390031,95116,,0.75761874226100,,,,1,,
37.38518161769129,-121.8351883,95116,,0.89948524647828,,,,1,,
37.38518161769129,-121.8309956,95116,,1.10803569515255,,,,1,,
37.38518161769129,-121.8299958,95116,,1.16291288977963,,,,1,,
37.38518161769129,-121.8245865,95116,,1.48059146520081,,,,1,,
37.38518161769129,-121.8238309,95116,,1.52698957741043,,,,1,,
37.38518161769129,-121.8208410,95116,,1.71386904558354,,,,1,,
37.38518161769129,-121.8147406,95116,,2.10661870772722,,,,1,,
37.38518161769129,-121.8116405,95116,,2.31009601754676,,,,1,,
37.38518161769129,-121.8087603,95148,,2.42305703410539,,,,1,,
37.38518161769129,-121.8086568,95148,,2.42066963450801,,,,1,,
37.38518161769129,-121.8070171,95148,,2.38539034159295,,,,1,,
37.38518161769129,-121.8052907,95148,,2.35357451694854,,,,1,,
37.38518161769129,-121.8028366,95148,,2.31818221727999,,,,1,,
37.38518161769129,-121.7983543,95148,,2.28482353587513,,,,1,,
37.38518161769129,-121.7921676,95148,,2.30729805536372,,,,1,,
37.38518161769129,-121.7881403,95148,,2.36372682812607,,,,1,,
37.38518161769129,-121.7835246,95148,,2.46571796080670,,,,1,,
37.38518161769129,-121.7789521,95148,,2.60159678204694,,,,1,,
37.38518161769129,-121.7779493,95148,,2.63552729334499,,,,1,,
37.38518161769129,-121.7738030,95148,,2.78974389517102,,,,1,,
37.38518161769129,-121.7678116,95148,,3.04658019797326,,,,1,,
37.38518161769129,-121.7671524,95148,,3.07693140671611,,,,1,,
37.38518161769129,-121.7621723,95148,,3.31748285952363,,,,1,,
37.38518161769129,-121.7602657,95148,,3.41427400330619,,,,1,,
37.38761415663115,-122.0154776,94085,,0.19603129198402,,,,1,,
37.38761415663115,-122.0111385,94085,,0.16126791216499,,,,1,,
37.38761415663115,-122.0090087,94085,,0.29272996660097,,,,1,,
37.38761415663115,-122.0051210,94085,,0.39295920866346,,,,1,,
37.38761415663115,-121.9998931,95051,,0.41065271148740,,,,1,,
37.38761415663115,-121.9972885,95051,,0.38868132770366,,,,1,,
37.38761415663115,-121.9948181,95051,,0.44076585404064,,,,1,,
37.38761415663115,-121.9909120,95051,,0.61765840442507,,,,1,,
37.38761415663115,-121.9874189,95054,,0.66246872480305,,,,1,,
37.38761415663115,-121.9826646,95054,,0.36804559629595,,,,1,,
37.38761415663115,-121.9796668,95054,,0.23473573990723,,,,1,,
37.38761415663115,-121.9791080,95054,,0.22273535403420,,,,1,,
37.38761415663115,-121.9732785,95054,,0.39499126622271,,,,1,,
37.38761415663115,-121.9723038,95054,,0.32799422903787,,,,1,,
37.38761415663115,-121.9692427,95054,,0.12017544106347,,,,1,,
37.38761415663115,-121.9674615,95054,,0.03777688406604,,,,1,,
37.38761415663115,-121.9623200,95054,,0.36578260709956,,,,1,,
37.38761415663115,-121.9616758,95054,,0.36376023054233,,,,1,,
37.38761415663115,-121.9558585,95054,,0.10137074926750,,,,1,,
37.38761415663115,-121.9542060,95054,,0.18585583413406,,,,1,,
37.38761415663115,-121.9517048,95054,,0.34767047304086,,,,1,,
37.38761415663115,-121.9461026,95054,,0.53442960730876,,,,1,,
37.38761415663115,-121.9431377,95050,,0.67166224042429,,,,1,,
37.38761415663115,-121.9410366,95050,,0.70678142266305,,,,1,,
37.38761415663115,-121.9396441,95050,,0.74488290650141,,,,1,,
37.38761415663115,-121.9343010,95131,,0.53873560461292,,,,1,,
37.38761415663115,-121.9320394,95131,,0.39921533098086,,,,1,,
37.38761415663115,-121.9315754,95131,,0.37223995261820,,,,1,,
37.38761415663115,-121.9251095,95131,,0.25000662312453,,,,1,,
37.38761415663115,-121.9186224,95131,,0.62239980637227,,,,1,,
37.38761415663115,-121.9142880,95131,,0.82198631569185,,,,1,,
37.38761415663115,-121.9108206,95131,,0.67350540383294,,,,1,,
37.38761415663115,-121.9105888,95131,,0.66547657390051,,,,1,,
37.38761415663115,-121.9085332,95131,,0.60825455533892,,,,1,,
37.38761415663115,-121.9065594,95131,,0.58134415701809,,,,1,,
37.38761415663115,-121.9009396,95131,,0.67124014228936,,,,1,,
37.38761415663115,-121.8945032,95131,,0.97468965402791,,,,1,,
37.38761415663115,-121.8895479,95131,,0.83269324811546,,,,1,,
37.38761415663115,-121.8840186,95131,,0.46851250344984,,,,1,,
37.38761415663115,-121.8827860,95131,,0.39199635884661,,,,1,,
37.38761415663115,-121.8824527,95131,,0.37195275233625,,,,1,,
37.38761415663115,-121.8819031,95131,,0.33972958077110,,,,1,,
37.38761415663115,-121.8813045,95131,,0.30613804856462,,,,1,,
37.38761415663115,-121.8770435,95131,,0.19531655533493,,,,1,,
37.38761415663115,-121.8758958,95131,,0.22982195031393,,,,1,,
37.38761415663115,-121.8733597,95131,,0.36033221477386,,,,1,,
37.38761415663115,-121.8689019,95131,,0.64348905565096,,,,1,,
37.38761415663115,-121.8661211,95131,,0.82915247298257,,,,1,,
37.38761415663115,-121.8652475,95131,,0.88804895099030,,,,1,,
37.38761415663115,-121.8642083,95131,,0.95834767607013,,,,1,,
37.38761415663115,-121.8635343,95133,,0.97647051377668,,,,1,,
37.38761415663115,-121.8602112,95133,,1.01223391014336,,,,1,,
37.38761415663115,-121.8546568,95116,,1.09295384641945,,,,1,,
37.38761415663115,-121.8501038,95116,,0.90032860544833,,,,1,,
37.38761415663115,-121.8443227,95116,,0.77994092501167,,,,1,,
37.38761415663115,-121.8414978,95116,,0.79090822284252,,,,1,,
37.38761415663115,-121.8376463,95116,,0.87851934653159,,,,1,,
37.38761415663115,-121.8358888,95116,,0.94106486956662,,,,1,,
37.38761415663115,-121.8302538,95116,,1.20390464906118,,,,1,,
37.38761415663115,-121.8269087,95116,,1.38833953572900,,,,1,,
37.38761415663115,-121.8216272,95116,,1.70290332350867,,,,1,,
37.38761415663115,-121.8191416,95116,,1.85733322246834,,,,1,,
37.38761415663115,-121.8128941,95116,,2.25657037191050,,,,1,,
37.38761415663115,-121.8117924,95116,,2.32817439136633,,,,1,,
37.38761415663115,-121.8105166,95116,,2.41143997004465,,,,1,,
37.38761415663115,-121.8068973,95148,,2.46800271156924,,,,1,,
37.38761415663115,-121.8040299,95148,,2.42063677135959,,,,1,,
37.38761415663115,-121.7991595,95148,,2.37615407296857,,,,1,,
37.38761415663115,-121.7947563,95148,,2.37658596037231,,,,1,,
37.38761415663115,-121.7898188,95148,,2.42294448301740,,,,1,,
37.38761415663115,-121.7857134,95148,,2.49658029511997,,,,1,,
37.38761415663115,-121.7845260,95148,,2.52342886644394,,,,1,,
37.38761415663115,-121.7790574,95148,,2.67623099696306,,,,1,,
37.38761415663115,-121.7761014,95148,,2.77679337822073,,,,1,,
37.38761415663115,-121.7751847,95148,,2.81026490755325,,,,1,,
37.38761415663115,-121.7702594,95148,,3.00661471784686,,,,1,,
37.38761415663115,-121.7698015,95148,,3.02616669238469,,,,1,,
37.38761415663115,-121.7687763,95148,,3.07067269437163,,,,1,,
37.39013771799949,-122.0166407,94085,,0.31417052069659,,,,1,,
37.39013771799949,-122.0156408,94085,,0.26228513925451,,,,1,,
37.39013771799949,-122.0096140,94089,,0.26060039733639,,,,1,,
37.39013771799949,-122.0089109,94089,,0.27255412283320,,,,1,,
37.39013771799949,-122.0062760,94089,,0.37438280155041,,,,1,,
37.39013771799949,-122.0011775,95051,,0.53019944984142,,,,1,,
37.39013771799949,-121.9979480,95051,,0.47891003697279,,,,1,,
37.39013771799949,-121.9956191,95051,,0.50382217601022,,,,1,,
37.39013771799949,-121.9942405,95051,,0.54104719954013,,,,1,,
37.39013771799949,-121.9916967,95051,,0.64198180321113,,,,1,,
37.39013771799949,-121.9872349,95054,,0.68677372910465,,,,1,,
37.39013771799949,-121.9840103,95054,,0.49797870714200,,,,1,,
37.39013771799949,-121.9789175,95054,,0.31138483258252,,,,1,,
37.39013771799949,-121.9775869,95054,,0.31354446965047,,,,1,,
37.39013771799949,-121.9731703,95054,,0.38676675941473,,,,1,,
37.39013771799949,-121.9689060,95054,,0.10151266220560,,,,1,,
37.39013771799949,-121.9626545,95054,,0.34638926273147,,,,1,,
37.39013771799949,-121.9598018,95054,,0.21978514804970,,,,1,,
37.39013771799949,-121.9550312,95054,,0.20986797484062,,,,1,,
37.39013771799949,-121.9513814,95054,,0.40159133117623,,,,1,,
37.39013771799949,-121.9449405,95054,,0.65667577922766,,,,1,,
37.39013771799949,-121.9414834,95050,,0.78544832164932,,,,1,,
37.39013771799949,-121.9354773,95131,,0.65156575929777,,,,1,,
37.39013771799949,-121.9289125,95131,,0.32528183769763,,,,1,,
37.39013771799949,-121.9227557,95131,,0.42525907353445,,,,1,,
37.39013771799949,-121.9168799,95131,,0.76812662952448,,,,1,,
37.39013771799949,-121.9132175,95131,,0.70467001947696,,,,1,,
37.39013771799949,-121.9082972,95131,,0.51565998017115,,,,1,,
37.39013771799949,-121.9019800,95131,,0.55561167864530,,,,1,,
37.39013771799949,-121.8954761,95131,,0.86654390099911,,,,1,,
37.39013771799949,-121.8933186,95035,,0.98140027289190,,,,1,,
37.39013771799949,-121.8916339,95035,,0.94778359523164,,,,1,,
37.39013771799949,-121.8915773,95035,,0.94688197766345,,,,1,,
37.39013771799949,-121.8893180,95131,,0.80106101342605,,,,1,,
37.39013771799949,-121.8870310,95131,,0.64445044034944,,,,1,,
37.39013771799949,-121.8826121,95131,,0.34552144499338,,,,1,,
37.39013771799949,-121.8771073,95131,,0.10747862228398,,,,1,,
37.39013771799949,-121.8714326,95131,,0.45087062416856,,,,1,,
37.39013771799949,-121.8662585,95131,,0.80380823643770,,,,1,,
37.39013771799949,-121.8623901,95131,,1.06967023998810,,,,1,,
37.39013771799949,-121.8589431,95133,,1.12588756045933,,,,1,,
37.39013771799949,-121.8569939,95133,,1.17558472879525,,,,1,,
37.39013771799949,-121.8529357,95116,,1.08526953586226,,,,1,,
37.39013771799949,-121.8487042,95116,,0.94021049479319,,,,1,,
37.39013771799949,-121.8434099,95116,,0.87015778246452,,,,1,,
37.39013771799949,-121.8396429,95116,,0.91099413983525,,,,1,,
37.39013771799949,-121.8361832,95116,,1.00801041689857,,,,1,,
37.39013771799949,-121.8340710,95116,,1.08900787647965,,,,1,,
37.39013771799949,-121.8302054,95116,,1.26772198230389,,,,1,,
37.39013771799949,-121.8262508,95116,,1.47839484213395,,,,1,,
37.39013771799949,-121.8240337,95116,,1.60478319698346,,,,1,,
37.39013771799949,-121.8228082,95116,,1.67656381479067,,,,1,,
37.39013771799949,-121.8227170,95116,,1.68195359691571,,,,1,,
37.39013771799949,-121.8185590,95116,,1.93355055394541,,,,1,,
37.39013771799949,-121.8121403,95116,,2.33815654121916,,,,1,,
37.39013771799949,-121.8062883,95148,,2.54551135081038,,,,1,,
37.39013771799949,-121.8048327,95148,,2.52204618408411,,,,1,,
37.39013771799949,-121.7981447,95148,,2.46462955484926,,,,1,,
37.39013771799949,-121.7975810,95148,,2.46369305315081,,,,1,,
37.39013771799949,-121.7970101,95148,,2.46337203044234,,,,1,,
37.39013771799949,-121.7920653,95148,,2.48690997331085,,,,1,,
37.39013771799949,-121.7903315,95148,,2.50616477927765,,,,1,,
37.39013771799949,-121.7858977,95148,,2.58017097130948,,,,1,,
37.39013771799949,-121.7852668,95148,,2.59347263424970,,,,1,,
37.39013771799949,-121.7829201,95148,,2.64866726098342,,,,1,,
37.39013771799949,-121.7827016,95148,,2.65425214313185,,,,1,,
37.39013771799949,-121.7769361,95148,,2.82688017329150,,,,1,,
37.39013771799949,-121.7719089,95148,,3.01252925663934,,,,1,,
37.39013771799949,-121.7705056,95148,,3.06936947565792,,,,1,,
37.39013771799949,-121.7684514,95148,,3.15610231991340,,,,1,,
37.39013771799949,-121.7642729,95148,,3.34419749517946,,,,1,,
37.39013771799949,-121.7594987,95148,,3.57557139942924,,,,1,,
37.39013771799949,-121.7538223,95148,,3.86930909578417,,,,1,,
37.39013771799949,-121.7510702,95148,,4.01777959023169,,,,1,,
37.39013771799949,-121.7465543,95148,,4.26857628738530,,,,1,,
37.39013771799949,-121.7448850,95148,,4.36328337731233,,,,1,,
37.39013771799949,-121.7420130,95148,,4.52846599889700,,,,1,,
37.39013771799949,-121.7389039,95148,,4.71018119402433,,,,1,,
37.39216313413858,-122.0160602,94085,,0.33722444857454,,,,1,,
37.39216313413858,-122.0112955,94089,,0.19784120488743,,,,1,,
37.39216313413858,-122.0051928,94089,,0.39217963299551,,,,1,,
37.39216313413858,-122.0032874,94089,,0.51230600074300,,,,1,,
37.39216313413858,-121.9992704,95051,,0.56128147726329,,,,1,,
37.39216313413858,-121.9941855,95051,,0.60924495295696,,,,1,,
37.39216313413858,-121.9893657,95051,,0.80766460396659,,,,1,,
37.39216313413858,-121.9872434,95054,,0.72366228216246,,,,1,,
37.39216313413858,-121.9843182,95054,,0.56245584509915,,,,1,,
37.39216313413858,-121.9777599,95054,,0.38532198620284,,,,1,,
37.39216313413858,-121.9737899,95054,,0.42724200673943,,,,1,,
37.39216313413858,-121.9720140,95054,,0.30483400978859,,,,1,,
37.39216313413858,-121.9680283,95054,,0.03803113812015,,,,1,,
37.39216313413858,-121.9654070,95054,,0.15483110565906,,,,1,,
37.39216313413858,-121.9589418,95054,,0.12572465858155,,,,1,,
37.39216313413858,-121.9568557,95054,,0.09557232334637,,,,1,,
37.39216313413858,-121.9538131,95054,,0.27185600390041,,,,1,,
37.39216313413858,-121.9490278,95054,,0.57987445340356,,,,1,,
37.39216313413858,-121.9425834,95054,,0.82300840047940,,,,1,,
37.39216313413858,-121.9425302,95054,,0.82557694201092,,,,1,,
37.39216313413858,-121.9399074,95050,,0.88983103139711,,,,1,,
37.39216313413858,-121.9379135,95131,,0.83515824580187,,,,1,,
37.39216313413858,-121.9321390,95131,,0.51088140289811,,,,1,,
37.39216313413858,-121.9271096,95131,,0.37451721874337,,,,1,,
37.39216313413858,-121.9217741,95131,,0.52556247823913,,,,1,,
37.39216313413858,-121.9189565,95131,,0.67652841989886,,,,1,,
37.39216313413858,-121.9147384,95131,,0.74028687342299,,,,1,,
37.39216313413858,-121.9105833,95131,,0.52699532327450,,,,1,,
37.39216313413858,-121.9055759,95131,,0.41356192062559,,,,1,,
37.39216313413858,-121.9040519,95131,,0.43137763006590,,,,1,,
37.39216313413858,-121.9037854,95131,,0.43703228974453,,,,1,,
37.39216313413858,-121.8973994,95131,,0.71519220652885,,,,1,,
37.39216313413858,-121.8928672,95035,,0.90125416969491,,,,1,,
37.39216313413858,-121.8923984,95035,,0.89079373394193,,,,1,,
37.39216313413858,-121.8891718,95131,,0.78549967353981,,,,1,,
37.39216313413858,-121.8885781,95131,,0.74449347324221,,,,1,,
37.39216313413858,-121.8838300,95131,,0.41666815899663,,,,1,,
37.39216313413858,-121.8786623,95131,,0.06298983111893,,,,1,,
37.39216313413858,-121.8772027,95131,,0.04729315663890,,,,1,,
37.39216313413858,-121.8718232,95131,,0.41414255135734,,,,1,,
37.39216313413858,-121.8652010,95131,,0.87141256148564,,,,1,,
37.39216313413858,-121.8631248,95131,,1.01483357384768,,,,1,,
37.39216313413858,-121.8608122,95133,,1.16414349351985,,,,1,,
37.39216313413858,-121.8575628,95133,,1.22803191872804,,,,1,,
37.39216313413858,-121.8515783,95116,,1.09494712378564,,,,1,,
37.39216313413858,-121.8478485,95116,,0.98960954211776,,,,1,,
37.39216313413858,-121.8464380,95116,,0.96483387180642,,,,1,,
37.39216313413858,-121.8406664,95116,,0.96471613136134,,,,1,,
37.39216313413858,-121.8398009,95116,,0.97881034657569,,,,1,,
37.39216313413858,-121.8387225,95116,,1.00110391896983,,,,1,,
37.39216313413858,-121.8349211,95116,,1.11640889478213,,,,1,,
37.39216313413858,-121.8324628,95116,,1.21562059561485,,,,1,,
37.39216313413858,-121.8319153,95116,,1.23980603876692,,,,1,,
37.39216313413858,-121.8304922,95116,,1.30570574498282,,,,1,,
37.39216313413858,-121.8296043,95116,,1.34882392553330,,,,1,,
37.39216313413858,-121.8231263,95116,,1.69771028090479,,,,1,,
37.39216313413858,-121.8218653,95116,,1.77079515865333,,,,1,,
37.39216313413858,-121.8195665,95116,,1.90706781072833,,,,1,,
37.39216313413858,-121.8133710,95116,,2.28887202237192,,,,1,,
37.39216313413858,-121.8075363,95148,,2.63942121279261,,,,1,,
37.39216313413858,-121.8059749,95148,,2.61173417446722,,,,1,,
37.39216313413858,-121.8037348,95148,,2.57938517043231,,,,1,,
37.39216313413858,-121.7987052,95148,,2.53983460092909,,,,1,,
37.39216313413858,-121.7936203,95148,,2.54786631030112,,,,1,,
37.39216313413858,-121.7913949,95148,,2.56655004761159,,,,1,,
37.39216313413858,-121.7893779,95148,,2.59126260427768,,,,1,,
37.39216313413858,-121.7860240,95148,,2.64813024684936,,,,1,,
37.39216313413858,-121.7812019,95148,,2.76210298600453,,,,1,,
37.39216313413858,-121.7779861,95148,,2.85724354601683,,,,1,,
37.39216313413858,-121.7726308,95148,,3.04521153968160,,,,1,,
37.39216313413858,-121.7719263,95148,,3.07240124833391,,,,1,,
37.39216313413858,-121.7683550,95148,,3.21803650370728,,,,1,,
37.39216313413858,-121.7657125,95148,,3.33346808846251,,,,1,,
37.39216313413858,-121.7608078,95148,,3.56264074414630,,,,1,,
37.39216313413858,-121.7597430,95148,,3.61467268091594,,,,1,,
37.39216313413858,-121.7570780,95148,,3.74806516022580,,,,1,,
37.39216313413858,-121.7504062,95148,,4.09928921623620,,,,1,,
37.39216313413858,-121.7478147,95148,,4.24138644466696,,,,1,,
37.39468838331032,-122.0153200,94089,,0.36440934679974,,,,1,,
37.39468838331032,-122.0088616,94089,,0.13007356963735,,,,1,,
37.39468838331032,-122.0060320,94089,,0.30270563506021,,,,1,,
37.39468838331032,-122.0031668,94089,,0.49516273013798,,,,1,,
37.39468838331032,-121.9999569,95051,,0.66120968906329,,,,1,,
37.39468838331032,-121.9995700,95051,,0.65593765323844,,,,1,,
37.39468838331032,-121.9968498,95051,,0.64945041695239,,,,1,,
37.39468838331032,-121.9966516,95051,,0.65109945884164,,,,1,,
37.39468838331032,-121.9921501,95051,,0.75739503325745,,,,1,,
37.39468838331032,-121.9879693,95054,,0.81679553447652,,,,1,,
37.39468838331032,-121.9813701,95054,,0.51905948219183,,,,1,,
37.39468838331032,-121.9777556,95054,,0.47732487614963,,,,1,,
37.39468838331032,-121.9763095,95054,,0.49612736047633,,,,1,,
37.39468838331032,-121.9748791,95054,,0.51537484479600,,,,1,,
37.39468838331032,-121.9703516,95054,,0.22258108129740,,,,1,,
37.39468838331032,-121.9637741,95054,,0.29048693254127,,,,1,,
37.39468838331032,-121.9600787,95054,,0.17407593860781,,,,1,,
37.39468838331032,-121.9551386,95054,,0.16788900697719,,,,1,,
37.39468838331032,-121.9493106,95054,,0.57036838762640,,,,1,,
37.39468838331032,-121.9478315,95054,,0.67255661209628,,,,1,,
37.39468838331032,-121.9454267,95054,,0.76851606353611,,,,1,,
37.39468838331032,-121.9407757,95050,,0.95881894764802,,,,1,,
37.39468838331032,-121.9378418,95131,,0.87622710079673,,,,1,,
37.39468838331032,-121.9348012,95131,,0.70733583813254,,,,1,,
37.39468838331032,-121.9304184,95131,,0.51976300842775,,,,1,,
37.39468838331032,-121.9241276,95131,,0.51026046255779,,,,1,,
37.39468838331032,-121.9186000,95131,,0.75077920670438,,,,1,,
37.39468838331032,-121.9169809,95131,,0.83347887735612,,,,1,,
37.39468838331032,-121.9125848,95131,,0.56536665562378,,,,1,,
37.39468838331032,-121.9075748,95131,,0.34236367338574,,,,1,,
37.39468838331032,-121.9019037,95131,,0.42104874433813,,,,1,,
37.39468838331032,-121.8976109,95131,,0.65343006988353,,,,1,,
37.39468838331032,-121.8942342,95035,,0.85502344488524,,,,1,,
37.39468838331032,-121.8905885,95035,,0.77007221544073,,,,1,,
37.39468838331032,-121.8846216,95131,,0.47597579404538,,,,1,,
37.39468838331032,-121.8838697,95131,,0.42465703539827,,,,1,,
37.39468838331032,-121.8793687,95131,,0.12861229453159,,,,1,,
37.39468838331032,-121.8758469,95131,,0.15258883118108,,,,1,,
37.39468838331032,-121.8705717,95131,,0.50492214167867,,,,1,,
37.39468838331032,-121.8653970,95131,,0.86045113129171,,,,1,,
37.39468838331032,-121.8589579,95133,,1.28407858196766,,,,1,,
37.39468838331032,-121.8540402,95116,,1.26449782908417,,,,1,,
37.39468838331032,-121.8486110,95116,,1.09348778210496,,,,1,,
37.39468838331032,-121.8446108,95116,,1.03860590102041,,,,1,,
37.39468838331032,-121.8435059,95116,,1.03600813755066,,,,1,,
37.39468838331032,-121.8399867,95116,,1.06482063677637,,,,1,,
37.39468838331032,-121.8379204,95116,,1.10656542197561,,,,1,,
37.39468838331032,-121.8343379,95116,,1.21583867607308,,,,1,,
37.39468838331032,-121.8319385,95116,,1.31025187572031,,,,1,,
37.39468838331032,-121.8275189,95116,,1.51655870871276,,,,1,,
37.39468838331032,-121.8265923,95116,,1.56392838416477,,,,1,,
37.39468838331032,-121.8264312,95116,,1.57228456891993,,,,1,,
37.39468838331032,-121.8253534,95116,,1.62904390743094,,,,1,,
37.39468838331032,-121.8188771,95116,,1.99479253074733,,,,1,,
37.39468838331032,-121.8184644,95116,,2.01921593921340,,,,1,,
37.39468838331032,-121.8160914,95116,,2.16159530251590,,,,1,,
37.39468838331032,-121.8102632,95116,,2.52243840094975,,,,1,,
37.39468838331032,-121.8047489,95148,,2.68298235968688,,,,1,,
37.39468838331032,-121.8005589,95148,,2.64051095790291,,,,1,,
37.39468838331032,-121.7991979,95148,,2.63342515647853,,,,1,,
37.39468838331032,-121.7960824,95148,,2.62982331669822,,,,1,,
37.39468838331032,-121.7907359,95148,,2.66447841029870,,,,1,,
37.39468838331032,-121.7899126,95148,,2.67431310631209,,,,1,,
37.39468838331032,-121.7833274,95148,,2.79371561329367,,,,1,,
37.39468838331032,-121.7805780,95148,,2.86355962824716,,,,1,,
37.39468838331032,-121.7798091,95148,,2.88502882529977,,,,1,,
37.39468838331032,-121.7795993,95148,,2.89102872047500,,,,1,,
37.39468838331032,-121.7793328,95148,,2.89873676196516,,,,1,,
37.39468838331032,-121.7781206,95148,,2.93500024615481,,,,1,,
37.39468838331032,-121.7775640,95148,,2.95229810826351,,,,1,,
37.39468838331032,-121.7722970,95148,,3.13467409780334,,,,1,,
37.39468838331032,-121.7707787,95148,,3.19302031095391,,,,1,,
37.39468838331032,-121.7641705,95148,,3.47255763668914,,,,1,,
37.39468838331032,-121.7635060,95148,,3.50272688125069,,,,1,,
37.39468838331032,-121.7627161,95148,,3.53902986519470,,,,1,,
37.39468838331032,-121.7562486,95148,,3.85252150195167,,,,1,,
37.39468838331032,-121.7558678,95148,,3.87179632510613,,,,1,,
37.39468838331032,-121.7499443,95148,,4.18151497706539,,,,1,,
37.39634043377451,-122.0183461,94085,,0.55609914153653,,,,1,,
37.39634043377451,-122.0117111,94089,,0.10788201320301,,,,1,,
37.39634043377451,-122.0051455,94089,,0.35136940086395,,,,1,,
37.39634043377451,-122.0031591,94089,,0.48826134037781,,,,1,,
37.39634043377451,-121.9974908,95051,,0.70651762462660,,,,1,,
37.39634043377451,-121.9927945,95051,,0.78872443839612,,,,1,,
37.39634043377451,-121.9900048,95051,,0.89152197824802,,,,1,,
37.39634043377451,-121.9842100,95054,,0.67139316706921,,,,1,,
37.39634043377451,-121.9805066,95054,,0.55614640992054,,,,1,,
37.39634043377451,-121.9755826,95054,,0.56923454761314,,,,1,,
37.39634043377451,-121.9712133,95054,,0.30572107484391,,,,1,,
37.39634043377451,-121.9683252,95054,,0.18472655276884,,,,1,,
37.39634043377451,-121.9618512,95054,,0.30456393006677,,,,1,,
37.39634043377451,-121.9553199,95054,,0.17039576652447,,,,1,,
37.39634043377451,-121.9505381,95054,,0.49057567369911,,,,1,,
37.39634043377451,-121.9467474,95054,,0.75072040131740,,,,1,,
37.39634043377451,-121.9429409,95054,,0.91849904566475,,,,1,,
37.39634043377451,-121.9390618,95134,,0.95550229260954,,,,1,,
37.39634043377451,-121.9381054,95134,,0.90209904719707,,,,1,,
37.39634043377451,-121.9359291,95134,,0.78778066415593,,,,1,,
37.39634043377451,-121.9333496,95134,,0.67096525542418,,,,1,,
37.39634043377451,-121.9327425,95134,,0.64755343593111,,,,1,,
37.39634043377451,-121.9322219,95134,,0.62901332031526,,,,1,,
37.39634043377451,-121.9304309,95131,,0.57494212555713,,,,1,,
37.39634043377451,-121.9258825,95131,,0.53394072168891,,,,1,,
37.39634043377451,-121.9225650,95131,,0.61361351740007,,,,1,,
37.39634043377451,-121.9209753,95131,,0.67644553500129,,,,1,,
37.39634043377451,-121.9206536,95131,,0.69059213399528,,,,1,,
37.39634043377451,-121.9205373,95131,,0.69581035969105,,,,1,,
37.39634043377451,-121.9154224,95131,,0.71099840551686,,,,1,,
37.39634043377451,-121.9100044,95131,,0.38776272525985,,,,1,,
37.39634043377451,-121.9035059,95131,,0.30676544442759,,,,1,,
37.39634043377451,-121.9026865,95131,,0.34006022080478,,,,1,,
37.39634043377451,-121.8977245,95131,,0.61888754894242,,,,1,,
37.39634043377451,-121.8967614,95131,,0.67982681036310,,,,1,,
37.39634043377451,-121.8961951,95131,,0.71612522379044,,,,1,,
37.39634043377451,-121.8917237,95035,,0.73135311808454,,,,1,,
37.39634043377451,-121.8873874,95131,,0.67461845750748,,,,1,,
37.39634043377451,-121.8833279,95131,,0.40306987998708,,,,1,,
37.39634043377451,-121.8806378,95131,,0.23501003942343,,,,1,,
37.39634043377451,-121.8784803,95131,,0.13841955718622,,,,1,,
37.39634043377451,-121.8737837,95131,,0.30714130625895,,,,1,,
37.39634043377451,-121.8697642,95131,,0.57091538271509,,,,1,,
37.39634043377451,-121.8663168,95131,,0.80466733067488,,,,1,,
37.39634043377451,-121.8602155,95131,,1.22259034530263,,,,1,,
37.39634043377451,-121.8600735,95131,,1.23234667870288,,,,1,,
37.39634043377451,-121.8561774,95116,,1.40119991364665,,,,1,,
37.39634043377451,-121.8504392,95116,,1.19520351985460,,,,1,,
37.39634043377451,-121.8453283,95116,,1.10311822151221,,,,1,,
37.39634043377451,-121.8429082,95116,,1.09712001720026,,,,1,,
37.39634043377451,-121.8399612,95116,,1.12388552098696,,,,1,,
37.39634043377451,-121.8368852,95116,,1.18895865218226,,,,1,,
37.39634043377451,-121.8342689,95116,,1.26993677568801,,,,1,,
37.39634043377451,-121.8336557,95116,,1.29184472435885,,,,1,,
37.39634043377451,-121.8272069,95116,,1.57369891208446,,,,1,,
37.39634043377451,-121.8212875,95116,,1.88876698290380,,,,1,,
37.39634043377451,-121.8152241,95116,,2.24316480330285,,,,1,,
37.39634043377451,-121.8107594,95116,,2.51683603157028,,,,1,,
37.39634043377451,-121.8042653,95148,,2.73563351924467,,,,1,,
37.39634043377451,-121.8007955,95148,,2.70194704803491,,,,1,,
37.39634043377451,-121.8005084,95148,,2.70009470956671,,,,1,,
37.39634043377451,-121.7944193,95148,,2.69511709757115,,,,1,,
37.39634043377451,-121.7896931,95148,,2.73621278801939,,,,1,,
37.39634043377451,-121.7875204,95148,,2.76785770695296,,,,1,,
37.39634043377451,-121.7811869,95148,,2.90275480943757,,,,1,,
37.39634043377451,-121.7773527,95148,,3.01250833157703,,,,1,,
37.39634043377451,-121.7757057,95148,,3.06548272671415,,,,1,,
37.39634043377451,-121.7704559,95148,,3.25520430071975,,,,1,,
37.39634043377451,-121.7660489,95148,,3.43601533105486,,,,1,,
37.39634043377451,-121.7619507,95148,,3.61907343046165,,,,1,,
37.39634043377451,-121.7568777,95148,,3.86244912512213,,,,1,,
37.39634043377451,-121.7535562,95148,,4.03036007828100,,,,1,,
37.39634043377451,-121.7522019,95148,,4.10053733671214,,,,1,,
37.39634043377451,-121.7511941,95148,,4.15335843024783,,,,1,,
37.39634043377451,-121.7466741,95148,,4.39602734433367,,,,1,,
37.39634043377451,-121.7456460,95148,,4.45243592773033,,,,1,,
37.39634043377451,-121.7408878,95148,,4.71865266863273,,,,1,,
37.39634043377451,-121.7377202,95148,,4.90009067529018,,,,1,,
37.39902538966459,-122.0178324,94089,,0.53095967995019,,,,1,,
37.39902538966459,-122.0152837,94089,,0.35702795745912,,,,1,,
37.39902538966459,-122.0131074,94089,,0.21138333362858,,,,1,,
37.39902538966459,-122.0077650,94089,,0.18231759848498,,,,1,,
37.39902538966459,-122.0058715,94089,,0.30757088320718,,,,1,,
37.39902538966459,-122.0005194,94089,,0.67319276874869,,,,1,,
37.39902538966459,-121.9981482,94089,,0.78827158178727,,,,1,,
37.39902538966459,-121.9924226,95051,,0.88840847062307,,,,1,,
37.39902538966459,-121.9857317,95054,,0.81354602572067,,,,1,,
37.39902538966459,-121.9800043,95054,,0.64434159960097,,,,1,,
37.39902538966459,-121.9771133,95054,,0.64001533207269,,,,1,,
37.39902538966459,-121.9728983,95054,,0.45300027755199,,,,1,,
37.39902538966459,-121.9694791,95054,,0.23017075034592,,,,1,,
37.39902538966459,-121.9632677,95054,,0.24907736246867,,,,1,,
37.39902538966459,-121.9608986,95054,,0.28568684030540,,,,1,,
37.39902538966459,-121.9606325,95054,,0.27107413682389,,,,1,,
37.39902538966459,-121.9543153,95054,,0.28088993052510,,,,1,,
37.39902538966459,-121.9517634,95054,,0.43491239083796,,,,1,,
37.39902538966459,-121.9451485,95054,,0.87432499059470,,,,1,,
37.39902538966459,-121.9416409,95054,,1.05139162323509,,,,1,,
37.39902538966459,-121.9406412,95134,,0.99911471808532,,,,1,,
37.39902538966459,-121.9369911,95134,,0.78200423069034,,,,1,,
37.39902538966459,-121.9369092,95134,,0.77737588951294,,,,1,,
37.39902538966459,-121.9356563,95134,,0.70844025759724,,,,1,,
37.39902538966459,-121.9347696,95134,,0.66216097119706,,,,1,,
37.39902538966459,-121.9318257,95134,,0.53075923873808,,,,1,,
37.39902538966459,-121.9296437,95134,,0.46789218145303,,,,1,,
37.39902538966459,-121.9258165,95134,,0.46755657441236,,,,1,,
37.39902538966459,-121.9213005,95134,,0.63097614983383,,,,1,,
37.39902538966459,-121.9173418,95131,,0.81060407889686,,,,1,,
37.39902538966459,-121.9172601,95131,,0.80507423510628,,,,1,,
37.39902538966459,-121.9117266,95131,,0.43745849600837,,,,1,,
37.39902538966459,-121.9071178,95131,,0.18467269261268,,,,1,,
37.39902538966459,-121.9034297,95131,,0.23313749389686,,,,1,,
37.39902538966459,-121.9008055,95131,,0.38451125501047,,,,1,,
37.39902538966459,-121.8941993,95035,,0.71756462229974,,,,1,,
37.39902538966459,-121.8885608,95035,,0.59744746690542,,,,1,,
37.39902538966459,-121.8883798,95035,,0.59741282560324,,,,1,,
37.39902538966459,-121.8823730,95131,,0.38941623597834,,,,1,,
37.39902538966459,-121.8773914,95131,,0.23018304878118,,,,1,,
37.39902538966459,-121.8760312,95131,,0.25928866794641,,,,1,,
37.39902538966459,-121.8752411,95131,,0.28916694009392,,,,1,,
37.39902538966459,-121.8749877,95131,,0.30022589908644,,,,1,,
37.39902538966459,-121.8692869,95131,,0.63153590039640,,,,1,,
37.39902538966459,-121.8667764,95131,,0.79574247189066,,,,1,,
37.39902538966459,-121.8610263,95131,,1.18185979499090,,,,1,,
37.39902538966459,-121.8550845,95116,,1.43579669834733,,,,1,,
37.39902538966459,-121.8511885,95116,,1.30565624563712,,,,1,,
37.39902538966459,-121.8507993,95116,,1.29501364445508,,,,1,,
37.39902538966459,-121.8469628,95116,,1.21722290814706,,,,1,,
37.39902538966459,-121.8461468,95116,,1.20755584911526,,,,1,,
37.39902538966459,-121.8415552,95116,,1.20201518207139,,,,1,,
37.39902538966459,-121.8363723,95116,,1.29292179725001,,,,1,,
37.39902538966459,-121.8346224,95116,,1.34392924299391,,,,1,,
37.39902538966459,-121.8317432,95116,,1.44605624848711,,,,1,,
37.39902538966459,-121.8288844,95116,,1.56598602382096,,,,1,,
37.39902538966459,-121.8258655,95116,,1.70836031708009,,,,1,,
37.39902538966459,-121.8250645,95116,,1.74836928725294,,,,1,,
37.39902538966459,-121.8202628,95116,,2.00357159821260,,,,1,,
37.39902538966459,-121.8167440,95116,,2.20358090363364,,,,1,,
37.39902538966459,-121.8163703,95116,,2.22532666845865,,,,1,,
37.39902538966459,-121.8137531,95116,,2.37990698561010,,,,1,,
37.39902538966459,-121.8109837,95116,,2.54724519970778,,,,1,,
37.39902538966459,-121.8057557,95148,,2.85186223400478,,,,1,,
37.39902538966459,-121.8038554,95148,,2.82692181799861,,,,1,,
37.39902538966459,-121.7986976,95148,,2.78942329529972,,,,1,,
37.39902538966459,-121.7933418,95148,,2.79839911029457,,,,1,,
37.39902538966459,-121.7887961,95148,,2.84402919830895,,,,1,,
37.39902538966459,-121.7876497,95148,,2.86087200962230,,,,1,,
37.39902538966459,-121.7847970,95148,,2.91172778034095,,,,1,,
37.39902538966459,-121.7799320,95148,,3.02623179763359,,,,1,,
37.39902538966459,-121.7756888,95148,,3.15208207791215,,,,1,,
37.39902538966459,-121.7722148,95148,,3.27111814793326,,,,1,,
37.39902538966459,-121.7680162,95148,,3.43192211992671,,,,1,,
37.39902538966459,-121.7674179,95148,,3.45621024271476,,,,1,,
37.39902538966459,-121.7648013,95148,,3.56612116281345,,,,1,,
37.39902538966459,-121.7646590,95148,,3.57226391407252,,,,1,,
37.39902538966459,-121.7586496,95148,,3.84569255568139,,,,1,,
37.399081587179126,-122.0147421,94089,,0.32081864338084,,,,1,,
37.399081587179126,-122.0098028,94089,,0.07574819539865,,,,1,,
37.399081587179126,-122.0090757,94089,,0.10536712635313,,,,1,,
37.399081587179126,-122.0090467,94089,,0.10686851139501,,,,1,,
37.399081587179126,-122.0040870,94089,,0.42900995746306,,,,1,,
37.399081587179126,-122.0000058,94089,,0.70574315358013,,,,1,,
37.399081587179126,-121.9999650,94089,,0.70737216790507,,,,1,,
37.399081587179126,-121.9955472,95051,,0.82235701044132,,,,1,,
37.399081587179126,-121.9902643,95051,,0.96299750277739,,,,1,,
37.399081587179126,-121.9870244,95054,,0.87377076525421,,,,1,,
37.399081587179126,-121.9845747,95054,,0.76771788525372,,,,1,,
37.399081587179126,-121.9779170,95054,,0.63699886628674,,,,1,,
37.399081587179126,-121.9776268,95054,,0.63827138147436,,,,1,,
37.399081587179126,-121.9741247,95054,,0.52885948181781,,,,1,,
37.399081587179126,-121.9708832,95054,,0.31866855521184,,,,1,,
37.399081587179126,-121.9699412,95054,,0.25805881186933,,,,1,,
37.399081587179126,-121.9680227,95054,,0.14698723248750,,,,1,,
37.399081587179126,-121.9625911,95054,,0.29127978483548,,,,1,,
37.399081587179126,-121.9571885,95054,,0.17288275880761,,,,1,,
37.399081587179126,-121.9561708,95054,,0.19616258234591,,,,1,,
37.399081587179126,-121.9536901,95054,,0.31757952337442,,,,1,,
37.399081587179126,-121.9487237,95054,,0.63428841809813,,,,1,,
37.399081587179126,-121.9455695,95054,,0.84621395291550,,,,1,,
37.399081587179126,-121.9422756,95054,,1.02547482680796,,,,1,,
37.399081587179126,-121.9409210,95134,,1.01552138030798,,,,1,,
37.399081587179126,-121.9392430,95134,,0.91281425478159,,,,1,,
37.399081587179126,-121.9362292,95134,,0.73825726992242,,,,1,,
37.399081587179126,-121.9336224,95134,,0.60472574411661,,,,1,,
37.399081587179126,-121.9279369,95134,,0.44683927084694,,,,1,,
37.399081587179126,-121.9235607,95134,,0.53113218294820,,,,1,,
37.399081587179126,-121.9205379,95134,,0.66770312441435,,,,1,,
37.399081587179126,-121.9143310,95131,,0.60767616942417,,,,1,,
37.399081587179126,-121.9109258,95131,,0.38577423919734,,,,1,,
37.399081587179126,-121.9064563,95131,,0.16587352479846,,,,1,,
37.399081587179126,-121.9063319,95131,,0.16390906068252,,,,1,,
37.399081587179126,-121.9036730,95131,,0.21989279579880,,,,1,,
37.399081587179126,-121.9016765,95131,,0.32994397235587,,,,1,,
37.399081587179126,-121.8974318,95131,,0.60332203373196,,,,1,,
37.399081587179126,-121.8966058,95131,,0.65851570159365,,,,1,,
37.399081587179126,-121.8950992,95035,,0.75216619263298,,,,1,,
37.399081587179126,-121.8917055,95035,,0.63651295486890,,,,1,,
37.399081587179126,-121.8868394,95035,,0.60560998665770,,,,1,,
37.399081587179126,-121.8833318,95131,,0.44583501091918,,,,1,,
37.399081587179126,-121.8774842,95131,,0.23151007042624,,,,1,,
37.399081587179126,-121.8738409,95131,,0.35810819577255,,,,1,,
37.399081587179126,-121.8730954,95131,,0.39891952350864,,,,1,,
37.399081587179126,-121.8678049,95131,,0.72859681604978,,,,1,,
37.399081587179126,-121.8659771,95131,,0.84935064351533,,,,1,,
37.399081587179126,-121.8598866,95131,,1.25959138692803,,,,1,,
37.399081587179126,-121.8590525,95131,,1.31629531341891,,,,1,,
37.399081587179126,-121.8586260,95131,,1.34532026131191,,,,1,,
37.399081587179126,-121.8578612,95131,,1.39741448066659,,,,1,,
37.399081587179126,-121.8547973,95116,,1.42659107262763,,,,1,,
37.399081587179126,-121.8505198,95116,,1.28956353387520,,,,1,,
37.399081587179126,-121.8502460,95116,,1.28261463064686,,,,1,,
37.399081587179126,-121.8447705,95116,,1.19914906959013,,,,1,,
37.399081587179126,-121.8410811,95116,,1.20823231021225,,,,1,,
37.399081587179126,-121.8362029,95116,,1.29934012420689,,,,1,,
37.399081587179126,-121.8314560,95116,,1.45901951713717,,,,1,,
37.399081587179126,-121.8301696,95116,,1.51167314237769,,,,1,,
37.399081587179126,-121.8247075,95116,,1.76785260334795,,,,1,,
37.399081587179126,-121.8204199,95116,,1.99609168746886,,,,1,,
37.399081587179126,-121.8202557,95116,,2.00518622817656,,,,1,,
37.399081587179126,-121.8167577,95116,,2.20389580837753,,,,1,,
37.399081587179126,-121.8124851,95116,,2.45708510431797,,,,1,,
37.399081587179126,-121.8075233,95116,,2.76161195353402,,,,1,,
37.399081587179126,-121.8040316,95148,,2.83100333603155,,,,1,,
37.399081587179126,-121.8019517,95148,,2.80990886650108,,,,1,,
37.399081587179126,-121.7955848,95148,,2.79071773493941,,,,1,,
37.399081587179126,-121.7931436,95148,,2.80170606949370,,,,1,,
37.399081587179126,-121.7917640,95148,,2.81237482545295,,,,1,,
37.399081587179126,-121.7889506,95148,,2.84392655995238,,,,1,,
37.399081587179126,-121.7831353,95148,,2.94896317457064,,,,1,,
37.399081587179126,-121.7813209,95148,,2.99204318819870,,,,1,,
37.399081587179126,-121.7752936,95148,,3.16673229479487,,,,1,,
37.399081587179126,-121.7686099,95148,,3.40981735080315,,,,1,,
37.399081587179126,-121.7654175,95148,,3.54132320655244,,,,1,,
37.399081587179126,-121.7650596,95148,,3.55661612658266,,,,1,,
37.40095092703621,-122.0148656,94089,,0.35021829671644,,,,1,,
37.40095092703621,-122.0120965,94089,,0.19028528127554,,,,1,,
37.40095092703621,-122.0067679,94089,,0.27546097252250,,,,1,,
37.40095092703621,-122.0003833,94089,,0.63503622160687,,,,1,,
37.40095092703621,-121.9965283,94089,,0.82285428060474,,,,1,,
37.40095092703621,-121.9942939,95051,,0.90927509727853,,,,1,,
37.40095092703621,-121.9910159,95051,,0.99520051031635,,,,1,,
37.40095092703621,-121.9904819,95051,,1.01331195954576,,,,1,,
37.40095092703621,-121.9885932,95054,,0.99840643202706,,,,1,,
37.40095092703621,-121.9860495,95054,,0.88265524404849,,,,1,,
37.40095092703621,-121.9810065,95054,,0.72806643695100,,,,1,,
37.40095092703621,-121.9763326,95054,,0.67855860389708,,,,1,,
37.40095092703621,-121.9740309,95054,,0.51981043154534,,,,1,,
37.40095092703621,-121.9725515,95054,,0.41789420619642,,,,1,,
37.40095092703621,-121.9683622,95054,,0.13189368975396,,,,1,,
37.40095092703621,-121.9656897,95054,,0.06813545469602,,,,1,,
37.40095092703621,-121.9608225,95054,,0.32858463043284,,,,1,,
37.40095092703621,-121.9570547,95054,,0.24186467686745,,,,1,,
37.40095092703621,-121.9565295,95054,,0.24973554174916,,,,1,,
37.40095092703621,-121.9522036,95054,,0.44094480147643,,,,1,,
37.40095092703621,-121.9499632,95054,,0.57711956528295,,,,1,,
37.40095092703621,-121.9495851,95054,,0.60099134639546,,,,1,,
37.40095092703621,-121.9430931,95054,,1.02811456204967,,,,1,,
37.40095092703621,-121.9396120,95134,,0.90449488385018,,,,1,,
37.40095092703621,-121.9366961,95134,,0.72638438611267,,,,1,,
37.40095092703621,-121.9316189,95134,,0.46434172682244,,,,1,,
37.40095092703621,-121.9287045,95134,,0.38432901264880,,,,1,,
37.40095092703621,-121.9240152,95134,,0.45682457584409,,,,1,,
37.40095092703621,-121.9176485,95134,,0.79218564743978,,,,1,,
37.40095092703621,-121.9127951,95131,,0.48875050853483,,,,1,,
37.40095092703621,-121.9095679,95131,,0.27302341101132,,,,1,,
37.40095092703621,-121.9079561,95131,,0.17234944939585,,,,1,,
37.40095092703621,-121.9026042,95131,,0.24241274226835,,,,1,,
37.40095092703621,-121.8990548,95131,,0.47841664696031,,,,1,,
37.40095092703621,-121.8972155,95131,,0.60362229956645,,,,1,,
37.40095092703621,-121.8926459,95035,,0.60169630467951,,,,1,,
37.40095092703621,-121.8915715,95035,,0.56962035403930,,,,1,,
37.40095092703621,-121.8849433,95131,,0.57642313392755,,,,1,,
37.40095092703621,-121.8787395,95131,,0.30549647833021,,,,1,,
37.40095092703621,-121.8765472,95131,,0.31108793328928,,,,1,,
37.40095092703621,-121.8749355,95131,,0.35858349856647,,,,1,,
37.40095092703621,-121.8732472,95131,,0.43416666878138,,,,1,,
37.40095092703621,-121.8676062,95131,,0.76557246149561,,,,1,,
37.40095092703621,-121.8612177,95131,,1.18461352980980,,,,1,,
37.40095092703621,-121.8603358,95131,,1.24367739303649,,,,1,,
37.40095092703621,-121.8595700,95131,,1.29510645200145,,,,1,,
37.40095092703621,-121.8531797,95116,,1.42884363804030,,,,1,,
37.40095092703621,-121.8495274,95116,,1.33015063358835,,,,1,,
37.40095092703621,-121.8440387,95116,,1.26476969481594,,,,1,,
37.40095092703621,-121.8438208,95116,,1.26445399173821,,,,1,,
37.40095092703621,-121.8432221,95116,,1.26450947987788,,,,1,,
37.40095092703621,-121.8420496,95116,,1.26853236093037,,,,1,,
37.40095092703621,-121.8408261,95116,,1.27820347362469,,,,1,,
37.40095092703621,-121.8400678,95116,,1.28695152173474,,,,1,,
37.40095092703621,-121.8385171,95116,,1.31119367569651,,,,1,,
37.40095092703621,-121.8362889,95116,,1.36012250395831,,,,1,,
37.40095092703621,-121.8300603,95116,,1.57060135791406,,,,1,,
37.40095092703621,-121.8261425,95116,,1.74487381297313,,,,1,,
37.40095092703621,-121.8222641,95116,,1.93931294893401,,,,1,,
37.40095092703621,-121.8170310,95116,,2.22601772494145,,,,1,,
37.40095092703621,-121.8146364,95116,,2.36406896633084,,,,1,,
37.40095092703621,-121.8081881,95116,,2.75089834117806,,,,1,,
37.40095092703621,-121.8041464,95148,,2.89943032392245,,,,1,,
37.40095092703621,-121.8009295,95148,,2.86994038577546,,,,1,,
37.40095092703621,-121.7956588,95148,,2.85856347632137,,,,1,,
37.40095092703621,-121.7898470,95148,,2.89948999367557,,,,1,,
37.40095092703621,-121.7852335,95148,,2.97047960986170,,,,1,,
37.40095092703621,-121.7808309,95148,,3.06772328865397,,,,1,,
37.40095092703621,-121.7746587,95148,,3.24742123535167,,,,1,,
37.40095092703621,-121.7681311,95148,,3.48449525255751,,,,1,,
37.40095092703621,-121.7630842,95148,,3.69520624959415,,,,1,,
37.40095092703621,-121.7575440,95148,,3.94908932018879,,,,1,,
37.40095092703621,-121.7566211,95148,,3.99337968257001,,,,1,,
37.40095092703621,-121.7562783,95148,,4.00996450579325,,,,1,,
37.40095092703621,-121.7515827,95148,,4.24392902294428,,,,1,,
37.40095092703621,-121.7452599,95148,,4.57644841329528,,,,1,,
37.40095092703621,-121.7446844,95148,,4.60757971412487,,,,1,,
37.40095092703621,-121.7419763,95148,,4.75580088677660,,,,1,,