POLE_LAT,POLE_LONG,POLE_ZIPCODE,POLE_POP_SCALED,POLE_SUB_DIST,POLE_SUB_DIST_SCALED,POLE_ZONE,POLE_TILT,FAKE_OR_SYNTH,POLE_CRIT_LABEL,POLE_CRIT_CALC,POLE_CRIT_SIM,Unnamed: 13,Unnamed: 14,Unnamed: 15,Population,Distance,Zone,Tilt Angle,Criticality Label
37.2767965,-122.0170435,95070,0.268768215,0.196660302,0.032770882,1,0.3,0,,,,,,,Low,Low,Forest,Low,
37.2786442,-122.0170232,95070,0.268768215,0.147737683,0.024251792,1,0.3,0,,,,,,,Low,Low,Forest,Low,
37.2768026,-122.0170616,95070,0.268768215,0.197249374,0.032873459,1,0.3,0,,,,,,,Low,Low,Forest,Low,
37.2792909,-122.0207976,95070,0.268768215,0.384797486,0.065531958,1,0.3,0,,,,,,,Low,Low,Forest,Low,
37.2776032,-122.0146409,95070,0.268768215,0.134415631,0.02193197,1,0.3,0,,,,,,,Low,Low,Forest,Low,
37.2709035,-122.0207343,95070,0.268768215,0.528014981,0.090470991,1,0.3,0,,,,,,,Low,Low,Forest,Low,
37.277612,-122.0171002,95070,0.268768215,0.176669772,0.029289851,1,0.3,0,,,,,,,Low,Low,Forest,Low,
37.2777945,-122.020994,95070,0.268768215,0.410636903,0.070031479,1,0.3,0,,,,,,,Low,Low,Forest,Low,
37.2776016,-122.0145179,95070,0.268768215,0.137613098,0.022488757,1,0.3,0,,,,,,,Low,Low,Forest,Low,
37.2786434,-122.0169232,95070,0.268768215,0.142269957,0.023299675,1,0.3,0,,,,,,,Low,Low,Forest,Low,
37.2795579,-122.021372,95070,0.268768215,0.422601849,0.072114983,1,0.3,0,,,,,,,Low,Low,Forest,Low,
37.2777961,-122.0231083,95070,0.268768215,0.552052041,0.09465666,1,0.3,0,,,,,,,Low,Low,Forest,Low,
37.2782278,-122.0145162,95070,0.268768215,0.116962931,0.018892862,1,0.3,0,,,,,,,Low,Low,Forest,Low,
37.2795579,-122.0069774,95070,0.268768215,0.578173446,0.099205284,1,0.3,1,,,,,,,Low,Low,Forest,Low,
37.2795579,-121.9979053,95070,0.268768215,1.203684965,0.208128093,1,0.3,1,,,,,,,Low,Low,Forest,Low,
37.2795579,-121.9976531,95070,0.268768215,1.221093644,0.211159536,1,0.3,1,,,,,,,Low,Low,Forest,Low,
37.28163919,-122.0106806,95070,0.268768215,0.320427069,0.203562861,1,0.3,1,,,,,,,Low,Low,Forest,Low,
37.28163919,-122.0040596,95070,0.268768215,0.777494835,0.170482478,1,0.3,1,,,,,,,Low,Low,Forest,Low,
37.282985,-122.0164182,95070,0.268768215,0.104464974,0.206839679,1,0.3,1,,,,,,,Low,Low,Forest,Low,
37.282985,-122.0161713,95070,0.268768215,0.092655728,0.229507457,1,0.3,1,,,,,,,Low,Low,Forest,Low,
37.282985,-122.0105344,95070,0.268768215,0.33732901,0.194480983,1,0.3,1,,,,,,,Low,Low,Forest,Low,
37.282985,-122.0043066,95070,0.268768215,0.763423722,0.080143167,1,0.3,1,,,,,,,Low,Low,Forest,Low,
37.282985,-122.0020551,95070,0.268768215,0.918438796,0.123789663,1,0.3,1,,,,,,,Low,Low,Forest,Low,
37.282985,-121.9914167,95070,0.268768215,1.65230895,0.186336103,1,0.3,1,,,,,,,Low,Low,Forest,Low,
37.28388274,-122.0166528,95070,0.268768215,0.139307943,0.275766923,1,0.3,1,,,,,,,Low,Low,Forest,Low,
37.28388274,-122.0101713,95070,0.268768215,0.369744341,0.253427876,1,0.3,1,,,,,,,Low,Low,Forest,Low,
37.28388274,-122.0058344,95070,0.268768215,0.662730582,0.201790896,1,0.3,1,,,,,,,Low,Low,Forest,Low,
37.28388274,-121.9995528,95070,0.268768215,1.093535423,0.153220109,1,0.3,1,,,,,,,Low,Low,Forest,Low,
37.28388274,-121.9981692,95070,0.268768215,1.188742193,0.142392488,1,0.3,1,,,,,,,Low,Low,Forest,Low,
37.28388274,-121.9977852,95070,0.268768215,1.215176623,0.126709115,1,0.3,1,,,,,,,Low,Low,Forest,Low,
37.28886784,-122.0141242,95070,0.268768215,0.29780019,0.081093444,1,0.3,1,,,,,,,Low,Low,Forest,Low,
37.28886784,-122.0044847,95070,0.268768215,0.800760384,0.189626755,1,0.3,1,,,,,,,Low,Low,Forest,Low,
37.28886784,-122.0028695,95070,0.268768215,0.905865915,0.199563741,1,0.3,1,,,,,,,Low,Low,Forest,Low,
37.28886784,-122.0017921,95070,0.268768215,0.976777553,0.203553204,1,0.3,1,,,,,,,Low,Low,Forest,Low,
37.28886784,-121.9980791,95070,0.268768215,1.224376195,0.319840529,1,0.3,1,,,,,,,Low,Low,Forest,Low,
37.2890735,-122.0144104,95070,0.268768215,0.300357319,0.260952282,1,0.3,1,,,,,,,Low,Low,Forest,Low,
37.2890735,-122.0078905,95070,0.268768215,0.590764833,0.211257832,1,0.3,1,,,,,,,Low,Low,Forest,Low,
37.2890735,-122.0025606,95070,0.268768215,0.928496424,0.190197165,1,0.3,1,,,,,,,Low,Low,Forest,Low,
37.2890735,-121.998632,95070,0.268768215,1.1891041,0.097339649,1,0.3,1,,,,,,,Low,Low,Forest,Low,
37.2906222,-122.0182408,95070,0.268768215,0.405010745,0.078535538,1,0.3,1,,,,,,,Low,Low,Forest,Low,
37.29544619,-122.0075391,95070,0.268768215,0.752429067,0.063413563,1,0.3,1,,,,,,,Low,Low,Forest,Low,
37.2970086,-122.0186782,95070,0.268768215,0.629291174,0.054322882,1,0.3,1,,,,,,,Low,Low,Forest,Low,
37.2970086,-122.0139928,95070,0.268768215,0.591578238,0.13391391,1,0.3,1,,,,,,,Low,Low,Forest,Low,
37.2970086,-122.0092301,95070,0.268768215,0.719726848,0.267102993,1,0.3,1,,,,,,,Low,Low,Forest,Low,
37.2970086,-122.0054504,95070,0.268768215,0.897509029,0.305753987,1,0.3,1,,,,,,,Low,Low,Forest,Low,
37.29948853,-122.007479,95070,0.268768215,0.865267313,0.208632807,1,0.3,1,,,,,,,Low,Low,Forest,Low,
37.29991058,-122.0153837,95070,0.268768215,0.690899086,0.228583653,1,0.3,1,,,,,,,Low,Low,Forest,Low,
37.29991058,-122.0134168,95070,0.268768215,0.703102611,0.228941175,1,0.3,1,,,,,,,Low,Low,Forest,Low,
37.29991058,-122.0096606,95070,0.268768215,0.793396571,0.165372371,1,0.3,1,,,,,,,Low,Low,Forest,Low,
37.30156605,-122.0138364,95070,0.268768215,0.758348288,0.063948426,1,0.3,1,,,,,,,Low,Low,Forest,Low,
37.30337946,-122.0197788,95070,0.268768215,0.874404536,0.187647179,1,0.3,1,,,,,,,Low,Low,Forest,Low,
37.30337946,-122.0087545,95070,0.268768215,0.934846347,0.243331945,1,0.3,1,,,,,,,Low,Low,Forest,Low,
37.30575103,-122.0093566,95070,0.268768215,0.993803167,0.138252151,1,0.3,1,,,,,,,Low,Low,Forest,Low,
37.2761554,-122.0146761,95070,0.268768215,0.184544627,0.030661131,1,1,0,,,,,,,Low,Low,Forest,High,
37.2803671,-122.014639,95070,0.268768215,0.052533365,0.007673485,1,1,0,,,,,,,Low,Low,Forest,High,
37.2776272,-122.0157497,95070,0.268768215,0.129073162,0.021001664,1,1,0,,,,,,,Low,Low,Forest,High,
37.2777964,-122.0213324,95070,0.268768215,0.433045529,0.073933582,1,1,0,,,,,,,Low,Low,Forest,High,
37.2777927,-122.0198096,95070,0.268768215,0.333198727,0.056546861,1,1,0,,,,,,,Low,Low,Forest,High,
37.2776294,-122.0143476,95070,0.268768215,0.141786308,0.023215455,1,1,0,,,,,,,Low,Low,Forest,High,
37.2765438,-122.170425,95070,0.268768215,0.362432964,0.061637535,1,1,0,,,,,,,Low,Low,Forest,High,
37.2785666,-122.0230772,95070,0.268768215,0.544532028,0.09334717,1,1,0,,,,,,,Low,Low,Forest,High,
37.2780842,-122.0231375,95070,0.268768215,0.551847094,0.094620971,1,1,0,,,,,,,Low,Low,Forest,High,
37.2776216,-122.0163341,95070,0.268768215,0.144258241,0.023645903,1,1,0,,,,,,,Low,Low,Forest,High,
37.2777975,-122.018675,95070,0.268768215,0.261433247,0.044050053,1,1,0,,,,,,,Low,Low,Forest,High,
37.2795659,-122.0214041,95070,0.268768215,0.424763709,0.072491436,1,1,0,,,,,,,Low,Low,Forest,High,
37.2796796,-122.0145437,95070,0.268768215,0.072845989,0.011210603,1,1,0,,,,,,,Low,Low,Forest,High,
37.2762184,-122.0144616,95070,0.268768215,0.186405344,0.030985145,1,1,0,,,,,,,Low,Low,Forest,High,
37.2776195,-122.0151656,95070,0.268768215,0.126065146,0.020477867,1,1,0,,,,,,,Low,Low,Forest,High,
37.2777927,-122.018104,95070,0.268768215,0.227121233,0.038075165,1,1,0,,,,,,,Low,Low,Forest,High,
37.2795579,-121.9975076,95070,0.268768215,1.231137341,0.212908485,1,1,1,,,,,,,Low,Low,Forest,High,
37.28163919,-122.0182962,95070,0.268768215,0.207641769,0.273870683,1,1,1,,,,,,,Low,Low,Forest,High,
37.28163919,-121.9929881,95070,0.268768215,1.542360395,0.16210292,1,1,1,,,,,,,Low,Low,Forest,High,
37.282985,-122.0207342,95070,0.268768215,0.381616958,0.181027462,1,1,1,,,,,,,Low,Low,Forest,High,
37.282985,-122.0049873,95070,0.268768215,0.716605365,0.084948944,1,1,1,,,,,,,Low,Low,Forest,High,
37.28388274,-122.0206709,95070,0.268768215,0.384855317,0.218392403,1,1,1,,,,,,,Low,Low,Forest,High,
37.28388274,-121.9927663,95070,0.268768215,1.560985044,0.123782268,1,1,1,,,,,,,Low,Low,Forest,High,
37.28646281,-122.013952,95070,0.268768215,0.219266313,0.156535107,1,1,1,,,,,,,Low,Low,Forest,High,
37.28646281,-122.0083862,95070,0.268768215,0.517698905,0.181390969,1,1,1,,,,,,,Low,Low,Forest,High,
37.28646281,-122.003483,95070,0.268768215,0.840740891,0.190798825,1,1,1,,,,,,,Low,Low,Forest,High,
37.28646281,-121.9982881,95070,0.268768215,1.19258028,0.16572989,1,1,1,,,,,,,Low,Low,Forest,High,
37.28646281,-121.9964368,95070,0.268768215,1.318891991,0.165694314,1,1,1,,,,,,,Low,Low,Forest,High,
37.28646281,-121.9963932,95070,0.268768215,1.32187049,0.142540461,1,1,1,,,,,,,Low,Low,Forest,High,
37.28646281,-121.9961854,95070,0.268768215,1.336068281,0.111695496,1,1,1,,,,,,,Low,Low,Forest,High,
37.28886784,-122.0184364,95070,0.268768215,0.358825753,0.084122302,1,1,1,,,,,,,Low,Low,Forest,High,
37.2890735,-122.017737,95070,0.268768215,0.338473747,0.308239363,1,1,1,,,,,,,Low,Low,Forest,High,
37.2890735,-122.0100787,95070,0.268768215,0.465718096,0.218149161,1,1,1,,,,,,,Low,Low,Forest,High,
37.2890735,-121.99916,95070,0.268768215,1.153787705,0.133743727,1,1,1,,,,,,,Low,Low,Forest,High,
37.2906222,-122.0199575,95070,0.268768215,0.475601266,0.072223415,1,1,1,,,,,,,Low,Low,Forest,High,
37.2906222,-122.0030388,95070,0.268768215,0.917357713,0.150194027,1,1,1,,,,,,,Low,Low,Forest,High,
37.2906222,-122.0020559,95070,0.268768215,0.98046079,0.168613176,1,1,1,,,,,,,Low,Low,Forest,High,
37.29305965,-122.0152492,95070,0.268768215,0.439934383,0.243576941,1,1,1,,,,,,,Low,Low,Forest,High,
37.29544619,-122.0039812,95070,0.268768215,0.943653663,0.034683129,1,1,1,,,,,,,Low,Low,Forest,High,
37.2970086,-122.0127102,95070,0.268768215,0.61147971,0.187198399,1,1,1,,,,,,,Low,Low,Forest,High,
37.29948853,-122.0184144,95070,0.268768215,0.708744433,0.295284908,1,1,1,,,,,,,Low,Low,Forest,High,
37.29948853,-122.0137364,95070,0.268768215,0.684070567,0.257345278,1,1,1,,,,,,,Low,Low,Forest,High,
37.29948853,-122.0028152,95070,0.268768215,1.095952116,0.188009595,1,1,1,,,,,,,Low,Low,Forest,High,
37.29972048,-122.0112796,95070,0.268768215,0.738338357,0.17565557,1,1,1,,,,,,,Low,Low,Forest,High,
37.29972048,-122.010686,95070,0.268768215,0.754750772,0.176393248,1,1,1,,,,,,,Low,Low,Forest,High,
37.30156605,-122.0210155,95070,0.268768215,0.848786205,0.06911969,1,1,1,,,,,,,Low,Low,Forest,High,
37.30156605,-122.0148933,95070,0.268768215,0.752061369,0.066233525,1,1,1,,,,,,,Low,Low,Forest,High,
37.30156605,-122.0133618,95070,0.268768215,0.763430773,0.092569172,1,1,1,,,,,,,Low,Low,Forest,High,
37.30575103,-122.0162297,95070,0.268768215,0.907077345,0.20974553,1,1,1,,,,,,,Low,Low,Forest,High,
37.30575103,-122.0110563,95070,0.268768215,0.951258825,0.158315212,1,1,1,,,,,,,Low,Low,Forest,High,
37.30723791,-122.0137933,95070,0.268768215,0.964959394,0.148662809,1,1,1,,,,,,,Low,Low,Forest,High,
37.30950653,-122.0124331,95070,0.268768215,1.061105618,0.192506436,1,1,1,,,,,,,Low,Low,Forest,High,
37.30981285,-122.0121133,95070,0.268768215,1.076437724,0.155907984,1,1,1,,,,,,,Low,Low,Forest,High,
37.2791201,-122.0169299,95070,0.268768215,0.132550327,0.021607157,1,0.7,0,,,,,,,Low,Low,Forest,Medium,
37.2776046,-122.0151653,95070,0.268768215,0.12661092,0.020572904,1,0.7,0,,,,,,,Low,Low,Forest,Medium,
37.2777932,-122.0192406,95070,0.268768215,0.296817345,0.050211626,1,0.7,0,,,,,,,Low,Low,Forest,Medium,
37.2786135,-122.0186063,95070,0.268768215,0.244805275,0.041154558,1,0.7,0,,,,,,,Low,Low,Forest,Medium,
37.2774861,-122.0145025,95070,0.268768215,0.141920914,0.023238895,1,0.7,0,,,,,,,Low,Low,Forest,Medium,
37.2777961,-122.0220298,95070,0.268768215,0.479558752,0.082033115,1,0.7,0,,,,,,,Low,Low,Forest,Medium,
37.2789553,-122.014526,95070,0.268768215,0.093839557,0.014866297,1,0.7,0,,,,,,,Low,Low,Forest,Medium,
37.2777897,-122.0209197,95070,0.268768215,0.405778765,0.069185512,1,0.7,0,,,,,,,Low,Low,Forest,Medium,
37.2759486,-122.0166566,95070,0.268768215,0.20885678,0.034894703,1,0.7,0,,,,,,,Low,Low,Forest,Medium,
37.2768445,-122.0159938,95070,0.268768215,0.161209893,0.026597761,1,0.7,0,,,,,,,Low,Low,Forest,Medium,
37.2768258,-122.0144954,95070,0.268768215,0.164613907,0.027190516,1,0.7,0,,,,,,,Low,Low,Forest,Medium,
37.2777943,-122.0225769,95070,0.268768215,0.516276097,0.088426852,1,0.7,0,,,,,,,Low,Low,Forest,Medium,
37.2777081,-122.0176795,95070,0.268768215,0.204590996,0.034151885,1,0.7,0,,,,,,,Low,Low,Forest,Medium,
37.2795579,-122.0188834,95070,0.268768215,0.253070749,0.042593858,1,0.7,1,,,,,,,Low,Low,Forest,Medium,
37.2795579,-122.013054,95070,0.268768215,0.165025075,0.027262114,1,0.7,1,,,,,,,Low,Low,Forest,Medium,
37.2795579,-122.0101894,95070,0.268768215,0.357842722,0.060838218,1,0.7,1,,,,,,,Low,Low,Forest,Medium,
37.2795579,-122.0024453,95070,0.268768215,0.890419774,0.153577979,1,0.7,1,,,,,,,Low,Low,Forest,Medium,
37.2795579,-121.9928472,95070,0.268768215,1.552907848,0.268939663,1,0.7,1,,,,,,,Low,Low,Forest,Medium,
37.28163919,-122.0206912,95070,0.268768215,0.372632169,0.288509632,1,0.7,1,,,,,,,Low,Low,Forest,Medium,
37.28163919,-122.0144962,95070,0.268768215,0.060056947,0.228787095,1,0.7,1,,,,,,,Low,Low,Forest,Medium,
37.28163919,-121.9996299,95070,0.268768215,1.083491913,0.166513016,1,0.7,1,,,,,,,Low,Low,Forest,Medium,
37.282985,-122.0057054,95070,0.268768215,0.667247635,0.131612705,1,0.7,1,,,,,,,Low,Low,Forest,Medium,
37.282985,-122.0048545,95070,0.268768215,0.725737115,0.076928576,1,0.7,1,,,,,,,Low,Low,Forest,Medium,
37.282985,-121.99554,95070,0.268768215,1.367715606,0.177728052,1,0.7,1,,,,,,,Low,Low,Forest,Medium,
37.28646281,-122.0170968,95070,0.268768215,0.233661247,0.142944977,1,0.7,1,,,,,,,Low,Low,Forest,Medium,
37.28646281,-121.9978051,95070,0.268768215,1.225502546,0.156454922,1,0.7,1,,,,,,,Low,Low,Forest,Medium,
37.28886784,-122.0104044,95070,0.268768215,0.443585324,0.085194684,1,0.7,1,,,,,,,Low,Low,Forest,Medium,
37.28886784,-122.0057413,95070,0.268768215,0.720343866,0.133228442,1,0.7,1,,,,,,,Low,Low,Forest,Medium,
37.28886784,-122.0053237,95070,0.268768215,0.746909055,0.157572712,1,0.7,1,,,,,,,Low,Low,Forest,Medium,
37.28886784,-122.0003524,95070,0.268768215,1.072282903,0.252569295,1,0.7,1,,,,,,,Low,Low,Forest,Medium,
37.28886784,-122.0002943,95070,0.268768215,1.076152199,0.280818074,1,0.7,1,,,,,,,Low,Low,Forest,Medium,
37.2906222,-122.0137201,95070,0.268768215,0.367374469,0.097078458,1,0.7,1,,,,,,,Low,Low,Forest,Medium,
37.2906222,-122.0129634,95070,0.268768215,0.386218314,0.119194555,1,0.7,1,,,,,,,Low,Low,Forest,Medium,
37.2906222,-122.0091848,95070,0.268768215,0.549450781,0.147375377,1,0.7,1,,,,,,,Low,Low,Forest,Medium,
37.29305965,-122.0095971,95070,0.268768215,0.59091405,0.302123122,1,0.7,1,,,,,,,Low,Low,Forest,Medium,
37.29544619,-122.0000425,95070,0.268768215,1.179196082,0.008983596,1,0.7,1,,,,,,,Low,Low,Forest,Medium,
37.29948853,-122.0053695,95070,0.268768215,0.963119165,0.202811244,1,0.7,1,,,,,,,Low,Low,Forest,Medium,
37.29972048,-122.0151774,95070,0.268768215,0.683972191,0.184664831,1,0.7,1,,,,,,,Low,Low,Forest,Medium,
37.29972048,-122.0115752,95070,0.268768215,0.730886741,0.181436321,1,0.7,1,,,,,,,Low,Low,Forest,Medium,
37.29972048,-122.0070421,95070,0.268768215,0.890954696,0.199194589,1,0.7,1,,,,,,,Low,Low,Forest,Medium,
37.29972048,-122.0033346,95070,0.268768215,1.07330982,0.202803167,1,0.7,1,,,,,,,Low,Low,Forest,Medium,
37.29991058,-122.01061,95070,0.268768215,0.76328348,0.206538009,1,0.7,1,,,,,,,Low,Low,Forest,Medium,
37.29991058,-122.0079147,95070,0.268768215,0.859155965,0.097689904,1,0.7,1,,,,,,,Low,Low,Forest,Medium,
37.30156605,-122.0108923,95070,0.268768215,0.811038768,0.099413473,1,0.7,1,,,,,,,Low,Low,Forest,Medium,
37.30156605,-122.0046729,95070,0.268768215,1.050987313,0.162533811,1,0.7,1,,,,,,,Low,Low,Forest,Medium,
37.30337946,-122.0158185,95070,0.268768215,0.818717555,0.229615532,1,0.7,1,,,,,,,Low,Low,Forest,Medium,
37.30337946,-122.0105738,95070,0.268768215,0.880871626,0.270230086,1,0.7,1,,,,,,,Low,Low,Forest,Medium,
37.30575103,-122.0076089,95070,0.268768215,1.049523395,0.135855583,1,0.7,1,,,,,,,Low,Low,Forest,Medium,
37.30723791,-122.0179562,95070,0.268768215,0.976630169,0.140575972,1,0.7,1,,,,,,,Low,Low,Forest,Medium,
37.30723791,-122.0130552,95070,0.268768215,0.971802586,0.169725901,1,0.7,1,,,,,,,Low,Low,Forest,Medium,
37.30950653,-122.0124787,95070,0.268768215,1.060521042,0.181887636,1,0.7,1,,,,,,,Low,Low,Forest,Medium,
37.30950653,-122.0116847,95070,0.268768215,1.071978372,0.161106379,1,0.7,1,,,,,,,Low,Low,Forest,Medium,
37.29305965,-122.0063498,95070,0.268768215,0.759325551,0.333453854,1,0.3,1,,,,,,,Low,Medium,Forest,Low,
37.29544619,-122.0168239,95070,0.268768215,0.537660605,0.338266001,1,0.3,1,,,,,,,Low,Medium,Forest,Low,
37.29544619,-122.012509,95070,0.268768215,0.561653229,0.352929002,1,0.3,1,,,,,,,Low,Medium,Forest,Low,
37.29305965,-121.99978,95070,0.268768215,1.159555718,0.362655573,1,0.7,1,,,,,,,Low,Medium,Forest,Medium,
37.29544619,-122.0168423,95070,0.268768215,0.537909969,0.335797502,1,0.7,1,,,,,,,Low,Medium,Forest,Medium,
37.29544619,-122.0119701,95070,0.268768215,0.575532022,0.356008695,1,0.7,1,,,,,,,Low,Medium,Forest,Medium,
37.29544619,-122.0174039,95070,0.268768215,0.546889874,0.34306474,1,1,1,,,,,,,Low,Medium,Forest,High,
37.2795579,-121.9862343,95032,0.22024123,1.665292398,0.141955386,1,1,1,,,,,,,Low,Low,Forest,High,
37.2795579,-121.9798028,95032,0.22024123,1.322323508,0.145992609,1,1,1,,,,,,,Low,Low,Forest,High,
37.2795579,-121.9766085,95032,0.22024123,1.177468182,0.154142155,1,1,1,,,,,,,Low,Low,Forest,High,
37.2795579,-121.9707411,95032,0.22024123,0.987497316,0.12900988,1,1,1,,,,,,,Low,Low,Forest,High,
37.2795579,-121.9695123,95032,0.22024123,0.964701872,0.101134837,1,1,1,,,,,,,Low,Low,Forest,High,
37.2795579,-121.9556141,95032,0.22024123,1.196285982,0.078804708,1,1,1,,,,,,,Low,Low,Forest,High,
37.2795579,-121.9527805,95032,0.22024123,1.326460338,0.084911497,1,1,1,,,,,,,Low,Low,Forest,High,
37.28163919,-121.9820406,95032,0.22024123,1.48632472,0.138312138,1,1,1,,,,,,,Low,Low,Forest,High,
37.28163919,-121.9578342,95032,0.22024123,1.173105484,0.277542392,1,1,1,,,,,,,Low,Low,Forest,High,
37.282985,-121.9801823,95032,0.22024123,1.431567911,0.193803979,1,1,1,,,,,,,Low,Low,Forest,High,
37.28388274,-121.9828077,95032,0.22024123,1.581306968,0.124824597,1,1,1,,,,,,,Low,Low,Forest,High,
37.28388274,-121.9810078,95032,0.22024123,1.494272053,0.176785332,1,1,1,,,,,,,Low,Low,Forest,High,
37.28388274,-121.9707533,95032,0.22024123,1.139285848,0.114716127,1,1,1,,,,,,,Low,Low,Forest,High,
37.28388274,-121.9657169,95032,0.22024123,1.098409782,0.131463651,1,1,1,,,,,,,Low,Low,Forest,High,
37.28388274,-121.9608868,95032,0.22024123,1.16030852,0.158457043,1,1,1,,,,,,,Low,Low,Forest,High,
37.28646281,-121.9630212,95032,0.22024123,1.213729082,0.184663925,1,1,1,,,,,,,Low,Low,Forest,High,
37.28646281,-121.9564177,95032,0.22024123,1.374822371,0.195354242,1,1,1,,,,,,,Low,Low,Forest,High,
37.28886784,-121.9792773,95032,0.22024123,1.561533717,0.199542381,1,1,1,,,,,,,Low,Low,Forest,High,
37.28886784,-121.9765238,95032,0.22024123,1.460894458,0.170394954,1,1,1,,,,,,,Low,Low,Forest,High,
37.28886784,-121.971467,95032,0.22024123,1.328218428,0.159441489,1,1,1,,,,,,,Low,Low,Forest,High,
37.28886784,-121.9707978,95032,0.22024123,1.316620009,0.062786067,1,1,1,,,,,,,Low,Low,Forest,High,
37.28886784,-121.9705326,95032,0.22024123,1.312446068,0.067444202,1,1,1,,,,,,,Low,Low,Forest,High,
37.28886784,-121.9675015,95032,0.22024123,1.282496085,0.121353653,1,1,1,,,,,,,Low,Low,Forest,High,
37.28886784,-121.9622746,95032,0.22024123,1.310290386,0.154565202,1,1,1,,,,,,,Low,Low,Forest,High,
37.28886784,-121.9610837,95032,0.22024123,1.330327507,0.178992599,1,1,1,,,,,,,Low,Low,Forest,High,
37.28886784,-121.9558974,95032,0.22024123,1.469048763,0.222198476,1,1,1,,,,,,,Low,Low,Forest,High,
37.2890735,-121.979548,95032,0.22024123,1.578455871,0.253876639,1,1,1,,,,,,,Low,Low,Forest,High,
37.2890735,-121.9653516,95032,0.22024123,1.289251109,0.188372568,1,1,1,,,,,,,Low,Low,Forest,High,
37.2906222,-121.9675422,95032,0.22024123,1.346725975,0.174953502,1,1,1,,,,,,,Low,Low,Forest,High,
37.29305965,-121.9750491,95032,0.22024123,1.554745842,0.134441195,1,1,1,,,,,,,Low,Low,Forest,High,
37.29305965,-121.9627398,95032,0.22024123,1.454608926,0.059912931,1,1,1,,,,,,,Low,Low,Forest,High,
37.29544619,-121.9720613,95032,0.22024123,1.571318775,0.115486402,1,1,1,,,,,,,Low,Low,Forest,High,
37.29544619,-121.9618826,95032,0.22024123,1.551335154,0.155081256,1,1,1,,,,,,,Low,Low,Forest,High,
37.29544619,-121.9614987,95032,0.22024123,1.556806867,0.171898855,1,1,1,,,,,,,Low,Low,Forest,High,
37.29544619,-121.9604455,95032,0.22024123,1.574017491,0.193119805,1,1,1,,,,,,,Low,Low,Forest,High,
37.2970086,-121.9614923,95032,0.22024123,1.612763907,0.280710491,1,1,1,,,,,,,Low,Low,Forest,High,
37.29948853,-121.9597805,95032,0.22024123,1.728729988,0.303196611,1,1,1,,,,,,,Low,Low,Forest,High,
37.2795579,-121.8046824,95138,0.165815162,1.261232996,0.267014236,1,1,1,,,,,,,Low,Low,Forest,High,
37.2795579,-121.7970786,95138,0.165815162,0.776517524,0.257857843,1,1,1,,,,,,,Low,Low,Forest,High,
37.2795579,-121.7742537,95138,0.165815162,0.976762465,0.07220546,1,1,1,,,,,,,Low,Low,Forest,High,
37.2795579,-121.7626511,95138,0.165815162,1.743470647,0.099057337,1,1,1,,,,,,,Low,Low,Forest,High,
37.28163919,-121.80241,95138,0.165815162,1.140613677,0.162874753,1,1,1,,,,,,,Low,Low,Forest,High,
37.28163919,-121.7877446,95138,0.165815162,0.456751583,0.236621105,1,1,1,,,,,,,Low,Low,Forest,High,
37.282985,-121.8021871,95138,0.165815162,1.147205904,0.067277609,1,1,1,,,,,,,Low,Low,Forest,High,
37.282985,-121.79166,95138,0.165815162,0.588513474,0.069254818,1,1,1,,,,,,,Low,Low,Forest,High,
37.282985,-121.7787956,95138,0.165815162,0.773325217,0.186474825,1,1,1,,,,,,,Low,Low,Forest,High,
37.282985,-121.7676769,95138,0.165815162,1.445243325,0.251322622,1,1,1,,,,,,,Low,Low,Forest,High,
37.28388274,-121.8059599,95138,0.165815162,1.398310337,0.178968434,1,1,1,,,,,,,Low,Low,Forest,High,
37.28388274,-121.7997088,95138,0.165815162,1.013214672,0.155424993,1,1,1,,,,,,,Low,Low,Forest,High,
37.28646281,-121.7979677,95138,0.165815162,0.971671194,0.138524861,1,1,1,,,,,,,Low,Low,Forest,High,
37.28646281,-121.7906603,95138,0.165815162,0.673099502,0.195588996,1,1,1,,,,,,,Low,Low,Forest,High,
37.28646281,-121.7904382,95138,0.165815162,0.667923226,0.22470239,1,1,1,,,,,,,Low,Low,Forest,High,
37.28646281,-121.7823389,95138,0.165815162,0.717477575,0.30134169,1,1,1,,,,,,,Low,Low,Forest,High,
37.28886784,-121.7801433,95138,0.165815162,0.871463725,0.156478628,1,1,1,,,,,,,Low,Low,Forest,High,
37.28886784,-121.7733535,95138,0.165815162,1.200834288,0.171580541,1,1,1,,,,,,,Low,Low,Forest,High,
37.2890735,-121.8003412,95138,0.165815162,1.158615609,0.181283326,1,1,1,,,,,,,Low,Low,Forest,High,
37.2890735,-121.7959696,95138,0.165815162,0.942460497,0.136690486,1,1,1,,,,,,,Low,Low,Forest,High,
37.2890735,-121.7723846,95138,0.165815162,1.259407158,0.216717845,1,1,1,,,,,,,Low,Low,Forest,High,
37.2890735,-121.7717967,95138,0.165815162,1.292808369,0.223598693,1,1,1,,,,,,,Low,Low,Forest,High,
37.2890735,-121.7659265,95138,0.165815162,1.644247652,0.254572582,1,1,1,,,,,,,Low,Low,Forest,High,
37.2906222,-121.7990821,95138,0.165815162,1.130465166,0.289111226,1,1,1,,,,,,,Low,Low,Forest,High,
37.2906222,-121.7875273,95138,0.165815162,0.782765997,0.119709029,1,1,1,,,,,,,Low,Low,Forest,High,
37.2906222,-121.7752186,95138,0.165815162,1.143018357,0.093342043,1,1,1,,,,,,,Low,Low,Forest,High,
37.2906222,-121.761485,95138,0.165815162,1.946326161,0.129576571,1,1,1,,,,,,,Low,Low,Forest,High,
37.2906222,-121.758301,95138,0.165815162,2.149586517,0.164889845,1,1,1,,,,,,,Low,Low,Forest,High,
37.29305965,-121.7818316,95138,0.165815162,0.94901458,0.141107326,1,1,1,,,,,,,Low,Low,Forest,High,
37.29305965,-121.7623053,95138,0.165815162,1.932875255,0.185675593,1,1,1,,,,,,,Low,Low,Forest,High,
37.29305965,-121.7620037,95138,0.165815162,1.951500282,0.163958356,1,1,1,,,,,,,Low,Low,Forest,High,
37.29544619,-121.7857326,95138,0.165815162,0.964064602,0.05871709,1,1,1,,,,,,,Low,Low,Forest,High,
37.29544619,-121.7822224,95138,0.165815162,1.019773634,0.02905785,1,1,1,,,,,,,Low,Low,Forest,High,
37.29544619,-121.7798494,95138,0.165815162,1.086879571,0.075529908,1,1,1,,,,,,,Low,Low,Forest,High,
37.29544619,-121.7779087,95138,0.165815162,1.156240598,0.084514891,1,1,1,,,,,,,Low,Low,Forest,High,
37.29544619,-121.7713428,95138,0.165815162,1.459434463,0.085059972,1,1,1,,,,,,,Low,Low,Forest,High,
37.2970086,-121.7805712,95138,0.165815162,1.115709986,0.018807599,1,1,1,,,,,,,Low,Low,Forest,High,
37.2970086,-121.7721832,95138,0.165815162,1.455209427,0.054343731,1,1,1,,,,,,,Low,Low,Forest,High,
37.2970086,-121.7679507,95138,0.165815162,1.677226339,0.151018268,1,1,1,,,,,,,Low,Low,Forest,High,
37.2970086,-121.7659768,95138,0.165815162,1.787712601,0.229029344,1,1,1,,,,,,,Low,Low,Forest,High,
37.2970086,-121.7627594,95138,0.165815162,1.974755887,0.245261277,1,1,1,,,,,,,Low,Low,Forest,High,
37.2970086,-121.7527766,95138,0.165815162,2.590822843,0.105977156,1,1,1,,,,,,,Low,Low,Forest,High,
37.29948853,-121.7804389,95138,0.165815162,1.201962807,0.119237518,1,1,1,,,,,,,Low,Low,Forest,High,
37.29948853,-121.7654139,95138,0.165815162,1.871678064,0.300405532,1,1,1,,,,,,,Low,Low,Forest,High,
37.29972048,-121.7638797,95138,0.165815162,1.963004467,0.16655786,1,1,1,,,,,,,Low,Low,Forest,High,
37.29972048,-121.7556262,95138,0.165815162,2.454050286,0.179421253,1,1,1,,,,,,,Low,Low,Forest,High,
37.29991058,-121.782112,95138,0.165815162,1.17604129,0.1603727,1,1,1,,,,,,,Low,Low,Forest,High,
37.30156605,-121.7783496,95138,0.165815162,1.332198338,0.127284229,1,1,1,,,,,,,Low,Low,Forest,High,
37.30156605,-121.7753113,95138,0.165815162,1.441431952,0.130132019,1,1,1,,,,,,,Low,Low,Forest,High,
37.30156605,-121.774752,95138,0.165815162,1.463934882,0.138201227,1,1,1,,,,,,,Low,Low,Forest,High,
37.30156605,-121.7712526,95138,0.165815162,1.618634912,0.15222081,1,1,1,,,,,,,Low,Low,Forest,High,
37.30156605,-121.7681547,95138,0.165815162,1.771925138,0.170844551,1,1,1,,,,,,,Low,Low,Forest,High,
37.30156605,-121.7636941,95138,0.165815162,2.012226228,0.174720351,1,1,1,,,,,,,Low,Low,Forest,High,
37.30575103,-121.7602884,95138,0.165815162,2.292144643,0.112556252,1,1,1,,,,,,,Low,Low,Forest,High,
37.30575103,-121.7551582,95138,0.165815162,2.58871928,0.159212129,1,1,1,,,,,,,Low,Low,Forest,High,
37.30723791,-121.7703546,95138,0.165815162,1.81415598,0.202273093,1,1,1,,,,,,,Low,Low,Forest,High,
37.30723791,-121.7659036,95138,0.165815162,2.026022971,0.19016706,1,1,1,,,,,,,Low,Low,Forest,High,
37.30723791,-121.7517593,95138,0.165815162,2.818865841,0.163913726,1,1,1,,,,,,,Low,Low,Forest,High,
37.30933908,-121.7544351,95138,0.165815162,2.700122945,0.018003929,1,1,1,,,,,,,Low,Low,Forest,High,
37.30950653,-121.7624912,95138,0.165815162,2.256638054,0.077806087,1,1,1,,,,,,,Low,Low,Forest,High,
37.30950653,-121.7596096,95138,0.165815162,2.411204868,0.076733152,1,1,1,,,,,,,Low,Low,Forest,High,
37.30950653,-121.7528814,95138,0.165815162,2.794139227,0.096651147,1,1,1,,,,,,,Low,Low,Forest,High,
37.30981285,-121.7682438,95138,0.165815162,1.980431864,0.055061527,1,1,1,,,,,,,Low,Low,Forest,High,
37.30981285,-121.7639881,95138,0.165815162,2.186731662,0.0875498,1,1,1,,,,,,,Low,Low,Forest,High,
37.3125031,-121.7652008,95138,0.165815162,2.195144773,0.163700437,1,1,1,,,,,,,Low,Low,Forest,High,
37.3125031,-121.7637152,95138,0.165815162,2.267657495,0.181775344,1,1,1,,,,,,,Low,Low,Forest,High,
37.31463554,-121.7623594,95138,0.165815162,2.388924906,0.25662336,1,1,1,,,,,,,Low,Low,Forest,High,
37.3149789,-121.7568774,95138,0.165815162,2.682525523,0.162833773,1,1,1,,,,,,,Low,Low,Forest,High,
37.31650416,-121.7470052,95138,0.165815162,3.27329649,0.111735571,1,1,1,,,,,,,Low,Low,Forest,High,
37.2795579,-121.7423642,95013,0.000702272,1.951028528,0.206448265,1,1,1,,,,,,,Low,Low,Forest,High,
37.2795579,-121.7346663,95013,0.000702272,2.052919577,0.270816018,1,1,1,,,,,,,Low,Low,Forest,High,
37.29305965,-121.7447684,95013,0.000702272,2.427882522,0.159402631,1,1,1,,,,,,,Low,Low,Forest,High,
37.29305965,-121.7338941,95013,0.000702272,2.542822274,0.179716293,1,1,1,,,,,,,Low,Low,Forest,High,
37.29948853,-121.7466608,95013,0.000702272,2.660951636,0.12354536,1,1,1,,,,,,,Low,Low,Forest,High,
37.29948853,-121.7406657,95013,0.000702272,2.684638657,0.121125458,1,1,1,,,,,,,Low,Low,Forest,High,
37.29948853,-121.7401949,95013,0.000702272,2.689193667,0.115376991,1,1,1,,,,,,,Low,Low,Forest,High,
37.29948853,-121.7398816,95013,0.000702272,2.692438407,0.113332449,1,1,1,,,,,,,Low,Low,Forest,High,
37.29972048,-121.7503861,95013,0.000702272,2.686972111,0.121366528,1,1,1,,,,,,,Low,Low,Forest,High,
37.29972048,-121.7394911,95013,0.000702272,2.70503863,0.144737765,1,1,1,,,,,,,Low,Low,Forest,High,
37.30337946,-121.748209,95013,0.000702272,2.806502544,0.195542142,1,1,1,,,,,,,Low,Low,Forest,High,
37.30575103,-121.7494689,95013,0.000702272,2.898754595,0.212129755,1,1,1,,,,,,,Low,Low,Forest,High,
37.30933908,-121.7483034,95013,0.000702272,3.023206392,0.242446487,1,1,1,,,,,,,Low,Low,Forest,High,
37.2795579,-121.9847421,95032,0.22024123,1.581225235,0.14247923,1,0.7,1,,,,,,,Low,Low,Forest,Medium,
37.2795579,-121.9596081,95032,0.22024123,1.048054048,0.066858303,1,0.7,1,,,,,,,Low,Low,Forest,Medium,
37.28163919,-121.9748345,95032,0.22024123,1.173151871,0.175729836,1,0.7,1,,,,,,,Low,Low,Forest,Medium,
37.28163919,-121.9711635,95032,0.22024123,1.068942379,0.203419032,1,0.7,1,,,,,,,Low,Low,Forest,Medium,
37.28163919,-121.9647431,95032,0.22024123,1.021441124,0.311992465,1,0.7,1,,,,,,,Low,Low,Forest,Medium,
37.28163919,-121.9584503,95032,0.22024123,1.152382489,0.292558454,1,0.7,1,,,,,,,Low,Low,Forest,Medium,
37.28163919,-121.9541032,95032,0.22024123,1.321155202,0.277252862,1,0.7,1,,,,,,,Low,Low,Forest,Medium,
37.28163919,-121.9540568,95032,0.22024123,1.323208344,0.266291848,1,0.7,1,,,,,,,Low,Low,Forest,Medium,
37.282985,-121.9749072,95032,0.22024123,1.218462614,0.151999031,1,0.7,1,,,,,,,Low,Low,Forest,Medium,
37.282985,-121.9649643,95032,0.22024123,1.068937175,0.108607535,1,0.7,1,,,,,,,Low,Low,Forest,Medium,
37.282985,-121.9608422,95032,0.22024123,1.130328511,0.078061612,1,0.7,1,,,,,,,Low,Low,Forest,Medium,
37.28388274,-121.9805235,95032,0.22024123,1.471769391,0.016716543,1,0.7,1,,,,,,,Low,Low,Forest,Medium,
37.28388274,-121.9678067,95032,0.22024123,1.102296467,0.123310985,1,0.7,1,,,,,,,Low,Low,Forest,Medium,
37.28388274,-121.9549085,95032,0.22024123,1.351987529,0.286248773,1,0.7,1,,,,,,,Low,Low,Forest,Medium,
37.28646281,-121.9742436,95032,0.22024123,1.311333822,0.274625907,1,0.7,1,,,,,,,Low,Low,Forest,Medium,
37.28646281,-121.9702358,95032,0.22024123,1.222099673,0.261046655,1,0.7,1,,,,,,,Low,Low,Forest,Medium,
37.28646281,-121.9697133,95032,0.22024123,1.214642509,0.247810257,1,0.7,1,,,,,,,Low,Low,Forest,Medium,
37.28646281,-121.9676821,95032,0.22024123,1.195609532,0.210701384,1,0.7,1,,,,,,,Low,Low,Forest,Medium,
37.28646281,-121.9675256,95032,0.22024123,1.194814752,0.190209813,1,0.7,1,,,,,,,Low,Low,Forest,Medium,
37.2890735,-121.9719443,95032,0.22024123,1.344609625,0.242329619,1,0.7,1,,,,,,,Low,Low,Forest,Medium,
37.2906222,-121.9788848,95032,0.22024123,1.599709287,0.178299301,1,0.7,1,,,,,,,Low,Low,Forest,Medium,
37.2906222,-121.9733867,95032,0.22024123,1.429801088,0.186201716,1,0.7,1,,,,,,,Low,Low,Forest,Medium,
37.2906222,-121.9572898,95032,0.22024123,1.482224032,0.133405663,1,0.7,1,,,,,,,Low,Low,Forest,Medium,
37.2906222,-121.957257,95032,0.22024123,1.483180737,0.133436059,1,0.7,1,,,,,,,Low,Low,Forest,Medium,
37.29305965,-121.9698785,95032,0.22024123,1.454104286,0.097306821,1,0.7,1,,,,,,,Low,Low,Forest,Medium,
37.29305965,-121.968853,95032,0.22024123,1.443848515,0.059057995,1,0.7,1,,,,,,,Low,Low,Forest,Medium,
37.29305965,-121.9593903,95032,0.22024123,1.511391501,0.077347022,1,0.7,1,,,,,,,Low,Low,Forest,Medium,
37.29544619,-121.9663758,95032,0.22024123,1.520597829,0.130630022,1,0.7,1,,,,,,,Low,Low,Forest,Medium,
37.2970086,-121.9680805,95032,0.22024123,1.582383041,0.235481344,1,0.7,1,,,,,,,Low,Low,Forest,Medium,
37.29972048,-121.9607978,95032,0.22024123,1.719948268,0.317020484,1,0.7,1,,,,,,,Low,Low,Forest,Medium,
37.2795579,-121.8083831,95138,0.165815162,1.507038679,0.243081416,1,0.7,1,,,,,,,Low,Low,Forest,Medium,
37.2795579,-121.8040808,95138,0.165815162,1.22165813,0.295360755,1,0.7,1,,,,,,,Low,Low,Forest,Medium,
37.2795579,-121.8022282,95138,0.165815162,1.10071294,0.3129102,1,0.7,1,,,,,,,Low,Low,Forest,Medium,
37.2795579,-121.7812051,95138,0.165815162,0.565959715,0.17001933,1,0.7,1,,,,,,,Low,Low,Forest,Medium,
37.2795579,-121.7761946,95138,0.165815162,0.854800062,0.129288543,1,0.7,1,,,,,,,Low,Low,Forest,Medium,
37.2795579,-121.7676667,95138,0.165815162,1.407257224,0.092379889,1,0.7,1,,,,,,,Low,Low,Forest,Medium,
37.2795579,-121.7599893,95138,0.165815162,1.923393787,0.126307382,1,0.7,1,,,,,,,Low,Low,Forest,Medium,
37.28163919,-121.8094836,95138,0.165815162,1.600648093,0.22395963,1,0.7,1,,,,,,,Low,Low,Forest,Medium,
37.28163919,-121.8085316,95138,0.165815162,1.537702226,0.208344851,1,0.7,1,,,,,,,Low,Low,Forest,Medium,
37.28163919,-121.8071974,95138,0.165815162,1.449909069,0.173148705,1,0.7,1,,,,,,,Low,Low,Forest,Medium,
37.28163919,-121.8021066,95138,0.165815162,1.121425806,0.156328985,1,0.7,1,,,,,,,Low,Low,Forest,Medium,
37.28163919,-121.7981955,95138,0.165815162,0.881352343,0.161593699,1,0.7,1,,,,,,,Low,Low,Forest,Medium,
37.28163919,-121.7791095,95138,0.165815162,0.725297595,0.161396474,1,0.7,1,,,,,,,Low,Low,Forest,Medium,
37.28163919,-121.7740098,95138,0.165815162,1.023692748,0.105955782,1,0.7,1,,,,,,,Low,Low,Forest,Medium,
37.282985,-121.8098606,95138,0.165815162,1.640049288,0.041831895,1,0.7,1,,,,,,,Low,Low,Forest,Medium,
37.282985,-121.8086273,95138,0.165815162,1.559185315,0.026112074,1,0.7,1,,,,,,,Low,Low,Forest,Medium,
37.282985,-121.7987489,95138,0.165815162,0.939677282,0.099323716,1,0.7,1,,,,,,,Low,Low,Forest,Medium,
37.282985,-121.7932387,95138,0.165815162,0.65140327,0.08114623,1,0.7,1,,,,,,,Low,Low,Forest,Medium,
37.282985,-121.7858756,95138,0.165815162,0.513794166,0.00253304,1,0.7,1,,,,,,,Low,Low,Forest,Medium,
37.282985,-121.7730772,95138,0.165815162,1.103296482,0.230313216,1,0.7,1,,,,,,,Low,Low,Forest,Medium,
37.282985,-121.7717005,95138,0.165815162,1.188687836,0.263063055,1,0.7,1,,,,,,,Low,Low,Forest,Medium,
37.282985,-121.7652165,95138,0.165815162,1.60565007,0.21897388,1,0.7,1,,,,,,,Low,Low,Forest,Medium,
37.28388274,-121.8069961,95138,0.165815162,1.464671619,0.19622518,1,0.7,1,,,,,,,Low,Low,Forest,Medium,
37.28388274,-121.794344,95138,0.165815162,0.726041624,0.131098781,1,0.7,1,,,,,,,Low,Low,Forest,Medium,
37.28646281,-121.7964457,95138,0.165815162,0.894326727,0.15257591,1,0.7,1,,,,,,,Low,Low,Forest,Medium,
37.28646281,-121.79437,95138,0.165815162,0.799152866,0.165357186,1,0.7,1,,,,,,,Low,Low,Forest,Medium,
37.28646281,-121.7840598,95138,0.165815162,0.669163381,0.286690988,1,0.7,1,,,,,,,Low,Low,Forest,Medium,
37.28646281,-121.7802974,95138,0.165815162,0.794305921,0.321409563,1,0.7,1,,,,,,,Low,Low,Forest,Medium,
37.2890735,-121.7956817,95138,0.165815162,0.929907064,0.137670715,1,0.7,1,,,,,,,Low,Low,Forest,Medium,
37.2890735,-121.788125,95138,0.165815162,0.728569133,0.191218636,1,0.7,1,,,,,,,Low,Low,Forest,Medium,
37.2890735,-121.787287,95138,0.165815162,0.726203049,0.211327579,1,0.7,1,,,,,,,Low,Low,Forest,Medium,
37.2890735,-121.7664657,95138,0.165815162,1.610905042,0.244087404,1,0.7,1,,,,,,,Low,Low,Forest,Medium,
37.2906222,-121.7929863,95138,0.165815162,0.876428049,0.226231099,1,0.7,1,,,,,,,Low,Low,Forest,Medium,
37.2906222,-121.7817925,95138,0.165815162,0.869460454,0.092947017,1,0.7,1,,,,,,,Low,Low,Forest,Medium,
37.2906222,-121.769134,95138,0.165815162,1.477762979,0.096212851,1,0.7,1,,,,,,,Low,Low,Forest,Medium,
37.2906222,-121.7648416,95138,0.165815162,1.73647285,0.098150025,1,0.7,1,,,,,,,Low,Low,Forest,Medium,
37.2906222,-121.7568029,95138,0.165815162,2.246314183,0.18555957,1,0.7,1,,,,,,,Low,Low,Forest,Medium,
37.29305965,-121.7900435,95138,0.165815162,0.892042516,0.185970119,1,0.7,1,,,,,,,Low,Low,Forest,Medium,
37.29305965,-121.7888141,95138,0.165815162,0.877756939,0.150629426,1,0.7,1,,,,,,,Low,Low,Forest,Medium,
37.29305965,-121.7863304,95138,0.165815162,0.873734092,0.142616673,1,0.7,1,,,,,,,Low,Low,Forest,Medium,
37.29305965,-121.7814138,95138,0.165815162,0.960822284,0.147385701,1,0.7,1,,,,,,,Low,Low,Forest,Medium,
37.29544619,-121.7919849,95138,0.165815162,1.0119256,0.094638449,1,0.7,1,,,,,,,Low,Low,Forest,Medium,
37.2970086,-121.7868494,95138,0.165815162,1.015451853,0.018734152,1,0.7,1,,,,,,,Low,Low,Forest,Medium,
37.2970086,-121.7754446,95138,0.165815162,1.303240561,0.024709927,1,0.7,1,,,,,,,Low,Low,Forest,Medium,
37.2970086,-121.7699725,95138,0.165815162,1.56829229,0.094217278,1,0.7,1,,,,,,,Low,Low,Forest,Medium,
37.29948853,-121.7745482,95138,0.165815162,1.412392865,0.169059389,1,0.7,1,,,,,,,Low,Low,Forest,Medium,
37.29948853,-121.7736311,95138,0.165815162,1.452691198,0.208913301,1,0.7,1,,,,,,,Low,Low,Forest,Medium,
37.29948853,-121.7724843,95138,0.165815162,1.505320057,0.240662779,1,0.7,1,,,,,,,Low,Low,Forest,Medium,
37.30156605,-121.7535038,95138,0.165815162,2.615197728,0.201533996,1,0.7,1,,,,,,,Low,Low,Forest,Medium,
37.30337946,-121.7697305,95138,0.165815162,1.738983116,0.231899305,1,0.7,1,,,,,,,Low,Low,Forest,Medium,
37.30575103,-121.7667304,95138,0.165815162,1.947351147,0.099558505,1,0.7,1,,,,,,,Low,Low,Forest,Medium,
37.30575103,-121.7604974,95138,0.165815162,2.280412967,0.100196806,1,0.7,1,,,,,,,Low,Low,Forest,Medium,
37.30723791,-121.7701531,95138,0.165815162,1.823158316,0.204821714,1,0.7,1,,,,,,,Low,Low,Forest,Medium,
37.30723791,-121.7584778,95138,0.165815162,2.42553696,0.142832709,1,0.7,1,,,,,,,Low,Low,Forest,Medium,
37.30933908,-121.7653036,95138,0.165815162,2.108752245,0.229365953,1,0.7,1,,,,,,,Low,Low,Forest,Medium,
37.30933908,-121.7606685,95138,0.165815162,2.349829762,0.152845973,1,0.7,1,,,,,,,Low,Low,Forest,Medium,
37.30933908,-121.7597069,95138,0.165815162,2.402162959,0.077884795,1,0.7,1,,,,,,,Low,Low,Forest,Medium,
37.30950653,-121.7677683,95138,0.165815162,1.994166287,0.069432576,1,0.7,1,,,,,,,Low,Low,Forest,Medium,
37.30981285,-121.7706117,95138,0.165815162,1.875808857,0.085348628,1,0.7,1,,,,,,,Low,Low,Forest,Medium,
37.30981285,-121.7640834,95138,0.165815162,2.181891609,0.027884469,1,0.7,1,,,,,,,Low,Low,Forest,Medium,
37.30981285,-121.7630012,95138,0.165815162,2.237377866,0.08966181,1,0.7,1,,,,,,,Low,Low,Forest,Medium,
37.30981285,-121.7560279,95138,0.165815162,2.618032362,0.158102543,1,0.7,1,,,,,,,Low,Low,Forest,Medium,
37.3125031,-121.7628794,95138,0.165815162,2.309458236,0.247556806,1,0.7,1,,,,,,,Low,Low,Forest,Medium,
37.31650416,-121.7507314,95138,0.165815162,3.057472184,0.110075313,1,0.7,1,,,,,,,Low,Low,Forest,Medium,
37.2795579,-121.7518075,95013,0.000702272,1.978586268,0.134303177,1,0.7,1,,,,,,,Low,Low,Forest,Medium,
37.2795579,-121.746808,95013,0.000702272,1.936852665,0.174628125,1,0.7,1,,,,,,,Low,Low,Forest,Medium,
37.2906222,-121.7513479,95013,0.000702272,2.368386318,0.314385328,1,0.7,1,,,,,,,Low,Low,Forest,Medium,
37.2906222,-121.7467673,95013,0.000702272,2.338858537,0.31443184,1,0.7,1,,,,,,,Low,Low,Forest,Medium,
37.29305965,-121.7402692,95013,0.000702272,2.45742947,0.172605861,1,0.7,1,,,,,,,Low,Low,Forest,Medium,
37.29948853,-121.7517125,95013,0.000702272,2.690800626,0.142385057,1,0.7,1,,,,,,,Low,Low,Forest,Medium,
37.29972048,-121.7443314,95013,0.000702272,2.670960914,0.127052823,1,0.7,1,,,,,,,Low,Low,Forest,Medium,
37.30156605,-121.7485498,95013,0.000702272,2.742168905,0.165065895,1,0.7,1,,,,,,,Low,Low,Forest,Medium,
37.30337946,-121.7421583,95013,0.000702272,2.813587504,0.189961884,1,0.7,1,,,,,,,Low,Low,Forest,Medium,
37.30337946,-121.7371986,95013,0.000702272,2.865246772,0.189379993,1,0.7,1,,,,,,,Low,Low,Forest,Medium,
37.30575103,-121.7471239,95013,0.000702272,2.889372942,0.221127364,1,0.7,1,,,,,,,Low,Low,Forest,Medium,
37.30950653,-121.7463323,95013,0.000702272,3.024780506,0.275770292,1,0.7,1,,,,,,,Low,Low,Forest,Medium,
37.30950653,-121.7406325,95013,0.000702272,3.046176535,0.299544732,1,0.7,1,,,,,,,Low,Low,Forest,Medium,
37.2795579,-121.9663057,95032,0.22024123,0.939375993,0.092069439,1,0.3,1,,,,,,,Low,Low,Forest,Low,
37.28163919,-121.9861403,95032,0.22024123,1.704200804,0.108601268,1,0.3,1,,,,,,,Low,Low,Forest,Low,
37.28163919,-121.9757638,95032,0.22024123,1.206583389,0.144118618,1,0.3,1,,,,,,,Low,Low,Forest,Low,
37.28163919,-121.971991,95032,0.22024123,1.088150373,0.177011842,1,0.3,1,,,,,,,Low,Low,Forest,Low,
37.28163919,-121.9702192,95032,0.22024123,1.050402002,0.231125296,1,0.3,1,,,,,,,Low,Low,Forest,Low,
37.28163919,-121.9654845,95032,0.22024123,1.017204856,0.29858272,1,0.3,1,,,,,,,Low,Low,Forest,Low,
37.282985,-121.9833365,95032,0.22024123,1.585562267,0.251004076,1,0.3,1,,,,,,,Low,Low,Forest,Low,
37.282985,-121.9817796,95032,0.22024123,1.507580631,0.197145239,1,0.3,1,,,,,,,Low,Low,Forest,Low,
37.282985,-121.9703766,95032,0.22024123,1.100785575,0.117485357,1,0.3,1,,,,,,,Low,Low,Forest,Low,
37.282985,-121.9553,95032,0.22024123,1.309542128,0.09162334,1,0.3,1,,,,,,,Low,Low,Forest,Low,
37.28388274,-121.9807734,95032,0.22024123,1.483329177,0.06497812,1,0.3,1,,,,,,,Low,Low,Forest,Low,
37.28388274,-121.977137,95032,0.22024123,1.327396147,0.014660152,1,0.3,1,,,,,,,Low,Low,Forest,Low,
37.28388274,-121.9730395,95032,0.22024123,1.191395002,0.057266084,1,0.3,1,,,,,,,Low,Low,Forest,Low,
37.28388274,-121.9677674,95032,0.22024123,1.102048955,0.124901133,1,0.3,1,,,,,,,Low,Low,Forest,Low,
37.28388274,-121.9578206,95032,0.22024123,1.245258123,0.236691401,1,0.3,1,,,,,,,Low,Low,Forest,Low,
37.28646281,-121.9794053,95032,0.22024123,1.495570256,0.293199414,1,0.3,1,,,,,,,Low,Low,Forest,Low,
37.28646281,-121.9547355,95032,0.22024123,1.436284045,0.226561422,1,0.3,1,,,,,,,Low,Low,Forest,Low,
37.28886784,-121.971155,95032,0.22024123,1.322622433,0.097460197,1,0.3,1,,,,,,,Low,Low,Forest,Low,
37.28886784,-121.9643139,95032,0.22024123,1.28752016,0.140240676,1,0.3,1,,,,,,,Low,Low,Forest,Low,
37.2890735,-121.9739385,95032,0.22024123,1.390624905,0.261745409,1,0.3,1,,,,,,,Low,Low,Forest,Low,
37.2890735,-121.9634925,95032,0.22024123,1.302333282,0.150116672,1,0.3,1,,,,,,,Low,Low,Forest,Low,
37.2890735,-121.9572119,95032,0.22024123,1.433419035,0.148741821,1,0.3,1,,,,,,,Low,Low,Forest,Low,
37.2906222,-121.9634613,95032,0.22024123,1.358676286,0.142938356,1,0.3,1,,,,,,,Low,Low,Forest,Low,
37.29305965,-121.9727007,95032,0.22024123,1.499352322,0.140884641,1,0.3,1,,,,,,,Low,Low,Forest,Low,
37.2970086,-121.9657517,95032,0.22024123,1.578255205,0.249436866,1,0.3,1,,,,,,,Low,Low,Forest,Low,
37.29948853,-121.962182,95032,0.22024123,1.692892256,0.300574181,1,0.3,1,,,,,,,Low,Low,Forest,Low,
37.29991058,-121.9625059,95032,0.22024123,1.704498076,0.314344703,1,0.3,1,,,,,,,Low,Low,Forest,Low,
37.29991058,-121.9594157,95032,0.22024123,1.750343282,0.305391968,1,0.3,1,,,,,,,Low,Low,Forest,Low,
37.2795579,-121.7933781,95138,0.165815162,0.567459659,0.254594392,1,0.3,1,,,,,,,Low,Low,Forest,Low,
37.2795579,-121.789978,95138,0.165815162,0.423224542,0.187158796,1,0.3,1,,,,,,,Low,Low,Forest,Low,
37.2795579,-121.7835357,95138,0.165815162,0.4594732,0.170702831,1,0.3,1,,,,,,,Low,Low,Forest,Low,
37.2795579,-121.7788891,95138,0.165815162,0.692965927,0.161421832,1,0.3,1,,,,,,,Low,Low,Forest,Low,
37.2795579,-121.7759337,95138,0.165815162,0.870986738,0.08786551,1,0.3,1,,,,,,,Low,Low,Forest,Low,
37.2795579,-121.7575176,95138,0.165815162,2.091090636,0.160598765,1,0.3,1,,,,,,,Low,Low,Forest,Low,
37.28163919,-121.8095087,95138,0.165815162,1.602310776,0.177244394,1,0.3,1,,,,,,,Low,Low,Forest,Low,
37.28163919,-121.7946437,95138,0.165815162,0.683150505,0.170005303,1,0.3,1,,,,,,,Low,Low,Forest,Low,
37.28163919,-121.7936192,95138,0.165815162,0.632167798,0.191834833,1,0.3,1,,,,,,,Low,Low,Forest,Low,
37.28163919,-121.7832283,95138,0.165815162,0.534632582,0.224417603,1,0.3,1,,,,,,,Low,Low,Forest,Low,
37.282985,-121.7850497,95138,0.165815162,0.527532475,0.027706462,1,0.3,1,,,,,,,Low,Low,Forest,Low,
37.282985,-121.7813357,95138,0.165815162,0.650482119,0.071514476,1,0.3,1,,,,,,,Low,Low,Forest,Low,
37.282985,-121.7805456,95138,0.165815162,0.686243207,0.123775253,1,0.3,1,,,,,,,Low,Low,Forest,Low,
37.28646281,-121.8044378,95138,0.165815162,1.343340205,0.120128962,1,0.3,1,,,,,,,Low,Low,Forest,Low,
37.28646281,-121.7987464,95138,0.165815162,1.01318279,0.125732858,1,0.3,1,,,,,,,Low,Low,Forest,Low,
37.28646281,-121.7897454,95138,0.165815162,0.653830987,0.253324295,1,0.3,1,,,,,,,Low,Low,Forest,Low,
37.28886784,-121.7782883,95138,0.165815162,0.949852427,0.164172125,1,0.3,1,,,,,,,Low,Low,Forest,Low,
37.2890735,-121.7978205,95138,0.165815162,1.028709447,0.160127234,1,0.3,1,,,,,,,Low,Low,Forest,Low,
37.2890735,-121.7905962,95138,0.165815162,0.761582385,0.164207345,1,0.3,1,,,,,,,Low,Low,Forest,Low,
37.2890735,-121.7895468,95138,0.165815162,0.742962574,0.176655694,1,0.3,1,,,,,,,Low,Low,Forest,Low,
37.2890735,-121.7845727,95138,0.165815162,0.749838201,0.213433714,1,0.3,1,,,,,,,Low,Low,Forest,Low,
37.2890735,-121.7788166,95138,0.165815162,0.932215723,0.215872989,1,0.3,1,,,,,,,Low,Low,Forest,Low,
37.2890735,-121.7595513,95138,0.165815162,2.048724773,0.297055457,1,0.3,1,,,,,,,Low,Low,Forest,Low,
37.2906222,-121.7895603,95138,0.165815162,0.798337222,0.174772429,1,0.3,1,,,,,,,Low,Low,Forest,Low,
37.2906222,-121.7834235,95138,0.165815162,0.82659953,0.109511025,1,0.3,1,,,,,,,Low,Low,Forest,Low,
37.2906222,-121.7558668,95138,0.165815162,2.307054342,0.216296539,1,0.3,1,,,,,,,Low,Low,Forest,Low,
37.29305965,-121.7949834,95138,0.165815162,1.021192685,0.203586698,1,0.3,1,,,,,,,Low,Low,Forest,Low,
37.29305965,-121.7766148,95138,0.165815162,1.140936855,0.173661003,1,0.3,1,,,,,,,Low,Low,Forest,Low,
37.29305965,-121.7705964,95138,0.165815162,1.444755544,0.203795153,1,0.3,1,,,,,,,Low,Low,Forest,Low,
37.29305965,-121.7689815,95138,0.165815162,1.535241513,0.197152871,1,0.3,1,,,,,,,Low,Low,Forest,Low,
37.29305965,-121.7569458,95138,0.165815162,2.269591982,0.097647017,1,0.3,1,,,,,,,Low,Low,Forest,Low,
37.29544619,-121.7851587,95138,0.165815162,0.96924918,0.015768515,1,0.3,1,,,,,,,Low,Low,Forest,Low,
37.29544619,-121.7756484,95138,0.165815162,1.250374254,0.084236474,1,0.3,1,,,,,,,Low,Low,Forest,Low,
37.2970086,-121.7882868,95138,0.165815162,1.017435121,0.06138613,1,0.3,1,,,,,,,Low,Low,Forest,Low,
37.2970086,-121.7606743,95138,0.165815162,2.099648581,0.181957042,1,0.3,1,,,,,,,Low,Low,Forest,Low,
37.2970086,-121.7583125,95138,0.165815162,2.243894001,0.127176353,1,0.3,1,,,,,,,Low,Low,Forest,Low,
37.2970086,-121.7543019,95138,0.165815162,2.494195368,0.113471431,1,0.3,1,,,,,,,Low,Low,Forest,Low,
37.29948853,-121.7859785,95138,0.165815162,1.10891011,0.104608763,1,0.3,1,,,,,,,Low,Low,Forest,Low,
37.29948853,-121.7679507,95138,0.165815162,1.733313255,0.280093898,1,0.3,1,,,,,,,Low,Low,Forest,Low,
37.29972048,-121.7701399,95138,0.165815162,1.625435795,0.168590138,1,0.3,1,,,,,,,Low,Low,Forest,Low,
37.29972048,-121.7615985,95138,0.165815162,2.094713907,0.167749492,1,0.3,1,,,,,,,Low,Low,Forest,Low,
37.29991058,-121.7762238,95138,0.165815162,1.356034934,0.137628801,1,0.3,1,,,,,,,Low,Low,Forest,Low,
37.30156605,-121.7572555,95138,0.165815162,2.386771011,0.206877955,1,0.3,1,,,,,,,Low,Low,Forest,Low,
37.30337946,-121.7761918,95138,0.165815162,1.463233399,0.20746187,1,0.3,1,,,,,,,Low,Low,Forest,Low,
37.30337946,-121.7715271,95138,0.165815162,1.654848463,0.20937525,1,0.3,1,,,,,,,Low,Low,Forest,Low,
37.30337946,-121.7674117,95138,0.165815162,1.854226982,0.270395643,1,0.3,1,,,,,,,Low,Low,Forest,Low,
37.30337946,-121.7615702,95138,0.165815162,2.170008007,0.307782948,1,0.3,1,,,,,,,Low,Low,Forest,Low,
37.30337946,-121.7580407,95138,0.165815162,2.373745578,0.2533229,1,0.3,1,,,,,,,Low,Low,Forest,Low,
37.30337946,-121.7546216,95138,0.165815162,2.577765888,0.219142319,1,0.3,1,,,,,,,Low,Low,Forest,Low,
37.30575103,-121.7740314,95138,0.165815162,1.616963322,0.181621674,1,0.3,1,,,,,,,Low,Low,Forest,Low,
37.30575103,-121.7712355,95138,0.165815162,1.733607037,0.141115754,1,0.3,1,,,,,,,Low,Low,Forest,Low,
37.30575103,-121.7563227,95138,0.165815162,2.520087827,0.119627954,1,0.3,1,,,,,,,Low,Low,Forest,Low,
37.30723791,-121.7703606,95138,0.165815162,1.813888874,0.171563577,1,0.3,1,,,,,,,Low,Low,Forest,Low,
37.30723791,-121.7635767,95138,0.165815162,2.146021527,0.187010578,1,0.3,1,,,,,,,Low,Low,Forest,Low,
37.30723791,-121.7522021,95138,0.165815162,2.792272273,0.132683234,1,0.3,1,,,,,,,Low,Low,Forest,Low,
37.30933908,-121.7684852,95138,0.165815162,1.95646958,0.180122966,1,0.3,1,,,,,,,Low,Low,Forest,Low,
37.30950653,-121.7590216,95138,0.165815162,2.443536903,0.095300349,1,0.3,1,,,,,,,Low,Low,Forest,Low,
37.30981285,-121.7613691,95138,0.165815162,2.323105186,0.14600769,1,0.3,1,,,,,,,Low,Low,Forest,Low,
37.3149789,-121.7602436,95138,0.165815162,2.504623803,0.214603527,1,0.3,1,,,,,,,Low,Low,Forest,Low,
37.3149789,-121.7573829,95138,0.165815162,2.655270648,0.168363542,1,0.3,1,,,,,,,Low,Low,Forest,Low,
37.31650416,-121.7566469,95138,0.165815162,2.729713919,0.144701268,1,0.3,1,,,,,,,Low,Low,Forest,Low,
37.31650416,-121.7499784,95138,0.165815162,3.100574007,0.095388762,1,0.3,1,,,,,,,Low,Low,Forest,Low,
37.2795579,-121.7358085,95013,0.000702272,2.035233811,0.225416365,1,0.3,1,,,,,,,Low,Low,Forest,Low,
37.2890735,-121.7544503,95013,0.000702272,2.357332927,0.282529559,1,0.3,1,,,,,,,Low,Low,Forest,Low,
37.2906222,-121.7448268,95013,0.000702272,2.339186513,0.315999453,1,0.3,1,,,,,,,Low,Low,Forest,Low,
37.29305965,-121.7364323,95013,0.000702272,2.510703886,0.178419655,1,0.3,1,,,,,,,Low,Low,Forest,Low,
37.29948853,-121.7367965,95013,0.000702272,2.733355513,0.118617002,1,0.3,1,,,,,,,Low,Low,Forest,Low,
37.29972048,-121.7439562,95013,0.000702272,2.672121731,0.136598841,1,0.3,1,,,,,,,Low,Low,Forest,Low,
37.2795579,-121.9490298,95008,0.397310299,1.12531364,0.302704548,0,0.7,1,,,,,,,Medium,Low,Urban,Medium,
37.2795579,-121.9371344,95008,0.397310299,0.496303497,0.270032784,0,0.7,1,,,,,,,Medium,Low,Urban,Medium,
37.2795579,-121.9170285,95008,0.397310299,1.262629864,0.09038697,0,0.7,1,,,,,,,Medium,Low,Urban,Medium,
37.28163919,-121.94687,95008,0.397310299,0.958151485,0.133187838,0,0.7,1,,,,,,,Medium,Low,Urban,Medium,
37.28163919,-121.9356495,95008,0.397310299,0.388826376,0.250191612,0,0.7,1,,,,,,,Medium,Low,Urban,Medium,
37.28163919,-121.919345,95008,0.397310299,1.086069123,0.113929554,0,0.7,1,,,,,,,Medium,Low,Urban,Medium,
37.282985,-121.9501347,95008,0.397310299,1.154379754,0.205526049,0,0.7,1,,,,,,,Medium,Low,Urban,Medium,
37.282985,-121.9366416,95008,0.397310299,0.369028644,0.273884915,0,0.7,1,,,,,,,Medium,Low,Urban,Medium,
37.282985,-121.9250398,95008,0.397310299,0.705364988,0.256823653,0,0.7,1,,,,,,,Medium,Low,Urban,Medium,
37.282985,-121.9233023,95008,0.397310299,0.813827581,0.254810701,0,0.7,1,,,,,,,Medium,Low,Urban,Medium,
37.282985,-121.9220151,95008,0.397310299,0.896089101,0.229670414,0,0.7,1,,,,,,,Medium,Low,Urban,Medium,
37.282985,-121.9161166,95008,0.397310299,1.284487019,0.196914019,0,0.7,1,,,,,,,Medium,Low,Urban,Medium,
37.282985,-121.9134069,95008,0.397310299,1.466405347,0.190472911,0,0.7,1,,,,,,,Medium,Low,Urban,Medium,
37.28388274,-121.9510815,95008,0.397310299,1.208958694,0.189796107,0,0.7,1,,,,,,,Medium,Low,Urban,Medium,
37.28388274,-121.9496318,95008,0.397310299,1.112013367,0.20057478,0,0.7,1,,,,,,,Medium,Low,Urban,Medium,
37.28388274,-121.9394847,95008,0.397310299,0.472733872,0.111733804,0,0.7,1,,,,,,,Medium,Low,Urban,Medium,
37.28388274,-121.9384529,95008,0.397310299,0.418965459,0.107782457,0,0.7,1,,,,,,,Medium,Low,Urban,Medium,
37.28388274,-121.9247315,95008,0.397310299,0.71024692,0.071481764,0,0.7,1,,,,,,,Medium,Low,Urban,Medium,
37.28388274,-121.9157427,95008,0.397310299,1.301757479,0.119543038,0,0.7,1,,,,,,,Medium,Low,Urban,Medium,
37.28388274,-121.9143632,95008,0.397310299,1.394814943,0.122203763,0,0.7,1,,,,,,,Medium,Low,Urban,Medium,
37.28646281,-121.9477785,95008,0.397310299,0.96539334,0.22520585,0,0.7,1,,,,,,,Medium,Low,Urban,Medium,
37.28886784,-121.9478235,95008,0.397310299,0.95438882,0.192706065,0,0.7,1,,,,,,,Medium,Low,Urban,Medium,
37.28886784,-121.9231944,95008,0.397310299,0.76167474,0.06088214,0,0.7,1,,,,,,,Medium,Low,Urban,Medium,
37.28886784,-121.9116355,95008,0.397310299,1.556300879,0.138852915,0,0.7,1,,,,,,,Medium,Low,Urban,Medium,
37.2890735,-121.9511461,95008,0.397310299,1.182073032,0.16913774,0,0.7,1,,,,,,,Medium,Low,Urban,Medium,
37.2890735,-121.9385148,95008,0.397310299,0.321512239,0.235394767,0,0.7,1,,,,,,,Medium,Low,Urban,Medium,
37.2890735,-121.9381244,95008,0.397310299,0.296057681,0.267133062,0,0.7,1,,,,,,,Medium,Low,Urban,Medium,
37.2890735,-121.929814,95008,0.397310299,0.313447976,0.324886828,0,0.7,1,,,,,,,Medium,Low,Urban,Medium,
37.2890735,-121.9212094,95008,0.397310299,0.896735266,0.253574738,0,0.7,1,,,,,,,Medium,Low,Urban,Medium,
37.2890735,-121.9183811,95008,0.397310299,1.091119444,0.242018984,0,0.7,1,,,,,,,Medium,Low,Urban,Medium,
37.2906222,-121.9373934,95008,0.397310299,0.231885663,0.088674611,0,0.7,1,,,,,,,Medium,Low,Urban,Medium,
37.2906222,-121.9316774,95008,0.397310299,0.173662135,0.144927198,0,0.7,1,,,,,,,Medium,Low,Urban,Medium,
37.2906222,-121.915525,95008,0.397310299,1.284487696,0.262677649,0,0.7,1,,,,,,,Medium,Low,Urban,Medium,
37.29305965,-121.9566403,95008,0.397310299,1.55789634,0.264319572,0,0.7,1,,,,,,,Medium,Low,Urban,Medium,
37.29305965,-121.9480811,95008,0.397310299,0.966848967,0.267087028,0,0.7,1,,,,,,,Medium,Low,Urban,Medium,
37.29305965,-121.9383105,95008,0.397310299,0.29398748,0.25895524,0,0.7,1,,,,,,,Medium,Low,Urban,Medium,
37.29305965,-121.9325431,95008,0.397310299,0.116241866,0.226873417,0,0.7,1,,,,,,,Medium,Low,Urban,Medium,
37.29305965,-121.924724,95008,0.397310299,0.649514443,0.210036174,0,0.7,1,,,,,,,Medium,Low,Urban,Medium,
37.29305965,-121.9130007,95008,0.397310299,1.458754314,0.209877115,0,0.7,1,,,,,,,Medium,Low,Urban,Medium,
37.29544619,-121.9480097,95008,0.397310299,0.96979597,0.248631496,0,0.7,1,,,,,,,Medium,Low,Urban,Medium,
37.29544619,-121.9448291,95008,0.397310299,0.752615662,0.224420909,0,0.7,1,,,,,,,Medium,Low,Urban,Medium,
37.29544619,-121.9412323,95008,0.397310299,0.509699797,0.166633424,0,0.7,1,,,,,,,Medium,Low,Urban,Medium,
37.29544619,-121.9346833,95008,0.397310299,0.136799556,0.101136637,0,0.7,1,,,,,,,Medium,Low,Urban,Medium,
37.29544619,-121.9173055,95008,0.397310299,1.167994848,0.100396412,0,0.7,1,,,,,,,Medium,Low,Urban,Medium,
37.29948853,-121.9552307,95008,0.397310299,1.486234668,0.123396793,0,0.7,1,,,,,,,Medium,Low,Urban,Medium,
37.29948853,-121.9397469,95008,0.397310299,0.479254897,0.104994444,0,0.7,1,,,,,,,Medium,Low,Urban,Medium,
37.29972048,-121.9587729,95008,0.397310299,1.728653083,0.137669214,0,0.7,1,,,,,,,Medium,Low,Urban,Medium,
37.29972048,-121.9500287,95008,0.397310299,1.137268619,0.193633621,0,0.7,1,,,,,,,Medium,Low,Urban,Medium,
37.29972048,-121.9404051,95008,0.397310299,0.52155936,0.281721025,0,0.7,1,,,,,,,Medium,Low,Urban,Medium,
37.29972048,-121.9353109,95008,0.397310299,0.298903728,0.303720198,0,0.7,1,,,,,,,Medium,Low,Urban,Medium,
37.29972048,-121.9254819,95008,0.397310299,0.661204257,0.276235133,0,0.7,1,,,,,,,Medium,Low,Urban,Medium,
37.29972048,-121.9236659,95008,0.397310299,0.776161428,0.167726612,0,0.7,1,,,,,,,Medium,Low,Urban,Medium,
37.29991058,-121.9377037,95008,0.397310299,0.385130692,0.136841292,0,0.7,1,,,,,,,Medium,Low,Urban,Medium,
37.29991058,-121.9326494,95008,0.397310299,0.310629576,0.061009397,0,0.7,1,,,,,,,Medium,Low,Urban,Medium,
37.29991058,-121.9265099,95008,0.397310299,0.601372711,0.075768918,0,0.7,1,,,,,,,Medium,Low,Urban,Medium,
37.29991058,-121.9242502,95008,0.397310299,0.741526227,0.123961985,0,0.7,1,,,,,,,Medium,Low,Urban,Medium,
37.30156605,-121.9555835,95008,0.397310299,1.526026851,0.156267677,0,0.7,1,,,,,,,Medium,Low,Urban,Medium,
37.30156605,-121.948684,95008,0.397310299,1.068082691,0.185246529,0,0.7,1,,,,,,,Medium,Low,Urban,Medium,
37.30156605,-121.9438879,95008,0.397310299,0.763428539,0.185920305,0,0.7,1,,,,,,,Medium,Low,Urban,Medium,
37.30156605,-121.9394087,95008,0.397310299,0.509974267,0.246549629,0,0.7,1,,,,,,,Medium,Low,Urban,Medium,
37.30156605,-121.9393578,95008,0.397310299,0.50745153,0.255833692,0,0.7,1,,,,,,,Medium,Low,Urban,Medium,
37.30156605,-121.9210369,95008,0.397310299,0.969888202,0.27044172,0,0.7,1,,,,,,,Medium,Low,Urban,Medium,
37.30337946,-121.9544945,95008,0.397310299,1.470527195,0.228839148,0,0.7,1,,,,,,,Medium,Low,Urban,Medium,
37.30337946,-121.946194,95008,0.397310299,0.935464705,0.222726649,0,0.7,1,,,,,,,Medium,Low,Urban,Medium,
37.30337946,-121.9292271,95008,0.397310299,0.53897722,0.222066859,0,0.7,1,,,,,,,Medium,Low,Urban,Medium,
37.30337946,-121.928381,95008,0.397310299,0.57732383,0.164717164,0,0.7,1,,,,,,,Medium,Low,Urban,Medium,
37.30337946,-121.9163835,95008,0.397310299,1.294600802,0.042081838,0,0.7,1,,,,,,,Medium,Low,Urban,Medium,
37.30575103,-121.9515438,95008,0.397310299,1.307645179,0.046265821,0,0.7,1,,,,,,,Medium,Low,Urban,Medium,
37.30575103,-121.9467762,95008,0.397310299,1.012133237,0.05312046,0,0.7,1,,,,,,,Medium,Low,Urban,Medium,
37.30575103,-121.9396838,95008,0.397310299,0.637356275,0.131159094,0,0.7,1,,,,,,,Medium,Low,Urban,Medium,
37.30575103,-121.9312435,95008,0.397310299,0.544502589,0.254283801,0,0.7,1,,,,,,,Medium,Low,Urban,Medium,
37.30575103,-121.9306396,95008,0.397310299,0.560988787,0.269530505,0,0.7,1,,,,,,,Medium,Low,Urban,Medium,
37.30575103,-121.9223868,95008,0.397310299,0.95538048,0.247984121,0,0.7,1,,,,,,,Medium,Low,Urban,Medium,
37.30723791,-121.9292316,95008,0.397310299,0.654844115,0.101180564,0,0.7,1,,,,,,,Medium,Low,Urban,Medium,
37.30723791,-121.9281685,95008,0.397310299,0.695454808,0.122114718,0,0.7,1,,,,,,,Medium,Low,Urban,Medium,
37.30723791,-121.923507,95008,0.397310299,0.92277503,0.050061628,0,0.7,1,,,,,,,Medium,Low,Urban,Medium,
37.30723791,-121.9222392,95008,0.397310299,0.993705751,0.025890071,0,0.7,1,,,,,,,Medium,Low,Urban,Medium,
37.30723791,-121.9192477,95008,0.397310299,1.170061431,0.038210824,0,0.7,1,,,,,,,Medium,Low,Urban,Medium,
37.30933908,-121.9357423,95008,0.397310299,0.648539021,0.220137328,0,0.7,1,,,,,,,Medium,Low,Urban,Medium,
37.30933908,-121.9282438,95008,0.397310299,0.756029954,0.300910952,0,0.7,1,,,,,,,Medium,Low,Urban,Medium,
37.30933908,-121.9225826,95008,0.397310299,1.02042327,0.272230192,0,0.7,1,,,,,,,Medium,Low,Urban,Medium,
37.30950653,-121.9437477,95008,0.397310299,0.927284941,0.184898847,0,0.7,1,,,,,,,Medium,Low,Urban,Medium,
37.30950653,-121.9324309,95008,0.397310299,0.65492761,0.127838285,0,0.7,1,,,,,,,Medium,Low,Urban,Medium,
37.30981285,-121.9487093,95008,0.397310299,1.203733208,0.207631693,0,0.7,1,,,,,,,Medium,Low,Urban,Medium,
37.30981285,-121.9261673,95008,0.397310299,0.854825967,0.101397872,0,0.7,1,,,,,,,Medium,Low,Urban,Medium,
37.30981285,-121.9203055,95008,0.397310299,1.157105542,0.160208418,0,0.7,1,,,,,,,Medium,Low,Urban,Medium,
37.3125031,-121.9446423,95008,0.397310299,1.048489695,0.278222879,0,0.7,1,,,,,,,Medium,Low,Urban,Medium,
37.3125031,-121.9376315,95008,0.397310299,0.79266358,0.240680689,0,0.7,1,,,,,,,Medium,Low,Urban,Medium,
37.3125031,-121.9250911,95008,0.397310299,0.977959139,0.248132601,0,0.7,1,,,,,,,Medium,Low,Urban,Medium,
37.31321872,-121.9560473,95008,0.397310299,1.705438587,0.201487936,0,0.7,1,,,,,,,Medium,Low,Urban,Medium,
37.31321872,-121.9508118,95008,0.397310299,1.393635118,0.132982372,0,0.7,1,,,,,,,Medium,Low,Urban,Medium,
37.31321872,-121.9434705,95008,0.397310299,1.013944199,0.050079343,0,0.7,1,,,,,,,Medium,Low,Urban,Medium,
37.31321872,-121.943121,95008,0.397310299,0.998697505,0.019044123,0,0.7,1,,,,,,,Medium,Low,Urban,Medium,
37.31321872,-121.9250467,95008,0.397310299,1.000179531,0.099713991,0,0.7,1,,,,,,,Medium,Low,Urban,Medium,
37.31463554,-121.9451952,95008,0.397310299,1.13142243,0.243111574,0,0.7,1,,,,,,,Medium,Low,Urban,Medium,
37.3149789,-121.954144,95008,0.397310299,1.622206618,0.157116052,0,0.7,1,,,,,,,Medium,Low,Urban,Medium,
37.31650416,-121.9374555,95008,0.397310299,0.929792686,0.080758303,0,0.7,1,,,,,,,Medium,Low,Urban,Medium,
37.31837613,-121.9522871,95008,0.397310299,1.586792625,0.186465277,0,0.7,1,,,,,,,Medium,Low,Urban,Medium,
37.31837613,-121.9426541,95008,0.397310299,1.134909588,0.245081025,0,0.7,1,,,,,,,Medium,Low,Urban,Medium,
37.31837613,-121.9392245,95008,0.397310299,1.031523385,0.220811561,0,0.7,1,,,,,,,Medium,Low,Urban,Medium,
37.31837613,-121.9354649,95008,0.397310299,0.973425231,0.220521788,0,0.7,1,,,,,,,Medium,Low,Urban,Medium,
37.31837613,-121.9272338,95008,0.397310299,1.078775713,0.162640037,0,0.7,1,,,,,,,Medium,Low,Urban,Medium,
37.32058743,-121.9413834,95008,0.397310299,1.164089779,0.131143012,0,0.7,1,,,,,,,Medium,Low,Urban,Medium,
37.32194949,-121.9384578,95008,0.397310299,1.139949729,0.160856074,0,0.7,1,,,,,,,Medium,Low,Urban,Medium,
37.2795579,-121.9084463,95118,0.280311809,1.463828235,0.284845027,0,0.7,1,,,,,,,Low,Low,Urban,Medium,
37.2795579,-121.892667,95118,0.280311809,0.736119826,0.069051774,0,0.7,1,,,,,,,Low,Low,Urban,Medium,
37.2795579,-121.8787529,95118,0.280311809,1.050141558,0.15826879,0,0.7,1,,,,,,,Low,Low,Urban,Medium,
37.28163919,-121.9094264,95118,0.280311809,1.560318365,0.232650873,0,0.7,1,,,,,,,Low,Low,Urban,Medium,
37.28163919,-121.8848485,95118,0.280311809,0.862193405,0.277089384,0,0.7,1,,,,,,,Low,Low,Urban,Medium,
37.28163919,-121.8798135,95118,0.280311809,1.052993772,0.233036393,0,0.7,1,,,,,,,Low,Low,Urban,Medium,
37.282985,-121.8811755,95118,0.280311809,1.032387025,0.066274184,0,0.7,1,,,,,,,Low,Low,Urban,Medium,
37.28388274,-121.8996464,95118,0.280311809,1.098347758,0.107025081,0,0.7,1,,,,,,,Low,Low,Urban,Medium,
37.28388274,-121.8884843,95118,0.280311809,0.875043055,0.196782879,0,0.7,1,,,,,,,Low,Low,Urban,Medium,
37.28646281,-121.8907905,95118,0.280311809,0.965327107,0.19326536,0,0.7,1,,,,,,,Low,Low,Urban,Medium,
37.28646281,-121.8870446,95118,0.280311809,0.983914677,0.201133073,0,0.7,1,,,,,,,Low,Low,Urban,Medium,
37.28886784,-121.9010887,95118,0.280311809,1.30373036,0.103257314,0,0.7,1,,,,,,,Low,Low,Urban,Medium,
37.28886784,-121.882904,95118,0.280311809,1.157969668,0.103845237,0,0.7,1,,,,,,,Low,Low,Urban,Medium,
37.2890735,-121.9032869,95118,0.280311809,1.404584759,0.095991164,0,0.7,1,,,,,,,Low,Low,Urban,Medium,
37.2906222,-121.896169,95118,0.280311809,1.195755576,0.07840541,0,0.7,1,,,,,,,Low,Low,Urban,Medium,
37.2906222,-121.8911151,95118,0.280311809,1.118332681,0.095391657,0,0.7,1,,,,,,,Low,Low,Urban,Medium,
37.29305965,-121.8951707,95118,0.280311809,1.257589608,0.171497439,0,0.7,1,,,,,,,Low,Low,Urban,Medium,
37.29305965,-121.8927632,95118,0.280311809,1.220123512,0.215402574,0,0.7,1,,,,,,,Low,Low,Urban,Medium,
37.29544619,-121.8923336,95118,0.280311809,1.302071569,0.270921341,0,0.7,1,,,,,,,Low,Low,Urban,Medium,
37.2970086,-121.8873608,95118,0.280311809,1.360070655,0.195378038,0,0.7,1,,,,,,,Low,Low,Urban,Medium,
37.28388274,-121.8138032,95148,0.39966291,1.822038815,0.13163891,0,0.7,1,,,,,,,Medium,Low,Urban,Medium,
37.28646281,-121.8101554,95148,0.39966291,1.594803578,0.052737725,0,0.7,1,,,,,,,Medium,Low,Urban,Medium,
37.28886784,-121.8156209,95148,0.39966291,1.774700722,0.087420599,0,0.7,1,,,,,,,Medium,Low,Urban,Medium,
37.28886784,-121.81485,95148,0.39966291,1.736509512,0.132843792,0,0.7,1,,,,,,,Medium,Low,Urban,Medium,
37.2890735,-121.8075111,95148,0.39966291,1.415894737,0.216700144,0,0.7,1,,,,,,,Medium,Low,Urban,Medium,
37.2906222,-121.8122105,95148,0.39966291,1.564288038,0.08059373,0,0.7,1,,,,,,,Medium,Low,Urban,Medium,
37.2906222,-121.8052304,95148,0.39966291,1.291157148,0.029567879,0,0.7,1,,,,,,,Medium,Low,Urban,Medium,
37.29305965,-121.8129061,95148,0.39966291,1.533670249,0.065556461,0,0.7,1,,,,,,,Medium,Low,Urban,Medium,
37.29305965,-121.8040806,95148,0.39966291,1.176957608,0.128761311,0,0.7,1,,,,,,,Medium,Low,Urban,Medium,
37.29305965,-121.8030836,95148,0.39966291,1.150110965,0.117928106,0,0.7,1,,,,,,,Medium,Low,Urban,Medium,
37.29544619,-121.8111858,95148,0.39966291,1.388041112,0.125342831,0,0.7,1,,,,,,,Medium,Low,Urban,Medium,
37.29544619,-121.799579,95148,0.39966291,0.999939663,0.212253951,0,0.7,1,,,,,,,Medium,Low,Urban,Medium,
37.2970086,-121.7920897,95148,0.39966291,0.987918542,0.055867051,0,0.7,1,,,,,,,Medium,Low,Urban,Medium,
37.29972048,-121.8164687,95148,0.39966291,1.578683647,0.134048649,0,0.7,1,,,,,,,Medium,Low,Urban,Medium,
37.29972048,-121.8114872,95148,0.39966291,1.298323991,0.15030335,0,0.7,1,,,,,,,Medium,Low,Urban,Medium,
37.29972048,-121.7968462,95148,0.39966291,0.82865585,0.021378785,0,0.7,1,,,,,,,Medium,Low,Urban,Medium,
37.29972048,-121.7907527,95148,0.39966291,0.934953169,0.084873246,0,0.7,1,,,,,,,Medium,Low,Urban,Medium,
37.29991058,-121.813854,95148,0.39966291,1.424043562,0.116607766,0,0.7,1,,,,,,,Medium,Low,Urban,Medium,
37.29991058,-121.8059008,95148,0.39966291,1.025450037,0.10742282,0,0.7,1,,,,,,,Medium,Low,Urban,Medium,
37.29991058,-121.8022334,95148,0.39966291,0.897109476,0.132310074,0,0.7,1,,,,,,,Medium,Low,Urban,Medium,
37.29991058,-121.8008956,95148,0.39966291,0.864157407,0.197005352,0,0.7,1,,,,,,,Medium,Low,Urban,Medium,
37.29991058,-121.7918486,95148,0.39966291,0.896020556,0.271026557,0,0.7,1,,,,,,,Medium,Low,Urban,Medium,
37.29991058,-121.7887723,95148,0.39966291,0.999993654,0.263137258,0,0.7,1,,,,,,,Medium,Low,Urban,Medium,
37.30156605,-121.8174021,95148,0.39966291,1.600887322,0.24687793,0,0.7,1,,,,,,,Medium,Low,Urban,Medium,
37.30156605,-121.8159032,95148,0.39966291,1.510583446,0.242498125,0,0.7,1,,,,,,,Medium,Low,Urban,Medium,
37.30156605,-121.7974185,95148,0.39966291,0.761867016,0.177210987,0,0.7,1,,,,,,,Medium,Low,Urban,Medium,
37.30156605,-121.7893515,95148,0.39966291,0.92767076,0.150763206,0,0.7,1,,,,,,,Medium,Low,Urban,Medium,
37.30337946,-121.8165693,95148,0.39966291,1.519160222,0.099832277,0,0.7,1,,,,,,,Medium,Low,Urban,Medium,
37.30337946,-121.815465,95148,0.39966291,1.451738387,0.063975847,0,0.7,1,,,,,,,Medium,Low,Urban,Medium,
37.30337946,-121.8123322,95148,0.39966291,1.265969117,0.056664364,0,0.7,1,,,,,,,Medium,Low,Urban,Medium,
37.30337946,-121.8081407,95148,0.39966291,1.036229656,0.022358407,0,0.7,1,,,,,,,Medium,Low,Urban,Medium,
37.30337946,-121.7891067,95148,0.39966291,0.884665184,0.220670407,0,0.7,1,,,,,,,Medium,Low,Urban,Medium,
37.30337946,-121.7841003,95148,0.39966291,1.131676633,0.154453935,0,0.7,1,,,,,,,Medium,Low,Urban,Medium,
37.30575103,-121.8030754,95148,0.39966291,0.738803034,0.130004815,0,0.7,1,,,,,,,Medium,Low,Urban,Medium,
37.30575103,-121.7922298,95148,0.39966291,0.693212651,0.03441719,0,0.7,1,,,,,,,Medium,Low,Urban,Medium,
37.30575103,-121.7789309,95148,0.39966291,1.390522057,0.09129378,0,0.7,1,,,,,,,Medium,Low,Urban,Medium,
37.30723791,-121.8086308,95148,0.39966291,0.975328892,0.137620746,0,0.7,1,,,,,,,Medium,Low,Urban,Medium,
37.30723791,-121.8080674,95148,0.39966291,0.943573061,0.138799128,0,0.7,1,,,,,,,Medium,Low,Urban,Medium,
37.30723791,-121.7921191,95148,0.39966291,0.650131185,0.274366982,0,0.7,1,,,,,,,Medium,Low,Urban,Medium,
37.30723791,-121.7890943,95148,0.39966291,0.779730278,0.222157301,0,0.7,1,,,,,,,Medium,Low,Urban,Medium,
37.30723791,-121.775865,95148,0.39966291,1.563683197,0.084386299,0,0.7,1,,,,,,,Medium,Low,Urban,Medium,
37.30933908,-121.7916313,95148,0.39966291,0.606312522,0.228263861,0,0.7,1,,,,,,,Medium,Low,Urban,Medium,
37.30933908,-121.7858489,95148,0.39966291,0.908262989,0.04994649,0,0.7,1,,,,,,,Medium,Low,Urban,Medium,
37.30933908,-121.7721792,95148,0.39966291,1.782028252,0.073709293,0,0.7,1,,,,,,,Medium,Low,Urban,Medium,
37.30950653,-121.8172678,95148,0.39966291,1.476461986,0.016291998,0,0.7,1,,,,,,,Medium,Low,Urban,Medium,
37.30950653,-121.7941118,95148,0.39966291,0.513319329,0.11378329,0,0.7,1,,,,,,,Medium,Low,Urban,Medium,
37.30950653,-121.7844859,95148,0.39966291,0.986633966,0.079860973,0,0.7,1,,,,,,,Medium,Low,Urban,Medium,
37.30950653,-121.7833069,95148,0.39966291,1.058878955,0.089138411,0,0.7,1,,,,,,,Medium,Low,Urban,Medium,
37.30981285,-121.8169744,95148,0.39966291,1.453690272,0.252301986,0,0.7,1,,,,,,,Medium,Low,Urban,Medium,
37.30981285,-121.8063995,95148,0.39966291,0.795253544,0.225693859,0,0.7,1,,,,,,,Medium,Low,Urban,Medium,
37.30981285,-121.7920172,95148,0.39966291,0.576416775,0.195711166,0,0.7,1,,,,,,,Medium,Low,Urban,Medium,
37.30981285,-121.7856706,95148,0.39966291,0.909899779,0.16948924,0,0.7,1,,,,,,,Medium,Low,Urban,Medium,
37.30981285,-121.7781757,95148,0.39966291,1.381508951,0.142781536,0,0.7,1,,,,,,,Medium,Low,Urban,Medium,
37.3125031,-121.8178873,95148,0.39966291,1.486718929,0.132348886,0,0.7,1,,,,,,,Medium,Low,Urban,Medium,
37.3125031,-121.80487,95148,0.39966291,0.652604137,0.147506766,0,0.7,1,,,,,,,Medium,Low,Urban,Medium,
37.3125031,-121.8017611,95148,0.39966291,0.488962408,0.097527733,0,0.7,1,,,,,,,Medium,Low,Urban,Medium,
37.3125031,-121.7986438,95148,0.39966291,0.380051396,0.091936874,0,0.7,1,,,,,,,Medium,Low,Urban,Medium,
37.3125031,-121.7927436,95148,0.39966291,0.468324448,0.06926185,0,0.7,1,,,,,,,Medium,Low,Urban,Medium,
37.3125031,-121.7859738,95148,0.39966291,0.84544478,0.042027339,0,0.7,1,,,,,,,Medium,Low,Urban,Medium,
37.3125031,-121.7815668,95148,0.39966291,1.128040937,0.010389949,0,0.7,1,,,,,,,Medium,Low,Urban,Medium,
37.3125031,-121.7711546,95148,0.39966291,1.823959748,0.086624928,0,0.7,1,,,,,,,Medium,Low,Urban,Medium,
37.31321872,-121.8172448,95148,0.39966291,1.437372871,0.157936867,0,0.7,1,,,,,,,Medium,Low,Urban,Medium,
37.31321872,-121.8012655,95148,0.39966291,0.446750218,0.10444785,0,0.7,1,,,,,,,Medium,Low,Urban,Medium,
37.31321872,-121.7897331,95148,0.39966291,0.606114927,0.05112312,0,0.7,1,,,,,,,Medium,Low,Urban,Medium,
37.31321872,-121.7897084,95148,0.39966291,0.607534031,0.060599092,0,0.7,1,,,,,,,Medium,Low,Urban,Medium,
37.31463554,-121.8160092,95148,0.39966291,1.342610411,0.148558729,0,0.7,1,,,,,,,Medium,Low,Urban,Medium,
37.31463554,-121.8088011,95148,0.39966291,0.862471124,0.189259335,0,0.7,1,,,,,,,Medium,Low,Urban,Medium,
37.31463554,-121.7984487,95148,0.39966291,0.302050177,0.242060516,0,0.7,1,,,,,,,Medium,Low,Urban,Medium,
37.31463554,-121.7714568,95148,0.39966291,1.789493972,0.037149325,0,0.7,1,,,,,,,Medium,Low,Urban,Medium,
37.31463554,-121.7663808,95148,0.39966291,2.136472727,0.029290657,0,0.7,1,,,,,,,Medium,Low,Urban,Medium,
37.3149789,-121.816444,95148,0.39966291,1.36943306,0.12989133,0,0.7,1,,,,,,,Medium,Low,Urban,Medium,
37.3149789,-121.8158682,95148,0.39966291,1.330469118,0.137980731,0,0.7,1,,,,,,,Medium,Low,Urban,Medium,
37.3149789,-121.8108144,95148,0.39966291,0.991289728,0.041472662,0,0.7,1,,,,,,,Medium,Low,Urban,Medium,
37.3149789,-121.7857363,95148,0.39966291,0.826301881,0.099555793,0,0.7,1,,,,,,,Medium,Low,Urban,Medium,
37.3149789,-121.7812187,95148,0.39966291,1.125659252,0.105648281,0,0.7,1,,,,,,,Medium,Low,Urban,Medium,
37.3149789,-121.7751047,95148,0.39966291,1.538921514,0.245102273,0,0.7,1,,,,,,,Medium,Low,Urban,Medium,
37.3149789,-121.7730486,95148,0.39966291,1.678928375,0.248610268,0,0.7,1,,,,,,,Medium,Low,Urban,Medium,
37.3149789,-121.7706272,95148,0.39966291,1.844214748,0.246300419,0,0.7,1,,,,,,,Medium,Low,Urban,Medium,
37.31650416,-121.8038841,95148,0.39966291,0.521587511,0.173135074,0,0.7,1,,,,,,,Medium,Low,Urban,Medium,
37.31650416,-121.7879025,95148,0.39966291,0.666692408,0.143325595,0,0.7,1,,,,,,,Medium,Low,Urban,Medium,
37.31650416,-121.7805857,95148,0.39966291,1.156426955,0.13724819,0,0.7,1,,,,,,,Medium,Low,Urban,Medium,
37.31650416,-121.780464,95148,0.39966291,1.164687131,0.115256243,0,0.7,1,,,,,,,Medium,Low,Urban,Medium,
37.31650416,-121.7665668,95148,0.39966291,2.115670812,0.144602539,0,0.7,1,,,,,,,Medium,Low,Urban,Medium,
37.31650416,-121.7629758,95148,0.39966291,2.362623242,0.093987459,0,0.7,1,,,,,,,Medium,Low,Urban,Medium,
37.31650416,-121.7620382,95148,0.39966291,2.427141353,0.036260422,0,0.7,1,,,,,,,Medium,Low,Urban,Medium,
37.31837613,-121.8097178,95148,0.39966291,0.889786918,0.042465849,0,0.7,1,,,,,,,Medium,Low,Urban,Medium,
37.31837613,-121.8042273,95148,0.39966291,0.519704552,0.117779174,0,0.7,1,,,,,,,Medium,Low,Urban,Medium,
37.31837613,-121.8027454,95148,0.39966291,0.422653407,0.139130377,0,0.7,1,,,,,,,Medium,Low,Urban,Medium,
37.31837613,-121.7843274,95148,0.39966291,0.889873324,0.137909849,0,0.7,1,,,,,,,Medium,Low,Urban,Medium,
37.32058743,-121.8167924,95148,0.39966291,1.367731384,0.109968915,0,0.7,1,,,,,,,Medium,Low,Urban,Medium,
37.32058743,-121.7965299,95148,0.39966291,0.076816384,0.24182102,0,0.7,1,,,,,,,Medium,Low,Urban,Medium,
37.32058743,-121.7884257,95148,0.39966291,0.598047291,0.247530457,0,0.7,1,,,,,,,Medium,Low,Urban,Medium,
37.32058743,-121.7822678,95148,0.39966291,1.02188959,0.120073327,0,0.7,1,,,,,,,Medium,Low,Urban,Medium,
37.32058743,-121.7792497,95148,0.39966291,1.230039544,0.040137838,0,0.7,1,,,,,,,Medium,Low,Urban,Medium,
37.32058743,-121.7734852,95148,0.39966291,1.627880975,0.056919237,0,0.7,1,,,,,,,Medium,Low,Urban,Medium,
37.32058743,-121.7670089,95148,0.39966291,2.075063681,0.141898214,0,0.7,1,,,,,,,Medium,Low,Urban,Medium,
37.32194949,-121.8165192,95148,0.39966291,1.347257167,0.305503674,0,0.7,1,,,,,,,Medium,Low,Urban,Medium,
37.32194949,-121.8050957,95148,0.39966291,0.558115378,0.049524538,0,0.7,1,,,,,,,Medium,Low,Urban,Medium,
37.32194949,-121.8017808,95148,0.39966291,0.329294778,0.118477402,0,0.7,1,,,,,,,Medium,Low,Urban,Medium,
37.32194949,-121.7900071,95148,0.39966291,0.485184293,0.059775648,0,0.7,1,,,,,,,Medium,Low,Urban,Medium,
37.32194949,-121.7892637,95148,0.39966291,0.536514876,0.028936142,0,0.7,1,,,,,,,Medium,Low,Urban,Medium,
37.32454467,-121.8155774,95148,0.39966291,1.284250559,0.109865655,0,0.7,1,,,,,,,Medium,Low,Urban,Medium,
37.32454467,-121.8126586,95148,0.39966291,1.082979408,0.061444623,0,0.7,1,,,,,,,Medium,Low,Urban,Medium,
37.32454467,-121.8100093,95148,0.39966291,0.90045132,0.067101392,0,0.7,1,,,,,,,Medium,Low,Urban,Medium,
37.32645688,-121.8133076,95148,0.39966291,1.134496412,0.166927212,0,0.7,1,,,,,,,Medium,Low,Urban,Medium,
37.32645688,-121.8064881,95148,0.39966291,0.669850138,0.167054145,0,0.7,1,,,,,,,Medium,Low,Urban,Medium,
37.32645688,-121.806392,95148,0.39966291,0.663368547,0.162238319,0,0.7,1,,,,,,,Medium,Low,Urban,Medium,
37.32645688,-121.7994541,95148,0.39966291,0.221804405,0.130611646,0,0.7,1,,,,,,,Medium,Low,Urban,Medium,
37.32645688,-121.7863086,95148,0.39966291,0.754394347,0.127154119,0,0.7,1,,,,,,,Medium,Low,Urban,Medium,
37.3289879,-121.8109969,95148,0.39966291,0.994216916,0.025977568,0,0.7,1,,,,,,,Medium,Low,Urban,Medium,
37.3289879,-121.8010371,95148,0.39966291,0.364828418,0.053686434,0,0.7,1,,,,,,,Medium,Low,Urban,Medium,
37.3289879,-121.7965815,95148,0.39966291,0.238966554,0.053892261,0,0.7,1,,,,,,,Medium,Low,Urban,Medium,
37.3289879,-121.7902589,95148,0.39966291,0.524050876,0.084666497,0,0.7,1,,,,,,,Medium,Low,Urban,Medium,
37.3289879,-121.7854652,95148,0.39966291,0.83305237,0.219098822,0,0.7,1,,,,,,,Medium,Low,Urban,Medium,
37.3289879,-121.7717418,95148,0.39966291,1.762884162,0.093559568,0,0.7,1,,,,,,,Medium,Low,Urban,Medium,
37.3289879,-121.7655955,95148,0.39966291,2.184469242,0.048420159,0,0.7,1,,,,,,,Medium,Low,Urban,Medium,
37.3289879,-121.7598845,95148,0.39966291,2.577111686,0.053354125,0,0.7,1,,,,,,,Medium,Low,Urban,Medium,
37.33055368,-121.8173822,95148,0.39966291,1.437165185,0.13765522,0,0.7,1,,,,,,,Medium,Low,Urban,Medium,
37.33055368,-121.812316,95148,0.39966291,1.0968475,0.175389052,0,0.7,1,,,,,,,Medium,Low,Urban,Medium,
37.33055368,-121.7937443,95148,0.39966291,0.371177547,0.24980808,0,0.7,1,,,,,,,Medium,Low,Urban,Medium,
37.33055368,-121.7926078,95148,0.39966291,0.423700179,0.274432821,0,0.7,1,,,,,,,Medium,Low,Urban,Medium,
37.33229121,-121.819042,95148,0.39966291,1.562851019,0.100766221,0,0.7,1,,,,,,,Medium,Low,Urban,Medium,
37.33229121,-121.8095598,95148,0.39966291,0.937052614,0.063160264,0,0.7,1,,,,,,,Medium,Low,Urban,Medium,
37.33229121,-121.8066298,95148,0.39966291,0.753852688,0.072306239,0,0.7,1,,,,,,,Medium,Low,Urban,Medium,
37.33229121,-121.8001655,95148,0.39966291,0.418090027,0.252404069,0,0.7,1,,,,,,,Medium,Low,Urban,Medium,
37.33229121,-121.798001,95148,0.39966291,0.363613789,0.308707611,0,0.7,1,,,,,,,Medium,Low,Urban,Medium,
37.33229121,-121.7881697,95148,0.39966291,0.708427101,0.099722445,0,0.7,1,,,,,,,Medium,Low,Urban,Medium,
37.33306415,-121.8106995,95148,0.39966291,1.020595971,0.088600234,0,0.7,1,,,,,,,Medium,Low,Urban,Medium,
37.33306415,-121.8076433,95148,0.39966291,0.828902392,0.066245798,0,0.7,1,,,,,,,Medium,Low,Urban,Medium,
37.33306415,-121.8053851,95148,0.39966291,0.694559742,0.044695637,0,0.7,1,,,,,,,Medium,Low,Urban,Medium,
37.33306415,-121.7966541,95148,0.39966291,0.386261027,0.092258367,0,0.7,1,,,,,,,Medium,Low,Urban,Medium,
37.33306415,-121.7845803,95148,0.39966291,0.942188985,0.234986205,0,0.7,1,,,,,,,Medium,Low,Urban,Medium,
37.33306415,-121.767724,95148,0.39966291,2.060842076,0.151277805,0,0.7,1,,,,,,,Medium,Low,Urban,Medium,
37.33306415,-121.7656276,95148,0.39966291,2.20330897,0.152666172,0,0.7,1,,,,,,,Medium,Low,Urban,Medium,
37.33306415,-121.7615644,95148,0.39966291,2.480223658,0.157737749,0,0.7,1,,,,,,,Medium,Low,Urban,Medium,
37.33306415,-121.7575427,95148,0.39966291,2.755076082,0.158262277,0,0.7,1,,,,,,,Medium,Low,Urban,Medium,
37.3354207,-121.8134777,95148,0.39966291,1.23078241,0.095195982,0,0.7,1,,,,,,,Medium,Low,Urban,Medium,
37.3354207,-121.8117152,95148,0.39966291,1.119248748,0.10282136,0,0.7,1,,,,,,,Medium,Low,Urban,Medium,
37.3354207,-121.774199,95148,0.39966291,1.645952733,0.126586586,0,0.7,1,,,,,,,Medium,Low,Urban,Medium,
37.33694709,-121.806005,95148,0.39966291,0.814088538,0.223111726,0,0.7,1,,,,,,,Medium,Low,Urban,Medium,
37.33694709,-121.805921,95148,0.39966291,0.809672063,0.202050996,0,0.7,1,,,,,,,Medium,Low,Urban,Medium,
37.33694709,-121.8050277,95148,0.39966291,0.763854531,0.196593771,0,0.7,1,,,,,,,Medium,Low,Urban,Medium,
37.33694709,-121.797102,95148,0.39966291,0.52681942,0.100168063,0,0.7,1,,,,,,,Medium,Low,Urban,Medium,
37.33694709,-121.7754499,95148,0.39966291,1.580960637,0.118525269,0,0.7,1,,,,,,,Medium,Low,Urban,Medium,
37.33694709,-121.7694045,95148,0.39966291,1.979710637,0.130088741,0,0.7,1,,,,,,,Medium,Low,Urban,Medium,
37.33694709,-121.7583774,95148,0.39966291,2.721748248,0.192783168,0,0.7,1,,,,,,,Medium,Low,Urban,Medium,
37.33694709,-121.747512,95148,0.39966291,3.461376015,0.24983895,0,0.7,1,,,,,,,Medium,Low,Urban,Medium,
37.33847727,-121.8178355,95148,0.39966291,1.551631718,0.270671107,0,0.7,1,,,,,,,Medium,Low,Urban,Medium,
37.33847727,-121.7725116,95148,0.39966291,1.791003073,0.065614839,0,0.7,1,,,,,,,Medium,Low,Urban,Medium,
37.33847727,-121.7640507,95148,0.39966291,2.351545875,0.121886871,0,0.7,1,,,,,,,Medium,Low,Urban,Medium,
37.33847727,-121.7536984,95148,0.39966291,3.04972313,0.046544792,0,0.7,1,,,,,,,Medium,Low,Urban,Medium,
37.33847727,-121.7424329,95148,0.39966291,3.816708043,0.106192464,0,0.7,1,,,,,,,Medium,Low,Urban,Medium,
37.33972225,-121.8084397,95148,0.39966291,1.008253068,0.0978413,0,0.7,1,,,,,,,Medium,Low,Urban,Medium,
37.33972225,-121.7984492,95148,0.39966291,0.635526018,0.042000069,0,0.7,1,,,,,,,Medium,Low,Urban,Medium,
37.33972225,-121.7939644,95148,0.39966291,0.662427567,0.051582435,0,0.7,1,,,,,,,Medium,Low,Urban,Medium,
37.34144029,-121.8172725,95148,0.39966291,1.560312904,0.059450318,0,0.7,1,,,,,,,Medium,Low,Urban,Medium,
37.34144029,-121.7855484,95148,0.39966291,1.051257768,0.195135454,0,0.7,1,,,,,,,Medium,Low,Urban,Medium,
37.34144029,-121.7775304,95148,0.39966291,1.51345198,0.151480832,0,0.7,1,,,,,,,Medium,Low,Urban,Medium,
37.34144029,-121.7559185,95148,0.39966291,2.922849813,0.100009245,0,0.7,1,,,,,,,Medium,Low,Urban,Medium,
37.34144029,-121.7501874,95148,0.39966291,3.308971979,0.098544412,0,0.7,1,,,,,,,Medium,Low,Urban,Medium,
37.34215097,-121.8182266,95148,0.39966291,1.630900647,0.080656432,0,0.7,1,,,,,,,Medium,Low,Urban,Medium,
37.34215097,-121.8162348,95148,0.39966291,1.508466579,0.053596362,0,0.7,1,,,,,,,Medium,Low,Urban,Medium,
37.34215097,-121.8132643,95148,0.39966291,1.331397965,0.050353328,0,0.7,1,,,,,,,Medium,Low,Urban,Medium,
37.34215097,-121.807603,95148,0.39966291,1.023514617,0.029787066,0,0.7,1,,,,,,,Medium,Low,Urban,Medium,
37.34215097,-121.7848126,95148,0.39966291,1.106673279,0.238705235,0,0.7,1,,,,,,,Medium,Low,Urban,Medium,
37.34215097,-121.7623779,95148,0.39966291,2.498668301,0.019550157,0,0.7,1,,,,,,,Medium,Low,Urban,Medium,
37.34215097,-121.7577681,95148,0.39966291,2.805313373,0.054654651,0,0.7,1,,,,,,,Medium,Low,Urban,Medium,
37.34215097,-121.7512801,95148,0.39966291,3.240782004,0.145923848,0,0.7,1,,,,,,,Medium,Low,Urban,Medium,
37.34449653,-121.8080015,95148,0.39966291,1.103752959,0.2099503,0,0.7,1,,,,,,,Medium,Low,Urban,Medium,
37.34449653,-121.7751341,95148,0.39966291,1.711689362,0.176246078,0,0.7,1,,,,,,,Medium,Low,Urban,Medium,
37.34449653,-121.768889,95148,0.39966291,2.102694046,0.142865713,0,0.7,1,,,,,,,Medium,Low,Urban,Medium,
37.34449653,-121.7596139,95148,0.39966291,2.706228905,0.066804282,0,0.7,1,,,,,,,Medium,Low,Urban,Medium,
37.34452043,-121.8146728,95148,0.39966291,1.460012419,0.24581419,0,0.7,1,,,,,,,Medium,Low,Urban,Medium,
37.34667353,-121.8178037,95148,0.39966291,1.684696404,0.087903714,0,0.7,1,,,,,,,Medium,Low,Urban,Medium,
37.34667353,-121.8161939,95148,0.39966291,1.590944797,0.059029902,0,0.7,1,,,,,,,Medium,Low,Urban,Medium,
37.34667353,-121.8095233,95148,0.39966291,1.233813067,0.051341575,0,0.7,1,,,,,,,Medium,Low,Urban,Medium,
37.34667353,-121.7893202,95148,0.39966291,1.029149203,0.030412282,0,0.7,1,,,,,,,Medium,Low,Urban,Medium,
37.34667353,-121.7725375,95148,0.39966291,1.907362833,0.192591244,0,0.7,1,,,,,,,Medium,Low,Urban,Medium,
37.34667353,-121.762207,95148,0.39966291,2.5617862,0.214613836,0,0.7,1,,,,,,,Medium,Low,Urban,Medium,
37.34902014,-121.8183188,95148,0.39966291,1.760570964,0.190389865,0,0.7,1,,,,,,,Medium,Low,Urban,Medium,
37.34902014,-121.8055861,95148,0.39966291,1.133194784,0.157661116,0,0.7,1,,,,,,,Medium,Low,Urban,Medium,
37.34902014,-121.7972831,95148,0.39966291,0.966520786,0.132599188,0,0.7,1,,,,,,,Medium,Low,Urban,Medium,
37.34902014,-121.7918461,95148,0.39966291,1.030373441,0.149956645,0,0.7,1,,,,,,,Medium,Low,Urban,Medium,
37.34902014,-121.7912193,95148,0.39966291,1.046191065,0.099205911,0,0.7,1,,,,,,,Medium,Low,Urban,Medium,
37.34902014,-121.7763623,95148,0.39966291,1.723776045,0.114905215,0,0.7,1,,,,,,,Medium,Low,Urban,Medium,
37.34902014,-121.7568595,95148,0.39966291,2.93847446,0.062216223,0,0.7,1,,,,,,,Medium,Low,Urban,Medium,
37.34902014,-121.7461832,95148,0.39966291,3.64323491,0.127696907,0,0.7,1,,,,,,,Medium,Low,Urban,Medium,
37.34902014,-121.738998,95148,0.39966291,4.124034541,0.234742125,0,0.7,1,,,,,,,Medium,Low,Urban,Medium,
37.34902014,-121.7371749,95148,0.39966291,4.246601772,0.247652521,0,0.7,1,,,,,,,Medium,Low,Urban,Medium,
37.35085624,-121.8154102,95148,0.39966291,1.637742443,0.208515326,0,0.7,1,,,,,,,Medium,Low,Urban,Medium,
37.35085624,-121.8130309,95148,0.39966291,1.513740513,0.174635831,0,0.7,1,,,,,,,Medium,Low,Urban,Medium,
37.35085624,-121.8068414,95148,0.39966291,1.236136341,0.075538473,0,0.7,1,,,,,,,Medium,Low,Urban,Medium,
37.35085624,-121.8058759,95148,0.39966291,1.200806667,0.069830295,0,0.7,1,,,,,,,Medium,Low,Urban,Medium,
37.35085624,-121.802926,95148,0.39966291,1.11086948,0.006073207,0,0.7,1,,,,,,,Medium,Low,Urban,Medium,
37.35085624,-121.8018977,95148,0.39966291,1.086779147,0.053097327,0,0.7,1,,,,,,,Medium,Low,Urban,Medium,
37.35085624,-121.7915197,95148,0.39966291,1.100887632,0.23407048,0,0.7,1,,,,,,,Medium,Low,Urban,Medium,
37.35214756,-121.8121722,95148,0.39966291,1.504344221,0.262763811,0,0.7,1,,,,,,,Medium,Low,Urban,Medium,
37.35214756,-121.8034702,95148,0.39966291,1.168552249,0.193424879,0,0.7,1,,,,,,,Medium,Low,Urban,Medium,
37.35214756,-121.7985261,95148,0.39966291,1.085216752,0.145766925,0,0.7,1,,,,,,,Medium,Low,Urban,Medium,
37.35214756,-121.7906503,95148,0.39966291,1.166434708,0.102690442,0,0.7,1,,,,,,,Medium,Low,Urban,Medium,
37.35214756,-121.7858024,95148,0.39966291,1.329527097,0.125249889,0,0.7,1,,,,,,,Medium,Low,Urban,Medium,
37.35214756,-121.782183,95148,0.39966291,1.489254914,0.192663309,0,0.7,1,,,,,,,Medium,Low,Urban,Medium,
37.35214756,-121.7777877,95148,0.39966291,1.71254993,0.230076457,0,0.7,1,,,,,,,Medium,Low,Urban,Medium,
37.35214756,-121.7621367,95148,0.39966291,2.641327729,0.089065908,0,0.7,1,,,,,,,Medium,Low,Urban,Medium,
37.35476489,-121.8142213,95148,0.39966291,1.671717144,0.151494905,0,0.7,1,,,,,,,Medium,Low,Urban,Medium,
37.35476489,-121.7946733,95148,0.39966291,1.18663063,0.035707011,0,0.7,1,,,,,,,Medium,Low,Urban,Medium,
37.35476489,-121.7861432,95148,0.39966291,1.395198734,0.013251822,0,0.7,1,,,,,,,Medium,Low,Urban,Medium,
37.35476489,-121.766756,95148,0.39966291,2.398870958,0.208476766,0,0.7,1,,,,,,,Medium,Low,Urban,Medium,
37.35476489,-121.7541772,95148,0.39966291,3.185133777,0.167924738,0,0.7,1,,,,,,,Medium,Low,Urban,Medium,
37.35687459,-121.8026623,95148,0.39966291,1.311628515,0.077652359,0,0.7,1,,,,,,,Medium,Low,Urban,Medium,
37.3581442,-121.8105411,95148,0.39966291,1.599780563,0.035347132,0,0.7,1,,,,,,,Medium,Low,Urban,Medium,
37.3581442,-121.8017835,95148,0.39966291,1.339636138,0.109254777,0,0.7,1,,,,,,,Medium,Low,Urban,Medium,
37.3581442,-121.7993156,95148,0.39966291,1.308208209,0.167765138,0,0.7,1,,,,,,,Medium,Low,Urban,Medium,
37.3581442,-121.7896721,95148,0.39966291,1.394229588,0.135088406,0,0.7,1,,,,,,,Medium,Low,Urban,Medium,
37.3581442,-121.7835368,95148,0.39966291,1.598117759,0.07482899,0,0.7,1,,,,,,,Medium,Low,Urban,Medium,
37.3581442,-121.7794601,95148,0.39966291,1.777116068,0.029771609,0,0.7,1,,,,,,,Medium,Low,Urban,Medium,
37.3581442,-121.764939,95148,0.39966291,2.568958033,0.055607188,0,0.7,1,,,,,,,Medium,Low,Urban,Medium,
37.35870644,-121.8108238,95148,0.39966291,1.62781662,0.166199635,0,0.7,1,,,,,,,Medium,Low,Urban,Medium,
37.35870644,-121.7935695,95148,0.39966291,1.340364943,0.277394713,0,0.7,1,,,,,,,Medium,Low,Urban,Medium,
37.35870644,-121.7899062,95148,0.39966291,1.4075821,0.306104045,0,0.7,1,,,,,,,Medium,Low,Urban,Medium,
37.35870644,-121.7832679,95148,0.39966291,1.625577955,0.231831883,0,0.7,1,,,,,,,Medium,Low,Urban,Medium,
37.35870644,-121.7787342,95148,0.39966291,1.826449624,0.140286117,0,0.7,1,,,,,,,Medium,Low,Urban,Medium,
37.36073365,-121.814898,95148,0.39966291,1.861824827,0.050450648,0,0.7,1,,,,,,,Medium,Low,Urban,Medium,
37.36073365,-121.8009599,95148,0.39966291,1.419207934,0.147777406,0,0.7,1,,,,,,,Medium,Low,Urban,Medium,
37.36073365,-121.7964329,95148,0.39966291,1.393405532,0.096141331,0,0.7,1,,,,,,,Medium,Low,Urban,Medium,
37.36073365,-121.7912159,95148,0.39966291,1.44936306,0.069830575,0,0.7,1,,,,,,,Medium,Low,Urban,Medium,
37.36073365,-121.7848501,95148,0.39966291,1.626897803,0.070160479,0,0.7,1,,,,,,,Medium,Low,Urban,Medium,
37.36073365,-121.7747276,95148,0.39966291,2.076562772,0.062848084,0,0.7,1,,,,,,,Medium,Low,Urban,Medium,
37.3623667,-121.8141797,95148,0.39966291,1.874954489,0.005454836,0,0.7,1,,,,,,,Medium,Low,Urban,Medium,
37.3623667,-121.8063912,95148,0.39966291,1.590175802,0.06815707,0,0.7,1,,,,,,,Medium,Low,Urban,Medium,
37.3623667,-121.7927886,95148,0.39966291,1.481375797,0.198718607,0,0.7,1,,,,,,,Medium,Low,Urban,Medium,
37.3623667,-121.7683711,95148,0.39966291,2.454995827,0.071884909,0,0.7,1,,,,,,,Medium,Low,Urban,Medium,
37.3623667,-121.7593166,95148,0.39966291,2.982481328,0.062081022,0,0.7,1,,,,,,,Medium,Low,Urban,Medium,
37.3623667,-121.7409533,95148,0.39966291,4.137147502,0.056152392,0,0.7,1,,,,,,,Medium,Low,Urban,Medium,
37.3623667,-121.7377657,95148,0.39966291,4.344074671,0.066321811,0,0.7,1,,,,,,,Medium,Low,Urban,Medium,
37.36454465,-121.8134834,95148,0.39966291,1.907975663,0.098563371,0,0.7,1,,,,,,,Medium,Low,Urban,Medium,
37.36454465,-121.7711374,95148,0.39966291,2.354417673,0.119399962,0,0.7,1,,,,,,,Medium,Low,Urban,Medium,
37.36454465,-121.7566971,95148,0.39966291,3.179200111,0.035345982,0,0.7,1,,,,,,,Medium,Low,Urban,Medium,
37.36619785,-121.8063573,95148,0.39966291,1.717655717,0.23095187,0,0.7,1,,,,,,,Medium,Low,Urban,Medium,
37.36619785,-121.7971016,95148,0.39966291,1.591772878,0.246985061,0,0.7,1,,,,,,,Medium,Low,Urban,Medium,
37.36619785,-121.7962097,95148,0.39966291,1.59273615,0.296966854,0,0.7,1,,,,,,,Medium,Low,Urban,Medium,
37.36619785,-121.7885218,95148,0.39966291,1.696519164,0.308949257,0,0.7,1,,,,,,,Medium,Low,Urban,Medium,
37.36619785,-121.7854139,95148,0.39966291,1.782238218,0.268717446,0,0.7,1,,,,,,,Medium,Low,Urban,Medium,
37.36744695,-121.8079148,95148,0.39966291,1.802150543,0.198181014,0,0.7,1,,,,,,,Medium,Low,Urban,Medium,
37.36744695,-121.8015529,95148,0.39966291,1.666989681,0.310400132,0,0.7,1,,,,,,,Medium,Low,Urban,Medium,
37.3689157,-121.8115518,95148,0.39966291,1.96658774,0.032767821,0,0.7,1,,,,,,,Medium,Low,Urban,Medium,
37.3689157,-121.805162,95148,0.39966291,1.781971772,0.034183996,0,0.7,1,,,,,,,Medium,Low,Urban,Medium,
37.3689157,-121.8008918,95148,0.39966291,1.711805291,0.078366294,0,0.7,1,,,,,,,Medium,Low,Urban,Medium,
37.3689157,-121.7828717,95148,0.39966291,1.952831146,0.110788639,0,0.7,1,,,,,,,Medium,Low,Urban,Medium,
37.3704072,-121.803106,95148,0.39966291,1.795065152,0.014290505,0,0.7,1,,,,,,,Medium,Low,Urban,Medium,
37.3704072,-121.7998012,95148,0.39966291,1.755610135,0.087943348,0,0.7,1,,,,,,,Medium,Low,Urban,Medium,
37.3704072,-121.7957377,95148,0.39966291,1.747245363,0.108018413,0,0.7,1,,,,,,,Medium,Low,Urban,Medium,
37.3704072,-121.7825131,95148,0.39966291,2.012234557,0.18845081,0,0.7,1,,,,,,,Medium,Low,Urban,Medium,
37.3704072,-121.7818861,95148,0.39966291,2.034154987,0.187957093,0,0.7,1,,,,,,,Medium,Low,Urban,Medium,
37.37090691,-121.8086663,95148,0.39966291,1.938338797,0.179574511,0,0.7,1,,,,,,,Medium,Low,Urban,Medium,
37.37090691,-121.7984497,95148,0.39966291,1.765998867,0.166717802,0,0.7,1,,,,,,,Medium,Low,Urban,Medium,
37.37090691,-121.7880935,95148,0.39966291,1.867847533,0.141241237,0,0.7,1,,,,,,,Medium,Low,Urban,Medium,
37.37090691,-121.7647214,95148,0.39966291,2.843911881,0.072279733,0,0.7,1,,,,,,,Medium,Low,Urban,Medium,
37.37090691,-121.7448665,95148,0.39966291,4.011546665,0.087314182,0,0.7,1,,,,,,,Medium,Low,Urban,Medium,
37.37236348,-121.8090194,95148,0.39966291,1.996729173,0.077983822,0,0.7,1,,,,,,,Medium,Low,Urban,Medium,
37.37236348,-121.8059038,95148,0.39966291,1.917313529,0.046977526,0,0.7,1,,,,,,,Medium,Low,Urban,Medium,
37.37236348,-121.8049276,95148,0.39966291,1.896778634,0.007366314,0,0.7,1,,,,,,,Medium,Low,Urban,Medium,
37.37236348,-121.7900119,95148,0.39966291,1.879573472,0.201153824,0,0.7,1,,,,,,,Medium,Low,Urban,Medium,
37.37236348,-121.7691331,95148,0.39966291,2.647647052,0.171317934,0,0.7,1,,,,,,,Medium,Low,Urban,Medium,
37.37236348,-121.7457877,95148,0.39966291,3.97836534,0.098740322,0,0.7,1,,,,,,,Medium,Low,Urban,Medium,
37.37402157,-121.7876218,95148,0.39966291,1.985634041,0.276726029,0,0.7,1,,,,,,,Medium,Low,Urban,Medium,
37.37402157,-121.7857442,95148,0.39966291,2.031735413,0.30946386,0,0.7,1,,,,,,,Medium,Low,Urban,Medium,
37.37555722,-121.7929881,95148,0.39966291,1.952422706,0.131365386,0,0.7,1,,,,,,,Medium,Low,Urban,Medium,
37.37555722,-121.7821461,95148,0.39966291,2.188564,0.088447773,0,0.7,1,,,,,,,Medium,Low,Urban,Medium,
37.37731751,-121.807501,95148,0.39966291,2.124095016,0.122189237,0,0.7,1,,,,,,,Medium,Low,Urban,Medium,
37.37731751,-121.7983222,95148,0.39966291,1.998662622,0.016160391,0,0.7,1,,,,,,,Medium,Low,Urban,Medium,
37.37731751,-121.7843944,95148,0.39966291,2.178648868,0.124905467,0,0.7,1,,,,,,,Medium,Low,Urban,Medium,
37.37731751,-121.7628232,95148,0.39966291,3.09306703,0.139398644,0,0.7,1,,,,,,,Medium,Low,Urban,Medium,
37.37731751,-121.7599765,95148,0.39966291,3.24578133,0.119203789,0,0.7,1,,,,,,,Medium,Low,Urban,Medium,
37.37731751,-121.7294738,95148,0.39966291,5.075873625,0.037884731,0,0.7,1,,,,,,,Medium,Low,Urban,Medium,
37.37731751,-121.7290292,95148,0.39966291,5.104132237,0.03768331,0,0.7,1,,,,,,,Medium,Low,Urban,Medium,
37.37731751,-121.7256804,95148,0.39966291,5.31785827,0.076875527,0,0.7,1,,,,,,,Medium,Low,Urban,Medium,
37.37731751,-121.7189557,95148,0.39966291,5.751171404,0.079214382,0,0.7,1,,,,,,,Medium,Low,Urban,Medium,
37.37991662,-121.7702754,95148,0.39966291,2.790320347,0.194993937,0,0.7,1,,,,,,,Medium,Low,Urban,Medium,
37.37991662,-121.7667086,95148,0.39966291,2.959256963,0.156507808,0,0.7,1,,,,,,,Medium,Low,Urban,Medium,
37.37991662,-121.7509998,95148,0.39966291,3.805355551,0.052924726,0,0.7,1,,,,,,,Medium,Low,Urban,Medium,
37.37991662,-121.7504586,95148,0.39966291,3.836653122,0.064640491,0,0.7,1,,,,,,,Medium,Low,Urban,Medium,
37.38150858,-121.7999813,95148,0.39966291,2.158985892,0.135420546,0,0.7,1,,,,,,,Medium,Low,Urban,Medium,
37.38150858,-121.7802855,95148,0.39966291,2.440178597,0.28333313,0,0.7,1,,,,,,,Medium,Low,Urban,Medium,
37.38172833,-121.8091172,95148,0.39966291,2.313746996,0.223299445,0,0.7,1,,,,,,,Medium,Low,Urban,Medium,
37.38172833,-121.8031442,95148,0.39966291,2.198452638,0.166846082,0,0.7,1,,,,,,,Medium,Low,Urban,Medium,
37.38172833,-121.7971527,95148,0.39966291,2.15722305,0.124878825,0,0.7,1,,,,,,,Medium,Low,Urban,Medium,
37.38172833,-121.7708641,95148,0.39966291,2.813765978,0.320389035,0,0.7,1,,,,,,,Medium,Low,Urban,Medium,
37.38254026,-121.7969157,95148,0.39966291,2.186771122,0.124920917,0,0.7,1,,,,,,,Medium,Low,Urban,Medium,
37.38254026,-121.7930298,95148,0.39966291,2.203981187,0.121351512,0,0.7,1,,,,,,,Medium,Low,Urban,Medium,
37.38254026,-121.7863938,95148,0.39966291,2.306500895,0.095305692,0,0.7,1,,,,,,,Medium,Low,Urban,Medium,
37.38254026,-121.7707677,95148,0.39966291,2.840723252,0.096054305,0,0.7,1,,,,,,,Medium,Low,Urban,Medium,
37.38254026,-121.7655286,95148,0.39966291,3.084407034,0.116455456,0,0.7,1,,,,,,,Medium,Low,Urban,Medium,
37.38254026,-121.7637146,95148,0.39966291,3.174047614,0.14050762,0,0.7,1,,,,,,,Medium,Low,Urban,Medium,
37.38518162,-121.7881403,95148,0.39966291,2.363726828,0.081028518,0,0.7,1,,,,,,,Medium,Low,Urban,Medium,
37.38518162,-121.7671524,95148,0.39966291,3.076931407,0.096415801,0,0.7,1,,,,,,,Medium,Low,Urban,Medium,
37.38761416,-121.7947563,95148,0.39966291,2.37658596,0.128534396,0,0.7,1,,,,,,,Medium,Low,Urban,Medium,
37.38761416,-121.7857134,95148,0.39966291,2.496580295,0.119042366,0,0.7,1,,,,,,,Medium,Low,Urban,Medium,
37.38761416,-121.7687763,95148,0.39966291,3.070672694,0.156581374,0,0.7,1,,,,,,,Medium,Low,Urban,Medium,
37.39013772,-121.7981447,95148,0.39966291,2.464629555,0.270033155,0,0.7,1,,,,,,,Medium,Low,Urban,Medium,
37.39013772,-121.797581,95148,0.39966291,2.463693053,0.276503675,0,0.7,1,,,,,,,Medium,Low,Urban,Medium,
37.39013772,-121.7970101,95148,0.39966291,2.46337203,0.281050629,0,0.7,1,,,,,,,Medium,Low,Urban,Medium,
37.39013772,-121.7858977,95148,0.39966291,2.580170971,0.261200928,0,0.7,1,,,,,,,Medium,Low,Urban,Medium,
37.39013772,-121.7705056,95148,0.39966291,3.069369476,0.141967725,0,0.7,1,,,,,,,Medium,Low,Urban,Medium,
37.39013772,-121.7642729,95148,0.39966291,3.344197495,0.191235062,0,0.7,1,,,,,,,Medium,Low,Urban,Medium,
37.39013772,-121.7594987,95148,0.39966291,3.575571399,0.24759842,0,0.7,1,,,,,,,Medium,Low,Urban,Medium,
37.39013772,-121.7538223,95148,0.39966291,3.869309096,0.247682786,0,0.7,1,,,,,,,Medium,Low,Urban,Medium,
37.39216313,-121.7987052,95148,0.39966291,2.539834601,0.079483802,0,0.7,1,,,,,,,Medium,Low,Urban,Medium,
37.39216313,-121.7936203,95148,0.39966291,2.54786631,0.115890999,0,0.7,1,,,,,,,Medium,Low,Urban,Medium,
37.39216313,-121.7913949,95148,0.39966291,2.566550048,0.117187026,0,0.7,1,,,,,,,Medium,Low,Urban,Medium,
37.39216313,-121.7779861,95148,0.39966291,2.857243546,0.107889849,0,0.7,1,,,,,,,Medium,Low,Urban,Medium,
37.39216313,-121.7719263,95148,0.39966291,3.072401248,0.118576008,0,0.7,1,,,,,,,Medium,Low,Urban,Medium,
37.39216313,-121.768355,95148,0.39966291,3.218036504,0.089831349,0,0.7,1,,,,,,,Medium,Low,Urban,Medium,
37.39216313,-121.757078,95148,0.39966291,3.74806516,0.066412295,0,0.7,1,,,,,,,Medium,Low,Urban,Medium,
37.39216313,-121.7504062,95148,0.39966291,4.099289216,0.12955593,0,0.7,1,,,,,,,Medium,Low,Urban,Medium,
37.39216313,-121.7478147,95148,0.39966291,4.241386445,0.172453146,0,0.7,1,,,,,,,Medium,Low,Urban,Medium,
37.39468838,-121.7907359,95148,0.39966291,2.66447841,0.098147289,0,0.7,1,,,,,,,Medium,Low,Urban,Medium,
37.39468838,-121.7833274,95148,0.39966291,2.793715613,0.074247013,0,0.7,1,,,,,,,Medium,Low,Urban,Medium,
37.39468838,-121.7798091,95148,0.39966291,2.885028825,0.100267176,0,0.7,1,,,,,,,Medium,Low,Urban,Medium,
37.39468838,-121.7793328,95148,0.39966291,2.898736762,0.035137433,0,0.7,1,,,,,,,Medium,Low,Urban,Medium,
37.39468838,-121.7781206,95148,0.39966291,2.935000246,0.024100134,0,0.7,1,,,,,,,Medium,Low,Urban,Medium,
37.39468838,-121.777564,95148,0.39966291,2.952298108,0.045748762,0,0.7,1,,,,,,,Medium,Low,Urban,Medium,
37.39468838,-121.772297,95148,0.39966291,3.134674098,0.062420484,0,0.7,1,,,,,,,Medium,Low,Urban,Medium,
37.39468838,-121.7707787,95148,0.39966291,3.193020311,0.063021041,0,0.7,1,,,,,,,Medium,Low,Urban,Medium,
37.39468838,-121.7627161,95148,0.39966291,3.539029865,0.038069732,0,0.7,1,,,,,,,Medium,Low,Urban,Medium,
37.39634043,-121.7773527,95148,0.39966291,3.012508332,0.103367571,0,0.7,1,,,,,,,Medium,Low,Urban,Medium,
37.39634043,-121.7757057,95148,0.39966291,3.065482727,0.10251533,0,0.7,1,,,,,,,Medium,Low,Urban,Medium,
37.39634043,-121.7619507,95148,0.39966291,3.61907343,0.105457099,0,0.7,1,,,,,,,Medium,Low,Urban,Medium,
37.39634043,-121.745646,95148,0.39966291,4.452435928,0.140613531,0,0.7,1,,,,,,,Medium,Low,Urban,Medium,
37.39634043,-121.7408878,95148,0.39966291,4.718652669,0.17371673,0,0.7,1,,,,,,,Medium,Low,Urban,Medium,
37.39902539,-121.8057557,95148,0.39966291,2.851862234,0.257995486,0,0.7,1,,,,,,,Medium,Low,Urban,Medium,
37.39902539,-121.7876497,95148,0.39966291,2.86087201,0.170209092,0,0.7,1,,,,,,,Medium,Low,Urban,Medium,
37.39902539,-121.779932,95148,0.39966291,3.026231798,0.139321511,0,0.7,1,,,,,,,Medium,Low,Urban,Medium,
37.40095093,-121.7956588,95148,0.39966291,2.858563476,0.112706484,0,0.7,1,,,,,,,Medium,Low,Urban,Medium,
37.40095093,-121.789847,95148,0.39966291,2.899489994,0.118743082,0,0.7,1,,,,,,,Medium,Low,Urban,Medium,
37.40095093,-121.7681311,95148,0.39966291,3.484495253,0.044343554,0,0.7,1,,,,,,,Medium,Low,Urban,Medium,
37.40095093,-121.7566211,95148,0.39966291,3.993379683,0.13418858,0,0.7,1,,,,,,,Medium,Low,Urban,Medium,
37.40095093,-121.7452599,95148,0.39966291,4.576448413,0.151114187,0,0.7,1,,,,,,,Medium,Low,Urban,Medium,
37.32058743,-121.952438,95050,0.315346396,1.565207656,0.281239663,0,0.7,1,,,,,,,Low,Low,Urban,Medium,
37.32058743,-121.9509107,95050,0.315346396,1.50930619,0.312056173,0,0.7,1,,,,,,,Low,Low,Urban,Medium,
37.32194949,-121.94932,95050,0.315346396,1.412573845,0.269889783,0,0.7,1,,,,,,,Low,Low,Urban,Medium,
37.32454467,-121.9541232,95050,0.315346396,1.519586346,0.245657965,0,0.7,1,,,,,,,Low,Low,Urban,Medium,
37.32454467,-121.9519304,95050,0.315346396,1.426213832,0.24116489,0,0.7,1,,,,,,,Low,Low,Urban,Medium,
37.32454467,-121.9415257,95050,0.315346396,1.163943512,0.315220691,0,0.7,1,,,,,,,Low,Low,Urban,Medium,
37.32645688,-121.9444065,95050,0.315346396,1.13237822,0.098424161,0,0.7,1,,,,,,,Low,Low,Urban,Medium,
37.32645688,-121.9388501,95050,0.315346396,1.090921537,0.094970671,0,0.7,1,,,,,,,Low,Low,Urban,Medium,
37.3289879,-121.9561356,95050,0.315346396,1.436162137,0.145943169,0,0.7,1,,,,,,,Low,Low,Urban,Medium,
37.3289879,-121.9557449,95050,0.315346396,1.422897354,0.149275355,0,0.7,1,,,,,,,Low,Low,Urban,Medium,
37.3289879,-121.9447439,95050,0.315346396,1.050942166,0.062123594,0,0.7,1,,,,,,,Low,Low,Urban,Medium,
37.3289879,-121.9375332,95050,0.315346396,1.009270749,0.055214676,0,0.7,1,,,,,,,Low,Low,Urban,Medium,
37.3289879,-121.9349935,95050,0.315346396,1.05196011,0.050198381,0,0.7,1,,,,,,,Low,Low,Urban,Medium,
37.33306415,-121.950697,95050,0.315346396,1.129072077,0.134959405,0,0.7,1,,,,,,,Low,Low,Urban,Medium,
37.33306415,-121.9442772,95050,0.315346396,0.899575791,0.189049991,0,0.7,1,,,,,,,Low,Low,Urban,Medium,
37.3354207,-121.9593748,95050,0.315346396,1.257099373,0.106531556,0,0.7,1,,,,,,,Low,Low,Urban,Medium,
37.3354207,-121.9569591,95050,0.315346396,1.240952916,0.080166052,0,0.7,1,,,,,,,Low,Low,Urban,Medium,
37.3354207,-121.9484343,95050,0.315346396,0.962943209,0.090787128,0,0.7,1,,,,,,,Low,Low,Urban,Medium,
37.3354207,-121.9415979,95050,0.315346396,0.769944772,0.027766814,0,0.7,1,,,,,,,Low,Low,Urban,Medium,
37.33694709,-121.9596704,95050,0.315346396,1.205687291,0.059255866,0,0.7,1,,,,,,,Low,Low,Urban,Medium,
37.33694709,-121.949593,95050,0.315346396,0.972808974,0.137379147,0,0.7,1,,,,,,,Low,Low,Urban,Medium,
37.33694709,-121.9461347,95050,0.315346396,0.826522529,0.202572865,0,0.7,1,,,,,,,Low,Low,Urban,Medium,
37.33694709,-121.9432617,95050,0.315346396,0.74250715,0.331118098,0,0.7,1,,,,,,,Low,Low,Urban,Medium,
37.33847727,-121.9595879,95050,0.315346396,1.149649065,0.27542928,0,0.7,1,,,,,,,Low,Low,Urban,Medium,
37.33847727,-121.953893,95050,0.315346396,1.05878221,0.267609142,0,0.7,1,,,,,,,Low,Low,Urban,Medium,
37.33847727,-121.9498762,95050,0.315346396,0.941677558,0.255896674,0,0.7,1,,,,,,,Low,Low,Urban,Medium,
37.33847727,-121.9432203,95050,0.315346396,0.68864867,0.252677121,0,0.7,1,,,,,,,Low,Low,Urban,Medium,
37.34144029,-121.9549791,95050,0.315346396,1.013871735,0.062310501,0,0.7,1,,,,,,,Low,Low,Urban,Medium,
37.34144029,-121.953429,95050,0.315346396,0.950372868,0.092475763,0,0.7,1,,,,,,,Low,Low,Urban,Medium,
37.34144029,-121.9486008,95050,0.315346396,0.808992039,0.088812793,0,0.7,1,,,,,,,Low,Low,Urban,Medium,
37.34144029,-121.9336307,95050,0.315346396,0.692664157,0.135426979,0,0.7,1,,,,,,,Low,Low,Urban,Medium,
37.34215097,-121.9595903,95050,0.315346396,1.018100094,0.07440853,0,0.7,1,,,,,,,Low,Low,Urban,Medium,
37.34215097,-121.9564436,95050,0.315346396,0.994255125,0.039607384,0,0.7,1,,,,,,,Low,Low,Urban,Medium,
37.34215097,-121.9505985,95050,0.315346396,0.833237825,0.100455194,0,0.7,1,,,,,,,Low,Low,Urban,Medium,
37.34215097,-121.9428265,95050,0.315346396,0.553298613,0.039035935,0,0.7,1,,,,,,,Low,Low,Urban,Medium,
37.34215097,-121.9369164,95050,0.315346396,0.554438429,0.029180101,0,0.7,1,,,,,,,Low,Low,Urban,Medium,
37.34215097,-121.9346134,95050,0.315346396,0.631032562,0.029058248,0,0.7,1,,,,,,,Low,Low,Urban,Medium,
37.34215097,-121.9331463,95050,0.315346396,0.694588693,0.048595626,0,0.7,1,,,,,,,Low,Low,Urban,Medium,
37.34449653,-121.9620297,95050,0.315346396,0.987696544,0.046118295,0,0.7,1,,,,,,,Low,Low,Urban,Medium,
37.34449653,-121.9571927,95050,0.315346396,0.910038828,0.023554032,0,0.7,1,,,,,,,Low,Low,Urban,Medium,
37.34449653,-121.9449996,95050,0.315346396,0.555511693,0.079538592,0,0.7,1,,,,,,,Low,Low,Urban,Medium,
37.34452043,-121.94801,95050,0.315346396,0.694469299,0.076702437,0,0.7,1,,,,,,,Low,Low,Urban,Medium,
37.34452043,-121.9380778,95050,0.315346396,0.446251339,0.14227651,0,0.7,1,,,,,,,Low,Low,Urban,Medium,
37.34667353,-121.959142,95050,0.315346396,0.849915424,0.186560601,0,0.7,1,,,,,,,Low,Low,Urban,Medium,
37.34667353,-121.9425997,95050,0.315346396,0.39638554,0.133964368,0,0.7,1,,,,,,,Low,Low,Urban,Medium,
37.34667353,-121.9378106,95050,0.315346396,0.378025645,0.095940389,0,0.7,1,,,,,,,Low,Low,Urban,Medium,
37.34902014,-121.9558582,95050,0.315346396,0.744055441,0.030745766,0,0.7,1,,,,,,,Low,Low,Urban,Medium,
37.34902014,-121.941428,95050,0.315346396,0.284246532,0.024931503,0,0.7,1,,,,,,,Low,Low,Urban,Medium,
37.35085624,-121.9541506,95050,0.315346396,0.693864833,0.288126165,0,0.7,1,,,,,,,Low,Low,Urban,Medium,
37.35085624,-121.9459741,95050,0.315346396,0.445691204,0.314543425,0,0.7,1,,,,,,,Low,Low,Urban,Medium,
37.35085624,-121.9434027,95050,0.315346396,0.312135137,0.294327976,0,0.7,1,,,,,,,Low,Low,Urban,Medium,
37.35085624,-121.9317283,95050,0.315346396,0.597544805,0.267439387,0,0.7,1,,,,,,,Low,Low,Urban,Medium,
37.35214756,-121.9575913,95050,0.315346396,0.633835957,0.301937017,0,0.7,1,,,,,,,Low,Low,Urban,Medium,
37.35687459,-121.9615119,95050,0.315346396,0.575691977,0.069613864,0,0.7,1,,,,,,,Low,Low,Urban,Medium,
37.35687459,-121.9576585,95050,0.315346396,0.463723058,0.072984469,0,0.7,1,,,,,,,Low,Low,Urban,Medium,
37.35687459,-121.955704,95050,0.315346396,0.458482298,0.08111467,0,0.7,1,,,,,,,Low,Low,Urban,Medium,
37.35687459,-121.9457201,95050,0.315346396,0.22548902,0.138493673,0,0.7,1,,,,,,,Low,Low,Urban,Medium,
37.35687459,-121.938848,95050,0.315346396,0.075997161,0.10341715,0,0.7,1,,,,,,,Low,Low,Urban,Medium,
37.3581442,-121.9621993,95050,0.315346396,0.571759338,0.029113435,0,0.7,1,,,,,,,Low,Low,Urban,Medium,
37.3581442,-121.9382759,95050,0.315346396,0.131825196,0.035711325,0,0.7,1,,,,,,,Low,Low,Urban,Medium,
37.3581442,-121.936595,95050,0.315346396,0.238430414,0.05845976,0,0.7,1,,,,,,,Low,Low,Urban,Medium,
37.3581442,-121.9317503,95050,0.315346396,0.567059228,0.108462381,0,0.7,1,,,,,,,Low,Low,Urban,Medium,
37.35870644,-121.9645487,95050,0.315346396,0.682969623,0.111737264,0,0.7,1,,,,,,,Low,Low,Urban,Medium,
37.35870644,-121.9471911,95050,0.315346396,0.186095145,0.075415437,0,0.7,1,,,,,,,Low,Low,Urban,Medium,
37.35870644,-121.9417769,95050,0.315346396,0.158351198,0.125607917,0,0.7,1,,,,,,,Low,Low,Urban,Medium,
37.35870644,-121.9394196,95050,0.315346396,0.09610193,0.166744251,0,0.7,1,,,,,,,Low,Low,Urban,Medium,
37.3591481,-121.9486704,95050,0.315346396,0.245284133,0.032453949,0,0.7,1,,,,,,,Low,Low,Urban,Medium,
37.3591481,-121.9392205,95050,0.315346396,0.11621068,0.104602667,0,0.7,1,,,,,,,Low,Low,Urban,Medium,
37.3591481,-121.9306072,95050,0.315346396,0.650506632,0.070069606,0,0.7,1,,,,,,,Low,Low,Urban,Medium,
37.36073365,-121.9612848,95050,0.315346396,0.460305693,0.045341736,0,0.7,1,,,,,,,Low,Low,Urban,Medium,
37.36073365,-121.9591839,95050,0.315346396,0.367984388,0.013833977,0,0.7,1,,,,,,,Low,Low,Urban,Medium,
37.36073365,-121.9485583,95050,0.315346396,0.209731709,0.252407472,0,0.7,1,,,,,,,Low,Low,Urban,Medium,
37.36073365,-121.9347766,95050,0.315346396,0.389993579,0.297627865,0,0.7,1,,,,,,,Low,Low,Urban,Medium,
37.36073365,-121.9320209,95050,0.315346396,0.568352899,0.279404148,0,0.7,1,,,,,,,Low,Low,Urban,Medium,
37.3623667,-121.9648202,95050,0.315346396,0.633779612,0.276797646,0,0.7,1,,,,,,,Low,Low,Urban,Medium,
37.3623667,-121.9557426,95050,0.315346396,0.259228176,0.308873873,0,0.7,1,,,,,,,Low,Low,Urban,Medium,
37.3623667,-121.9298894,95050,0.315346396,0.726747283,0.044705319,0,0.7,1,,,,,,,Low,Low,Urban,Medium,
37.36454465,-121.9586365,95050,0.315346396,0.232638649,0.051224535,0,0.7,1,,,,,,,Low,Low,Urban,Medium,
37.36454465,-121.9364796,95050,0.315346396,0.384615116,0.064184625,0,0.7,1,,,,,,,Low,Low,Urban,Medium,
37.36454465,-121.9357816,95050,0.315346396,0.415950334,0.059154671,0,0.7,1,,,,,,,Low,Low,Urban,Medium,
37.36454465,-121.9347943,95050,0.315346396,0.465233443,0.054422055,0,0.7,1,,,,,,,Low,Low,Urban,Medium,
37.36619785,-121.9605304,95050,0.315346396,0.306167342,0.037087437,0,0.7,1,,,,,,,Low,Low,Urban,Medium,
37.36619785,-121.9550598,95050,0.315346396,0.148508431,0.04890666,0,0.7,1,,,,,,,Low,Low,Urban,Medium,
37.36619785,-121.9388813,95050,0.315346396,0.344183942,0.030669202,0,0.7,1,,,,,,,Low,Low,Urban,Medium,
37.36744695,-121.9617677,95050,0.315346396,0.375729996,0.030093388,0,0.7,1,,,,,,,Low,Low,Urban,Medium,
37.3689157,-121.9510497,95050,0.315346396,0.114731598,0.178028348,0,0.7,1,,,,,,,Low,Low,Urban,Medium,
37.3689157,-121.9447259,95050,0.315346396,0.024201489,0.216922152,0,0.7,1,,,,,,,Low,Low,Urban,Medium,
37.3704072,-121.9630059,95050,0.315346396,0.456548876,0.170708437,0,0.7,1,,,,,,,Low,Low,Urban,Medium,
37.3704072,-121.9431189,95050,0.315346396,0.10206415,0.075845068,0,0.7,1,,,,,,,Low,Low,Urban,Medium,
37.3704072,-121.9355349,95050,0.315346396,0.599234742,0.058734407,0,0.7,1,,,,,,,Low,Low,Urban,Medium,
37.37090691,-121.962968,95050,0.315346396,0.455878812,0.062671737,0,0.7,1,,,,,,,Low,Low,Urban,Medium,
37.37090691,-121.9366181,95050,0.315346396,0.547402047,0.158208097,0,0.7,1,,,,,,,Low,Low,Urban,Medium,
37.37090691,-121.9353803,95050,0.315346396,0.620393769,0.167647249,0,0.7,1,,,,,,,Low,Low,Urban,Medium,
37.37236348,-121.9408592,95050,0.315346396,0.273648164,0.307919875,0,0.7,1,,,,,,,Low,Low,Urban,Medium,
37.37236348,-121.9378037,95050,0.315346396,0.475102237,0.283651654,0,0.7,1,,,,,,,Low,Low,Urban,Medium,
37.37402157,-121.9387728,95050,0.315346396,0.430034835,0.034337855,0,0.7,1,,,,,,,Low,Low,Urban,Medium,
37.37555722,-121.9450328,95050,0.315346396,0.227228455,0.036420508,0,0.7,1,,,,,,,Low,Low,Urban,Medium,
37.37555722,-121.9438168,95050,0.315346396,0.229170986,0.069059875,0,0.7,1,,,,,,,Low,Low,Urban,Medium,
37.37731751,-121.9428729,95050,0.315346396,0.309747175,0.056264058,0,0.7,1,,,,,,,Low,Low,Urban,Medium,
37.37991662,-121.9454757,95050,0.315346396,0.389484954,0.050448241,0,0.7,1,,,,,,,Low,Low,Urban,Medium,
37.37991662,-121.9400316,95050,0.315346396,0.492471805,0.097983871,0,0.7,1,,,,,,,Low,Low,Urban,Medium,
37.38172833,-121.9446496,95050,0.315346396,0.449968847,0.011595817,0,0.7,1,,,,,,,Low,Low,Urban,Medium,
37.38172833,-121.939971,95050,0.315346396,0.548023707,0.053707857,0,0.7,1,,,,,,,Low,Low,Urban,Medium,
37.38427138,-121.9439423,95050,0.315346396,0.544191972,0.085997406,0,0.7,1,,,,,,,Low,Low,Urban,Medium,
37.38427138,-121.9395296,95050,0.315346396,0.642363703,0.004536454,0,0.7,1,,,,,,,Low,Low,Urban,Medium,
37.38761416,-121.9396441,95050,0.315346396,0.744882907,0.002739943,0,0.7,1,,,,,,,Low,Low,Urban,Medium,
37.39216313,-121.9399074,95050,0.315346396,0.889831031,0.100888365,0,0.7,1,,,,,,,Low,Low,Urban,Medium,
37.39468838,-121.9407757,95050,0.315346396,0.958818948,0.087602569,0,0.7,1,,,,,,,Low,Low,Urban,Medium,
37.3354207,-121.8752555,95133,0.222980091,1.20590873,0.039384223,0,0.7,1,,,,,,,Low,Low,Urban,Medium,
37.3354207,-121.8708183,95133,0.222980091,1.037382603,0.025664943,0,0.7,1,,,,,,,Low,Low,Urban,Medium,
37.33847727,-121.8768609,95133,0.222980091,1.201121327,0.104890629,0,0.7,1,,,,,,,Low,Low,Urban,Medium,
37.34144029,-121.8680651,95133,0.222980091,0.759375118,0.304237019,0,0.7,1,,,,,,,Low,Low,Urban,Medium,
37.34215097,-121.8671542,95133,0.222980091,0.714272604,0.022270098,0,0.7,1,,,,,,,Low,Low,Urban,Medium,
37.34215097,-121.8657587,95133,0.222980091,0.692091951,0.021718906,0,0.7,1,,,,,,,Low,Low,Urban,Medium,
37.34449653,-121.8755727,95133,0.222980091,0.991610032,0.049097749,0,0.7,1,,,,,,,Low,Low,Urban,Medium,
37.34449653,-121.8631019,95133,0.222980091,0.601252273,0.046893307,0,0.7,1,,,,,,,Low,Low,Urban,Medium,
37.34452043,-121.8718989,95133,0.222980091,0.802977566,0.095949644,0,0.7,1,,,,,,,Low,Low,Urban,Medium,
37.34667353,-121.8704086,95133,0.222980091,0.676097648,0.044474863,0,0.7,1,,,,,,,Low,Low,Urban,Medium,
37.34667353,-121.8646966,95133,0.222980091,0.519297153,0.030497598,0,0.7,1,,,,,,,Low,Low,Urban,Medium,
37.34667353,-121.8644781,95133,0.222980091,0.518349611,0.023200298,0,0.7,1,,,,,,,Low,Low,Urban,Medium,
37.34902014,-121.874955,95133,0.222980091,0.864661682,0.013319623,0,0.7,1,,,,,,,Low,Low,Urban,Medium,
37.34902014,-121.8742866,95133,0.222980091,0.8249818,0.079127441,0,0.7,1,,,,,,,Low,Low,Urban,Medium,
37.34902014,-121.866897,95133,0.222980091,0.472935771,0.106557277,0,0.7,1,,,,,,,Low,Low,Urban,Medium,
37.34902014,-121.8633186,95133,0.222980091,0.435649463,0.073297879,0,0.7,1,,,,,,,Low,Low,Urban,Medium,
37.35085624,-121.8777079,95133,0.222980091,1.00763117,0.077712958,0,0.7,1,,,,,,,Low,Low,Urban,Medium,
37.35085624,-121.8690151,95133,0.222980091,0.497915928,0.111949182,0,0.7,1,,,,,,,Low,Low,Urban,Medium,
37.35214756,-121.8815375,95133,0.222980091,1.245055273,0.196461655,0,0.7,1,,,,,,,Low,Low,Urban,Medium,
37.35214756,-121.881348,95133,0.222980091,1.232400304,0.21087896,0,0.7,1,,,,,,,Low,Low,Urban,Medium,
37.35214756,-121.8697671,95133,0.222980091,0.503595097,0.155287046,0,0.7,1,,,,,,,Low,Low,Urban,Medium,
37.35214756,-121.8693116,95133,0.222980091,0.47960559,0.142957055,0,0.7,1,,,,,,,Low,Low,Urban,Medium,
37.35214756,-121.8622001,95133,0.222980091,0.344535233,0.07107643,0,0.7,1,,,,,,,Low,Low,Urban,Medium,
37.35214756,-121.8586253,95133,0.222980091,0.495115587,0.06408693,0,0.7,1,,,,,,,Low,Low,Urban,Medium,
37.35476489,-121.8821981,95133,0.222980091,1.269052002,0.07044419,0,0.7,1,,,,,,,Low,Low,Urban,Medium,
37.35476489,-121.873257,95133,0.222980091,0.669648095,0.097410023,0,0.7,1,,,,,,,Low,Low,Urban,Medium,
37.35476489,-121.8593454,95133,0.222980091,0.397799152,0.050213032,0,0.7,1,,,,,,,Low,Low,Urban,Medium,
37.35687459,-121.8790546,95133,0.222980091,1.042387797,0.123666726,0,0.7,1,,,,,,,Low,Low,Urban,Medium,
37.35687459,-121.8628297,95133,0.222980091,0.17064939,0.311912048,0,0.7,1,,,,,,,Low,Low,Urban,Medium,
37.35687459,-121.8577619,95133,0.222980091,0.46263329,0.30604605,0,0.7,1,,,,,,,Low,Low,Urban,Medium,
37.35870644,-121.866765,95133,0.222980091,0.199233,0.043219736,0,0.7,1,,,,,,,Low,Low,Urban,Medium,
37.35870644,-121.860361,95133,0.222980091,0.271227732,0.017435536,0,0.7,1,,,,,,,Low,Low,Urban,Medium,
37.35870644,-121.8586823,95133,0.222980091,0.383699427,0.022283587,0,0.7,1,,,,,,,Low,Low,Urban,Medium,
37.35870644,-121.8544188,95133,0.222980091,0.674733605,0.062183378,0,0.7,1,,,,,,,Low,Low,Urban,Medium,
37.3591481,-121.8768377,95133,0.222980091,0.881211521,0.033716351,0,0.7,1,,,,,,,Low,Low,Urban,Medium,
37.3591481,-121.8746404,95133,0.222980091,0.729848312,0.046572019,0,0.7,1,,,,,,,Low,Low,Urban,Medium,
37.3591481,-121.8737006,95133,0.222980091,0.665173952,0.030891545,0,0.7,1,,,,,,,Low,Low,Urban,Medium,
37.3591481,-121.8541831,95133,0.222980091,0.689259453,0.039052691,0,0.7,1,,,,,,,Low,Low,Urban,Medium,
37.36073365,-121.8699437,95133,0.222980091,0.402647309,0.025593802,0,0.7,1,,,,,,,Low,Low,Urban,Medium,
37.36073365,-121.8633697,95133,0.222980091,0.051859217,0.035707177,0,0.7,1,,,,,,,Low,Low,Urban,Medium,
37.36073365,-121.8559583,95133,0.222980091,0.563760618,0.046177085,0,0.7,1,,,,,,,Low,Low,Urban,Medium,
37.3623667,-121.8591367,95133,0.222980091,0.348438782,0.102550261,0,0.7,1,,,,,,,Low,Low,Urban,Medium,
37.36454465,-121.8752045,95133,0.222980091,0.777784601,0.114895582,0,0.7,1,,,,,,,Low,Low,Urban,Medium,
37.36619785,-121.8761139,95133,0.222980091,0.851470588,0.16218586,0,0.7,1,,,,,,,Low,Low,Urban,Medium,
37.36619785,-121.8692717,95133,0.222980091,0.405809367,0.131959381,0,0.7,1,,,,,,,Low,Low,Urban,Medium,
37.36619785,-121.8690292,95133,0.222980091,0.391184344,0.128545184,0,0.7,1,,,,,,,Low,Low,Urban,Medium,
37.36619785,-121.8639371,95133,0.222980091,0.194840247,0.134205507,0,0.7,1,,,,,,,Low,Low,Urban,Medium,
37.36744695,-121.86253,95133,0.222980091,0.263864561,0.04327471,0,0.7,1,,,,,,,Low,Low,Urban,Medium,
37.36744695,-121.8600724,95133,0.222980091,0.368372077,0.038068341,0,0.7,1,,,,,,,Low,Low,Urban,Medium,
37.3689157,-121.866046,95133,0.222980091,0.322434084,0.098104661,0,0.7,1,,,,,,,Low,Low,Urban,Medium,
37.3704072,-121.8607308,95133,0.222980091,0.419317815,0.332395074,0,0.7,1,,,,,,,Low,Low,Urban,Medium,
37.37090691,-121.8669918,95133,0.222980091,0.416637751,0.315427423,0,0.7,1,,,,,,,Low,Low,Urban,Medium,
37.37402157,-121.8693755,95133,0.222980091,0.601913239,0.027108515,0,0.7,1,,,,,,,Low,Low,Urban,Medium,
37.37402157,-121.8645222,95133,0.222980091,0.480650055,0.052161298,0,0.7,1,,,,,,,Low,Low,Urban,Medium,
37.37555722,-121.8571729,95133,0.222980091,0.719233382,0.059425619,0,0.7,1,,,,,,,Low,Low,Urban,Medium,
37.37555722,-121.8562589,95133,0.222980091,0.762812763,0.059344654,0,0.7,1,,,,,,,Low,Low,Urban,Medium,
37.37731751,-121.868169,95133,0.222980091,0.662196047,0.014201518,0,0.7,1,,,,,,,Low,Low,Urban,Medium,
37.37731751,-121.8647507,95133,0.222980091,0.601658027,0.078921334,0,0.7,1,,,,,,,Low,Low,Urban,Medium,
37.37991662,-121.862919,95133,0.222980091,0.699765548,0.035769775,0,0.7,1,,,,,,,Low,Low,Urban,Medium,
37.38150858,-121.8647396,95133,0.222980091,0.754169693,0.014940772,0,0.7,1,,,,,,,Low,Low,Urban,Medium,
37.38254026,-121.8654353,95133,0.222980091,0.795813531,0.051661026,0,0.7,1,,,,,,,Low,Low,Urban,Medium,
37.38427138,-121.8634043,95133,0.222980091,0.855124042,0.130406708,0,0.7,1,,,,,,,Low,Low,Urban,Medium,
37.38427138,-121.8631827,95133,0.222980091,0.85613956,0.129107483,0,0.7,1,,,,,,,Low,Low,Urban,Medium,
37.38518162,-121.8643006,95133,0.222980091,0.887009562,0.150513453,0,0.7,1,,,,,,,Low,Low,Urban,Medium,
37.38518162,-121.8637017,95133,0.222980091,0.887375171,0.203321227,0,0.7,1,,,,,,,Low,Low,Urban,Medium,
37.38518162,-121.8583201,95133,0.222980091,0.973102744,0.181991617,0,0.7,1,,,,,,,Low,Low,Urban,Medium,
37.38518162,-121.8581279,95133,0.222980091,0.978641913,0.136843033,0,0.7,1,,,,,,,Low,Low,Urban,Medium,
37.38761416,-121.8635343,95133,0.222980091,0.976470514,0.131694752,0,0.7,1,,,,,,,Low,Low,Urban,Medium,
37.38761416,-121.8602112,95133,0.222980091,1.01223391,0.112281017,0,0.7,1,,,,,,,Low,Low,Urban,Medium,
37.39216313,-121.8575628,95133,0.222980091,1.228031919,0.111683126,0,0.7,1,,,,,,,Low,Low,Urban,Medium,
37.33847727,-121.8309731,95116,0.452052389,1.334755171,0.115769664,0,0.7,1,,,,,,,Medium,Low,Urban,Medium,
37.33847727,-121.8299398,95116,0.452052389,1.382295784,0.153664411,0,0.7,1,,,,,,,Medium,Low,Urban,Medium,
37.33847727,-121.823543,95116,0.452052389,1.713859726,0.233915602,0,0.7,1,,,,,,,Medium,Low,Urban,Medium,
37.33972225,-121.8218311,95116,0.452052389,1.785626339,0.325312849,0,0.7,1,,,,,,,Medium,Low,Urban,Medium,
37.34215097,-121.8238151,95116,0.452052389,1.622457547,0.025912703,0,0.7,1,,,,,,,Medium,Low,Urban,Medium,
37.34449653,-121.8433026,95116,0.452052389,0.793972459,0.020059749,0,0.7,1,,,,,,,Medium,Low,Urban,Medium,
37.34449653,-121.8286159,95116,0.452052389,1.301835969,0.028966019,0,0.7,1,,,,,,,Medium,Low,Urban,Medium,
37.34449653,-121.825299,95116,0.452052389,1.49005867,0.03539649,0,0.7,1,,,,,,,Medium,Low,Urban,Medium,
37.34449653,-121.8213283,95116,0.452052389,1.728442372,0.011498644,0,0.7,1,,,,,,,Medium,Low,Urban,Medium,
37.34452043,-121.8388522,95116,0.452052389,0.856760285,0.112212598,0,0.7,1,,,,,,,Medium,Low,Urban,Medium,
37.34452043,-121.8363227,95116,0.452052389,0.937032701,0.050199527,0,0.7,1,,,,,,,Medium,Low,Urban,Medium,
37.34452043,-121.8328078,95116,0.452052389,1.08607198,0.044083823,0,0.7,1,,,,,,,Medium,Low,Urban,Medium,
37.34452043,-121.8320958,95116,0.452052389,1.120267633,0.034171483,0,0.7,1,,,,,,,Medium,Low,Urban,Medium,
37.34452043,-121.8271525,95116,0.452052389,1.382856412,0.047239582,0,0.7,1,,,,,,,Medium,Low,Urban,Medium,
37.34452043,-121.8243163,95116,0.452052389,1.547499901,0.011666863,0,0.7,1,,,,,,,Medium,Low,Urban,Medium,
37.34667353,-121.8395007,95116,0.452052389,0.767241153,0.068563691,0,0.7,1,,,,,,,Medium,Low,Urban,Medium,
37.34902014,-121.8455332,95116,0.452052389,0.643640959,0.091844064,0,0.7,1,,,,,,,Medium,Low,Urban,Medium,
37.34902014,-121.8412106,95116,0.452052389,0.649311825,0.140144162,0,0.7,1,,,,,,,Medium,Low,Urban,Medium,
37.34902014,-121.8362698,95116,0.452052389,0.805299788,0.134958665,0,0.7,1,,,,,,,Medium,Low,Urban,Medium,
37.34902014,-121.8269568,95116,0.452052389,1.307665858,0.13781399,0,0.7,1,,,,,,,Medium,Low,Urban,Medium,
37.35085624,-121.8429852,95116,0.452052389,0.563292742,0.206499575,0,0.7,1,,,,,,,Medium,Low,Urban,Medium,
37.35085624,-121.8376451,95116,0.452052389,0.694434777,0.203635897,0,0.7,1,,,,,,,Medium,Low,Urban,Medium,
37.35085624,-121.8352324,95116,0.452052389,0.803784015,0.124667494,0,0.7,1,,,,,,,Medium,Low,Urban,Medium,
37.35085624,-121.829441,95116,0.452052389,1.125242984,0.128156142,0,0.7,1,,,,,,,Medium,Low,Urban,Medium,
37.35085624,-121.8235696,95116,0.452052389,1.490564419,0.093096141,0,0.7,1,,,,,,,Medium,Low,Urban,Medium,
37.35085624,-121.821413,95116,0.452052389,1.629553644,0.09595488,0,0.7,1,,,,,,,Medium,Low,Urban,Medium,
37.35214756,-121.8459185,95116,0.452052389,0.540250572,0.131357263,0,0.7,1,,,,,,,Medium,Low,Urban,Medium,
37.35214756,-121.8366047,95116,0.452052389,0.703837384,0.141430313,0,0.7,1,,,,,,,Medium,Low,Urban,Medium,
37.35476489,-121.8437275,95116,0.452052389,0.419625738,0.078644386,0,0.7,1,,,,,,,Medium,Low,Urban,Medium,
37.35476489,-121.8423587,95116,0.452052389,0.427450152,0.119688864,0,0.7,1,,,,,,,Medium,Low,Urban,Medium,
37.35476489,-121.8364797,95116,0.452052389,0.643909868,0.161594532,0,0.7,1,,,,,,,Medium,Low,Urban,Medium,
37.35476489,-121.834584,95116,0.452052389,0.748176023,0.165954643,0,0.7,1,,,,,,,Medium,Low,Urban,Medium,
37.3581442,-121.8524273,95116,0.452052389,0.681165524,0.047635035,0,0.7,1,,,,,,,Medium,Low,Urban,Medium,
37.3581442,-121.8478923,95116,0.452052389,0.421629598,0.002521939,0,0.7,1,,,,,,,Medium,Low,Urban,Medium,
37.3581442,-121.8226776,95116,0.452052389,1.472374544,0.053383938,0,0.7,1,,,,,,,Medium,Low,Urban,Medium,
37.35870644,-121.8458183,95116,0.452052389,0.317167443,0.049657523,0,0.7,1,,,,,,,Medium,Low,Urban,Medium,
37.35870644,-121.8258935,95116,0.452052389,1.250828811,0.030043521,0,0.7,1,,,,,,,Medium,Low,Urban,Medium,
37.35870644,-121.8180721,95116,0.452052389,1.781959596,0.126210331,0,0.7,1,,,,,,,Medium,Low,Urban,Medium,
37.3591481,-121.8492102,95116,0.452052389,0.469421273,0.136224527,0,0.7,1,,,,,,,Medium,Low,Urban,Medium,
37.3591481,-121.8438999,95116,0.452052389,0.260772476,0.146445446,0,0.7,1,,,,,,,Medium,Low,Urban,Medium,
37.3591481,-121.8378426,95116,0.452052389,0.472199669,0.148108396,0,0.7,1,,,,,,,Medium,Low,Urban,Medium,
37.3591481,-121.8254068,95116,0.452052389,1.280292121,0.184021706,0,0.7,1,,,,,,,Medium,Low,Urban,Medium,
37.36073365,-121.8532737,95116,0.452052389,0.701511004,0.142085125,0,0.7,1,,,,,,,Medium,Low,Urban,Medium,
37.36073365,-121.8318669,95116,0.452052389,0.832165375,0.113836473,0,0.7,1,,,,,,,Medium,Low,Urban,Medium,
37.36073365,-121.8202365,95116,0.452052389,1.623543113,0.128157059,0,0.7,1,,,,,,,Medium,Low,Urban,Medium,
37.36073365,-121.8176573,95116,0.452052389,1.800513225,0.077985477,0,0.7,1,,,,,,,Medium,Low,Urban,Medium,
37.3623667,-121.8448406,95116,0.452052389,0.167923418,0.20095797,0,0.7,1,,,,,,,Medium,Low,Urban,Medium,
37.3623667,-121.8335988,95116,0.452052389,0.702220427,0.323445578,0,0.7,1,,,,,,,Medium,Low,Urban,Medium,
37.36744695,-121.8213676,95116,0.452052389,1.533398225,0.085716286,0,0.7,1,,,,,,,Medium,Low,Urban,Medium,
37.36744695,-121.8187381,95116,0.452052389,1.715026766,0.092863681,0,0.7,1,,,,,,,Medium,Low,Urban,Medium,
37.3689157,-121.839154,95116,0.452052389,0.318737899,0.051817425,0,0.7,1,,,,,,,Medium,Low,Urban,Medium,
37.3689157,-121.834233,95116,0.452052389,0.651010831,0.052412834,0,0.7,1,,,,,,,Medium,Low,Urban,Medium,
37.3689157,-121.8311353,95116,0.452052389,0.863275484,0.015539172,0,0.7,1,,,,,,,Medium,Low,Urban,Medium,
37.3689157,-121.8236171,95116,0.452052389,1.380733527,0.045614307,0,0.7,1,,,,,,,Medium,Low,Urban,Medium,
37.3689157,-121.8167222,95116,0.452052389,1.856289289,0.084281716,0,0.7,1,,,,,,,Medium,Low,Urban,Medium,
37.3704072,-121.8507941,95116,0.452052389,0.522732999,0.104458844,0,0.7,1,,,,,,,Medium,Low,Urban,Medium,
37.3704072,-121.8441198,95116,0.452052389,0.155852995,0.105341283,0,0.7,1,,,,,,,Medium,Low,Urban,Medium,
37.3704072,-121.8381275,95116,0.452052389,0.403933886,0.13805383,0,0.7,1,,,,,,,Medium,Low,Urban,Medium,
37.37090691,-121.817554,95116,0.452052389,1.804238315,0.156859408,0,0.7,1,,,,,,,Medium,Low,Urban,Medium,
37.37236348,-121.8428678,95116,0.452052389,0.227082042,0.148327909,0,0.7,1,,,,,,,Medium,Low,Urban,Medium,
37.37236348,-121.830589,95116,0.452052389,0.922746828,0.222326757,0,0.7,1,,,,,,,Medium,Low,Urban,Medium,
37.37555722,-121.8425004,95116,0.452052389,0.346244513,0.022124937,0,0.7,1,,,,,,,Medium,Low,Urban,Medium,
37.37555722,-121.8390414,95116,0.452052389,0.460098287,0.042213455,0,0.7,1,,,,,,,Medium,Low,Urban,Medium,
37.37555722,-121.8347529,95116,0.452052389,0.695804596,0.027210073,0,0.7,1,,,,,,,Medium,Low,Urban,Medium,
37.37555722,-121.8305265,95116,0.452052389,0.961495299,0.044252282,0,0.7,1,,,,,,,Medium,Low,Urban,Medium,
37.37555722,-121.8238634,95116,0.452052389,1.401819022,0.115625069,0,0.7,1,,,,,,,Medium,Low,Urban,Medium,
37.37731751,-121.8526112,95116,0.452052389,0.74443494,0.028352974,0,0.7,1,,,,,,,Medium,Low,Urban,Medium,
37.37731751,-121.8466552,95116,0.452052389,0.456314363,0.036161834,0,0.7,1,,,,,,,Medium,Low,Urban,Medium,
37.37731751,-121.8277679,95116,0.452052389,1.162509067,0.050184835,0,0.7,1,,,,,,,Medium,Low,Urban,Medium,
37.37731751,-121.8196482,95116,0.452052389,1.699965541,0.033095795,0,0.7,1,,,,,,,Medium,Low,Urban,Medium,
37.37731751,-121.8158704,95116,0.452052389,1.95454993,0.030809352,0,0.7,1,,,,,,,Medium,Low,Urban,Medium,
37.37991662,-121.8508223,95116,0.452052389,0.707105033,0.027358119,0,0.7,1,,,,,,,Medium,Low,Urban,Medium,
37.37991662,-121.831336,95116,0.452052389,0.979669631,0.096525908,0,0.7,1,,,,,,,Medium,Low,Urban,Medium,
37.37991662,-121.8291089,95116,0.452052389,1.114980697,0.101587593,0,0.7,1,,,,,,,Medium,Low,Urban,Medium,
37.38150858,-121.847106,95116,0.452052389,0.607441139,0.124126583,0,0.7,1,,,,,,,Medium,Low,Urban,Medium,
37.38150858,-121.8443051,95116,0.452052389,0.557967346,0.146646753,0,0.7,1,,,,,,,Medium,Low,Urban,Medium,
37.38150858,-121.8386434,95116,0.452052389,0.650798131,0.142085113,0,0.7,1,,,,,,,Medium,Low,Urban,Medium,
37.38150858,-121.8259142,95116,0.452052389,1.339228579,0.173459871,0,0.7,1,,,,,,,Medium,Low,Urban,Medium,
37.38150858,-121.8237119,95116,0.452052389,1.479040385,0.173804083,0,0.7,1,,,,,,,Medium,Low,Urban,Medium,
37.38150858,-121.8224682,95116,0.452052389,1.559019247,0.17137446,0,0.7,1,,,,,,,Medium,Low,Urban,Medium,
37.38150858,-121.8124258,95116,0.452052389,2.221182698,0.144682514,0,0.7,1,,,,,,,Medium,Low,Urban,Medium,
37.38172833,-121.8412264,95116,0.452052389,0.585953519,0.070296322,0,0.7,1,,,,,,,Medium,Low,Urban,Medium,
37.38172833,-121.8158619,95116,0.452052389,1.994434176,0.129678289,0,0.7,1,,,,,,,Medium,Low,Urban,Medium,
37.38254026,-121.8369192,95116,0.452052389,0.749470847,0.14488451,0,0.7,1,,,,,,,Medium,Low,Urban,Medium,
37.38254026,-121.8269739,95116,0.452052389,1.289814648,0.111851709,0,0.7,1,,,,,,,Medium,Low,Urban,Medium,
37.38254026,-121.8215875,95116,0.452052389,1.629328376,0.256076828,0,0.7,1,,,,,,,Medium,Low,Urban,Medium,
37.38427138,-121.8204128,95116,0.452052389,1.728134465,0.040288369,0,0.7,1,,,,,,,Medium,Low,Urban,Medium,
37.38427138,-121.8149062,95116,0.452052389,2.08513787,0.048466362,0,0.7,1,,,,,,,Medium,Low,Urban,Medium,
37.38518162,-121.8116405,95116,0.452052389,2.310096018,0.021493888,0,0.7,1,,,,,,,Medium,Low,Urban,Medium,
37.38761416,-121.8546568,95116,0.452052389,1.092953846,0.02494328,0,0.7,1,,,,,,,Medium,Low,Urban,Medium,
37.38761416,-121.8443227,95116,0.452052389,0.779940925,0.076880507,0,0.7,1,,,,,,,Medium,Low,Urban,Medium,
37.38761416,-121.8269087,95116,0.452052389,1.388339536,0.086829716,0,0.7,1,,,,,,,Medium,Low,Urban,Medium,
37.38761416,-121.8216272,95116,0.452052389,1.702903324,0.154103348,0,0.7,1,,,,,,,Medium,Low,Urban,Medium,
37.38761416,-121.8105166,95116,0.452052389,2.41143997,0.16447292,0,0.7,1,,,,,,,Medium,Low,Urban,Medium,
37.39013772,-121.8434099,95116,0.452052389,0.870157782,0.145573935,0,0.7,1,,,,,,,Medium,Low,Urban,Medium,
37.39013772,-121.8396429,95116,0.452052389,0.91099414,0.103788951,0,0.7,1,,,,,,,Medium,Low,Urban,Medium,
37.39013772,-121.8302054,95116,0.452052389,1.267721982,0.068716327,0,0.7,1,,,,,,,Medium,Low,Urban,Medium,
37.39216313,-121.8515783,95116,0.452052389,1.094947124,0.162087762,0,0.7,1,,,,,,,Medium,Low,Urban,Medium,
37.39216313,-121.8398009,95116,0.452052389,0.978810347,0.100560059,0,0.7,1,,,,,,,Medium,Low,Urban,Medium,
37.39216313,-121.8324628,95116,0.452052389,1.215620596,0.224988354,0,0.7,1,,,,,,,Medium,Low,Urban,Medium,
37.39634043,-121.8561774,95116,0.452052389,1.401199914,0.03332532,0,0.7,1,,,,,,,Medium,Low,Urban,Medium,
37.39634043,-121.8504392,95116,0.452052389,1.19520352,0.043048607,0,0.7,1,,,,,,,Medium,Low,Urban,Medium,
37.39634043,-121.8429082,95116,0.452052389,1.097120017,0.023005454,0,0.7,1,,,,,,,Medium,Low,Urban,Medium,
37.39902539,-121.8511885,95116,0.452052389,1.305656246,0.044127557,0,0.7,1,,,,,,,Medium,Low,Urban,Medium,
37.39902539,-121.8258655,95116,0.452052389,1.708360317,0.047190044,0,0.7,1,,,,,,,Medium,Low,Urban,Medium,
37.39902539,-121.816744,95116,0.452052389,2.203580904,0.06412891,0,0.7,1,,,,,,,Medium,Low,Urban,Medium,
37.39902539,-121.8163703,95116,0.452052389,2.225326668,0.093505266,0,0.7,1,,,,,,,Medium,Low,Urban,Medium,
37.39908159,-121.850246,95116,0.452052389,1.282614631,0.129976858,0,0.7,1,,,,,,,Medium,Low,Urban,Medium,
37.39908159,-121.8447705,95116,0.452052389,1.19914907,0.159848806,0,0.7,1,,,,,,,Medium,Low,Urban,Medium,
37.39908159,-121.8362029,95116,0.452052389,1.299340124,0.132064971,0,0.7,1,,,,,,,Medium,Low,Urban,Medium,
37.39908159,-121.8301696,95116,0.452052389,1.511673142,0.1495488,0,0.7,1,,,,,,,Medium,Low,Urban,Medium,
37.40095093,-121.8440387,95116,0.452052389,1.264769695,0.149137551,0,0.7,1,,,,,,,Medium,Low,Urban,Medium,
37.40095093,-121.8438208,95116,0.452052389,1.264453992,0.164428647,0,0.7,1,,,,,,,Medium,Low,Urban,Medium,
37.40095093,-121.8408261,95116,0.452052389,1.278203474,0.103873871,0,0.7,1,,,,,,,Medium,Low,Urban,Medium,
37.40095093,-121.8385171,95116,0.452052389,1.311193676,0.129033982,0,0.7,1,,,,,,,Medium,Low,Urban,Medium,
37.35476489,-122.0182349,94086,0.401146459,0.734521562,0.145379639,0,0.7,1,,,,,,,Medium,Low,Urban,Medium,
37.35476489,-122.0126309,94086,0.401146459,0.769484787,0.112857258,0,0.7,1,,,,,,,Medium,Low,Urban,Medium,
37.35476489,-122.0115577,94086,0.401146459,0.797741139,0.113666541,0,0.7,1,,,,,,,Medium,Low,Urban,Medium,
37.35687459,-122.0127336,94086,0.401146459,0.694672561,0.200565524,0,0.7,1,,,,,,,Medium,Low,Urban,Medium,
37.35687459,-122.0106025,94086,0.401146459,0.761043494,0.269542337,0,0.7,1,,,,,,,Medium,Low,Urban,Medium,
37.3581442,-122.0169814,94086,0.401146459,0.601160392,0.299452571,0,0.7,1,,,,,,,Medium,Low,Urban,Medium,
37.36744695,-122.0155989,94086,0.401146459,0.265196248,0.062411092,0,0.7,1,,,,,,,Medium,Low,Urban,Medium,
37.36744695,-122.0143807,94086,0.401146459,0.294838741,0.050384934,0,0.7,1,,,,,,,Medium,Low,Urban,Medium,
37.3689157,-122.0153723,94086,0.401146459,0.217619027,0.051650292,0,0.7,1,,,,,,,Medium,Low,Urban,Medium,
37.3704072,-122.0181997,94086,0.401146459,0.194605547,0.00789545,0,0.7,1,,,,,,,Medium,Low,Urban,Medium,
37.37236348,-122.0148072,94086,0.401146459,0.136434866,0.081331366,0,0.7,1,,,,,,,Medium,Low,Urban,Medium,
37.37402157,-122.0147896,94086,0.401146459,0.113928311,0.096795818,0,0.7,1,,,,,,,Medium,Low,Urban,Medium,
37.37991662,-122.0145953,94086,0.401146459,0.093878746,0.145096883,0,0.7,1,,,,,,,Medium,Low,Urban,Medium,
37.38172833,-122.0153095,94086,0.401146459,0.128105338,0.164629253,0,0.7,1,,,,,,,Medium,Low,Urban,Medium,
37.38254026,-122.0195999,94086,0.401146459,0.199844277,0.170876414,0,0.7,1,,,,,,,Medium,Low,Urban,Medium,
37.38254026,-122.0185793,94086,0.401146459,0.25568224,0.15826704,0,0.7,1,,,,,,,Medium,Low,Urban,Medium,
37.38518162,-122.0176789,94086,0.401146459,0.288988821,0.055224026,0,0.7,1,,,,,,,Medium,Low,Urban,Medium,
37.36454465,-121.8814806,95131,0.250754942,1.060716185,0.178659282,0,0.7,1,,,,,,,Low,Low,Urban,Medium,
37.36619785,-121.9282372,95131,0.250754942,0.579554948,0.127791544,0,0.7,1,,,,,,,Low,Low,Urban,Medium,
37.36619785,-121.9226994,95131,0.250754942,0.650140908,0.119936635,0,0.7,1,,,,,,,Low,Low,Urban,Medium,
37.36619785,-121.921755,95131,0.250754942,0.683164716,0.130452807,0,0.7,1,,,,,,,Low,Low,Urban,Medium,
37.3704072,-121.9206394,95131,0.250754942,0.613770705,0.026607864,0,0.7,1,,,,,,,Low,Low,Urban,Medium,
37.3704072,-121.8897698,95131,0.250754942,1.16150425,0.070034232,0,0.7,1,,,,,,,Low,Low,Urban,Medium,
37.3704072,-121.8796567,95131,0.250754942,0.825890751,0.113883956,0,0.7,1,,,,,,,Low,Low,Urban,Medium,
37.37090691,-121.883845,95131,0.250754942,0.900234442,0.00510388,0,0.7,1,,,,,,,Low,Low,Urban,Medium,
37.37090691,-121.8810947,95131,0.250754942,0.829426944,0.062220822,0,0.7,1,,,,,,,Low,Low,Urban,Medium,
37.37090691,-121.8784008,95131,0.250754942,0.798755711,0.061868657,0,0.7,1,,,,,,,Low,Low,Urban,Medium,
37.37236348,-121.9263916,95131,0.250754942,0.352509136,0.030889457,0,0.7,1,,,,,,,Low,Low,Urban,Medium,
37.37236348,-121.8923212,95131,0.250754942,1.249078542,0.115484859,0,0.7,1,,,,,,,Low,Low,Urban,Medium,
37.37236348,-121.8861074,95131,0.250754942,0.939852289,0.092337815,0,0.7,1,,,,,,,Low,Low,Urban,Medium,
37.37236348,-121.8826259,95131,0.250754942,0.815621192,0.068042595,0,0.7,1,,,,,,,Low,Low,Urban,Medium,
37.37236348,-121.8804285,95131,0.250754942,0.76627055,0.063345265,0,0.7,1,,,,,,,Low,Low,Urban,Medium,
37.37236348,-121.8786197,95131,0.250754942,0.746663826,0.042060289,0,0.7,1,,,,,,,Low,Low,Urban,Medium,
37.37402157,-121.925668,95131,0.250754942,0.305140821,0.115805817,0,0.7,1,,,,,,,Low,Low,Urban,Medium,
37.37402157,-121.8894041,95131,0.250754942,1.053590904,0.168252229,0,0.7,1,,,,,,,Low,Low,Urban,Medium,
37.37555722,-121.9318625,95131,0.250754942,0.402207828,0.066785527,0,0.7,1,,,,,,,Low,Low,Urban,Medium,
37.37555722,-121.9318011,95131,0.250754942,0.398751848,0.063295254,0,0.7,1,,,,,,,Low,Low,Urban,Medium,
37.37555722,-121.9279169,95131,0.250754942,0.238877804,0.051834678,0,0.7,1,,,,,,,Low,Low,Urban,Medium,
37.37555722,-121.9247887,95131,0.250754942,0.282306807,0.038545452,0,0.7,1,,,,,,,Low,Low,Urban,Medium,
37.37555722,-121.8986413,95131,0.250754942,1.134616382,0.110578951,0,0.7,1,,,,,,,Low,Low,Urban,Medium,
37.37555722,-121.8887447,95131,0.250754942,0.982629699,0.165406535,0,0.7,1,,,,,,,Low,Low,Urban,Medium,
37.37555722,-121.8720221,95131,0.250754942,0.744429673,0.134339858,0,0.7,1,,,,,,,Low,Low,Urban,Medium,
37.37731751,-121.9346208,95131,0.250754942,0.545441459,0.136249637,0,0.7,1,,,,,,,Low,Low,Urban,Medium,
37.37731751,-121.9280866,95131,0.250754942,0.180997875,0.162397011,0,0.7,1,,,,,,,Low,Low,Urban,Medium,
37.37731751,-121.9050538,95131,0.250754942,0.956860248,0.321950465,0,0.7,1,,,,,,,Low,Low,Urban,Medium,
37.37991662,-121.9182963,95131,0.250754942,0.613410678,0.053233404,0,0.7,1,,,,,,,Low,Low,Urban,Medium,
37.37991662,-121.8980261,95131,0.250754942,1.015998542,0.063718408,0,0.7,1,,,,,,,Low,Low,Urban,Medium,
37.37991662,-121.8853376,95131,0.250754942,0.700431375,0.118116283,0,0.7,1,,,,,,,Low,Low,Urban,Medium,
37.37991662,-121.8819946,95131,0.250754942,0.550989947,0.052748321,0,0.7,1,,,,,,,Low,Low,Urban,Medium,
37.37991662,-121.8743115,95131,0.250754942,0.527493823,0.016202445,0,0.7,1,,,,,,,Low,Low,Urban,Medium,
37.38150858,-121.9330845,95131,0.250754942,0.413041047,0.036797703,0,0.7,1,,,,,,,Low,Low,Urban,Medium,
37.38150858,-121.9099394,95131,0.250754942,0.850615789,0.132282587,0,0.7,1,,,,,,,Low,Low,Urban,Medium,
37.38150858,-121.8911066,95131,0.250754942,1.006572314,0.149420378,0,0.7,1,,,,,,,Low,Low,Urban,Medium,
37.38150858,-121.8908851,95131,0.250754942,0.992619705,0.169420775,0,0.7,1,,,,,,,Low,Low,Urban,Medium,
37.38150858,-121.8856405,95131,0.250754942,0.679487392,0.11074636,0,0.7,1,,,,,,,Low,Low,Urban,Medium,
37.38150858,-121.8773299,95131,0.250754942,0.412157819,0.017241321,0,0.7,1,,,,,,,Low,Low,Urban,Medium,
37.38150858,-121.8711852,95131,0.250754942,0.614968951,0.138495967,0,0.7,1,,,,,,,Low,Low,Urban,Medium,
37.38150858,-121.8698552,95131,0.250754942,0.686105064,0.194580922,0,0.7,1,,,,,,,Low,Low,Urban,Medium,
37.38172833,-121.9038762,95131,0.250754942,0.80579991,0.188158916,0,0.7,1,,,,,,,Low,Low,Urban,Medium,
37.38172833,-121.898987,95131,0.250754942,0.92490632,0.219279114,0,0.7,1,,,,,,,Low,Low,Urban,Medium,
37.38172833,-121.8919241,95131,0.250754942,1.055303478,0.277972924,0,0.7,1,,,,,,,Low,Low,Urban,Medium,
37.38172833,-121.8912691,95131,0.250754942,1.013618589,0.290472369,0,0.7,1,,,,,,,Low,Low,Urban,Medium,
37.38172833,-121.888549,95131,0.250754942,0.844454912,0.291410913,0,0.7,1,,,,,,,Low,Low,Urban,Medium,
37.38427138,-121.9310952,95131,0.250754942,0.288481738,0.032976517,0,0.7,1,,,,,,,Low,Low,Urban,Medium,
37.38427138,-121.9225418,95131,0.250754942,0.327239462,0.087735523,0,0.7,1,,,,,,,Low,Low,Urban,Medium,
37.38427138,-121.907213,95131,0.250754942,0.707658137,0.139167492,0,0.7,1,,,,,,,Low,Low,Urban,Medium,
37.38427138,-121.8966458,95131,0.250754942,0.94663831,0.072922992,0,0.7,1,,,,,,,Low,Low,Urban,Medium,
37.38427138,-121.878787,95131,0.250754942,0.31730931,0.020418576,0,0.7,1,,,,,,,Low,Low,Urban,Medium,
37.38518162,-121.9316404,95131,0.250754942,0.334995734,0.141839368,0,0.7,1,,,,,,,Low,Low,Urban,Medium,
37.38518162,-121.9150523,95131,0.250754942,0.841715341,0.063741815,0,0.7,1,,,,,,,Low,Low,Urban,Medium,
37.38518162,-121.9024934,95131,0.250754942,0.70715346,0.12743474,0,0.7,1,,,,,,,Low,Low,Urban,Medium,
37.38518162,-121.8717514,95131,0.250754942,0.501758514,0.135307825,0,0.7,1,,,,,,,Low,Low,Urban,Medium,
37.38518162,-121.8668143,95131,0.250754942,0.808502284,0.128167252,0,0.7,1,,,,,,,Low,Low,Urban,Medium,
37.38761416,-121.9320394,95131,0.250754942,0.399215331,0.009494311,0,0.7,1,,,,,,,Low,Low,Urban,Medium,
37.38761416,-121.9315754,95131,0.250754942,0.372239953,0.006760987,0,0.7,1,,,,,,,Low,Low,Urban,Medium,
37.38761416,-121.9186224,95131,0.250754942,0.622399806,0.150268178,0,0.7,1,,,,,,,Low,Low,Urban,Medium,
37.38761416,-121.914288,95131,0.250754942,0.821986316,0.175242649,0,0.7,1,,,,,,,Low,Low,Urban,Medium,
37.38761416,-121.9009396,95131,0.250754942,0.671240142,0.166536002,0,0.7,1,,,,,,,Low,Low,Urban,Medium,
37.38761416,-121.8945032,95131,0.250754942,0.974689654,0.166515499,0,0.7,1,,,,,,,Low,Low,Urban,Medium,
37.38761416,-121.8824527,95131,0.250754942,0.371952752,0.210206492,0,0.7,1,,,,,,,Low,Low,Urban,Medium,
37.39216313,-121.9271096,95131,0.250754942,0.374517219,0.061981691,0,0.7,1,,,,,,,Low,Low,Urban,Medium,
37.39216313,-121.9217741,95131,0.250754942,0.525562478,0.021175869,0,0.7,1,,,,,,,Low,Low,Urban,Medium,
37.39216313,-121.9189565,95131,0.250754942,0.67652842,0.051236978,0,0.7,1,,,,,,,Low,Low,Urban,Medium,
37.39216313,-121.9105833,95131,0.250754942,0.526995323,0.113664715,0,0.7,1,,,,,,,Low,Low,Urban,Medium,
37.39216313,-121.8718232,95131,0.250754942,0.414142551,0.03728457,0,0.7,1,,,,,,,Low,Low,Urban,Medium,
37.39216313,-121.865201,95131,0.250754942,0.871412561,0.049109286,0,0.7,1,,,,,,,Low,Low,Urban,Medium,
37.39468838,-121.9125848,95131,0.250754942,0.565366656,0.121696845,0,0.7,1,,,,,,,Low,Low,Urban,Medium,
37.39468838,-121.8846216,95131,0.250754942,0.475975794,0.143662634,0,0.7,1,,,,,,,Low,Low,Urban,Medium,
37.39468838,-121.8793687,95131,0.250754942,0.128612295,0.05814279,0,0.7,1,,,,,,,Low,Low,Urban,Medium,
37.39468838,-121.865397,95131,0.250754942,0.860451131,0.147414276,0,0.7,1,,,,,,,Low,Low,Urban,Medium,
37.39634043,-121.9206536,95131,0.250754942,0.690592134,0.025096541,0,0.7,1,,,,,,,Low,Low,Urban,Medium,
37.39634043,-121.9026865,95131,0.250754942,0.340060221,0.188939019,0,0.7,1,,,,,,,Low,Low,Urban,Medium,
37.39634043,-121.8977245,95131,0.250754942,0.618887549,0.179382219,0,0.7,1,,,,,,,Low,Low,Urban,Medium,
37.39634043,-121.8873874,95131,0.250754942,0.674618458,0.191216281,0,0.7,1,,,,,,,Low,Low,Urban,Medium,
37.39908159,-121.8730954,95131,0.250754942,0.398919524,0.059710993,0,0.7,1,,,,,,,Low,Low,Urban,Medium,
37.39908159,-121.8659771,95131,0.250754942,0.849350644,0.121554366,0,0.7,1,,,,,,,Low,Low,Urban,Medium,
37.39908159,-121.858626,95131,0.250754942,1.345320261,0.115438005,0,0.7,1,,,,,,,Low,Low,Urban,Medium,
37.40095093,-121.9079561,95131,0.250754942,0.172349449,0.030692811,0,0.7,1,,,,,,,Low,Low,Urban,Medium,
37.40095093,-121.8990548,95131,0.250754942,0.478416647,0.028197334,0,0.7,1,,,,,,,Low,Low,Urban,Medium,
37.40095093,-121.8732472,95131,0.250754942,0.434166669,0.135705023,0,0.7,1,,,,,,,Low,Low,Urban,Medium,
37.40095093,-121.85957,95131,0.250754942,1.295106452,0.098642601,0,0.7,1,,,,,,,Low,Low,Urban,Medium,
37.2795579,-121.9430435,95008,0.397310299,0.764279694,0.284113949,0,1,1,,,,,,,Medium,Low,Urban,High,
37.2795579,-121.9322006,95008,0.397310299,0.468705342,0.162155385,0,1,1,,,,,,,Medium,Low,Urban,High,
37.2795579,-121.9199162,95008,0.397310299,1.078540005,0.087994663,0,1,1,,,,,,,Medium,Low,Urban,High,
37.28163919,-121.9505219,95008,0.397310299,1.19455358,0.118023901,0,1,1,,,,,,,Medium,Low,Urban,High,
37.28163919,-121.9403194,95008,0.397310299,0.56947107,0.190647047,0,1,1,,,,,,,Medium,Low,Urban,High,
37.28163919,-121.9215914,95008,0.397310299,0.941850469,0.062910694,0,1,1,,,,,,,Medium,Low,Urban,High,
37.282985,-121.9466237,95008,0.397310299,0.924092178,0.270346178,0,1,1,,,,,,,Medium,Low,Urban,High,
37.282985,-121.9408503,95008,0.397310299,0.568151929,0.291352232,0,1,1,,,,,,,Medium,Low,Urban,High,
37.282985,-121.9308265,95008,0.397310299,0.395778939,0.258729179,0,1,1,,,,,,,Medium,Low,Urban,High,
37.282985,-121.9198588,95008,0.397310299,1.036368425,0.205987993,0,1,1,,,,,,,Medium,Low,Urban,High,
37.282985,-121.9127368,95008,0.397310299,1.511593371,0.19042981,0,1,1,,,,,,,Medium,Low,Urban,High,
37.28388274,-121.946285,95008,0.397310299,0.890933479,0.215367393,0,1,1,,,,,,,Medium,Low,Urban,High,
37.28388274,-121.94251,95008,0.397310299,0.650121038,0.209046429,0,1,1,,,,,,,Medium,Low,Urban,High,
37.28388274,-121.9421408,95008,0.397310299,0.62742962,0.192164953,0,1,1,,,,,,,Medium,Low,Urban,High,
37.28646281,-121.9526579,95008,0.397310299,1.297249793,0.223827101,0,1,1,,,,,,,Medium,Low,Urban,High,
37.28646281,-121.9421372,95008,0.397310299,0.589264636,0.241410317,0,1,1,,,,,,,Medium,Low,Urban,High,
37.28646281,-121.9326712,95008,0.397310299,0.220924538,0.237305414,0,1,1,,,,,,,Medium,Low,Urban,High,
37.28646281,-121.9289053,95008,0.397310299,0.40987325,0.165877366,0,1,1,,,,,,,Medium,Low,Urban,High,
37.28646281,-121.9210152,95008,0.397310299,0.925638807,0.15090037,0,1,1,,,,,,,Medium,Low,Urban,High,
37.28646281,-121.9155261,95008,0.397310299,1.298709283,0.159130538,0,1,1,,,,,,,Medium,Low,Urban,High,
37.28886784,-121.9448194,95008,0.397310299,0.748567107,0.127831718,0,1,1,,,,,,,Medium,Low,Urban,High,
37.28886784,-121.9344579,95008,0.397310299,0.112356932,0.097209812,0,1,1,,,,,,,Medium,Low,Urban,High,
37.28886784,-121.9304662,95008,0.397310299,0.27415775,0.063914893,0,1,1,,,,,,,Medium,Low,Urban,High,
37.28886784,-121.9298519,95008,0.397310299,0.313521918,0.053181446,0,1,1,,,,,,,Medium,Low,Urban,High,
37.28886784,-121.9242723,95008,0.397310299,0.688053728,0.055284743,0,1,1,,,,,,,Medium,Low,Urban,High,
37.2890735,-121.9540607,95008,0.397310299,1.382821275,0.143011496,0,1,1,,,,,,,Medium,Low,Urban,High,
37.2890735,-121.9509061,95008,0.397310299,1.165552501,0.186076258,0,1,1,,,,,,,Medium,Low,Urban,High,
37.2890735,-121.9451793,95008,0.397310299,0.772145289,0.199673763,0,1,1,,,,,,,Medium,Low,Urban,High,
37.2890735,-121.9385855,95008,0.397310299,0.326148119,0.208572886,0,1,1,,,,,,,Medium,Low,Urban,High,
37.2890735,-121.9332522,95008,0.397310299,0.117831579,0.29794702,0,1,1,,,,,,,Medium,Low,Urban,High,
37.2890735,-121.9297696,95008,0.397310299,0.316350076,0.315804509,0,1,1,,,,,,,Medium,Low,Urban,High,
37.2890735,-121.9258556,95008,0.397310299,0.57893863,0.305254247,0,1,1,,,,,,,Medium,Low,Urban,High,
37.2890735,-121.9129246,95008,0.397310299,1.466919783,0.174960743,0,1,1,,,,,,,Medium,Low,Urban,High,
37.2906222,-121.9511966,95008,0.397310299,1.182017728,0.124954158,0,1,1,,,,,,,Medium,Low,Urban,High,
37.2906222,-121.9449858,95008,0.397310299,0.753366196,0.039214004,0,1,1,,,,,,,Medium,Low,Urban,High,
37.2906222,-121.9251095,95008,0.397310299,0.623080234,0.20619439,0,1,1,,,,,,,Medium,Low,Urban,High,
37.2906222,-121.9237288,95008,0.397310299,0.718262105,0.211927275,0,1,1,,,,,,,Medium,Low,Urban,High,
37.2906222,-121.9187392,95008,0.397310299,1.062562927,0.228708209,0,1,1,,,,,,,Medium,Low,Urban,High,
37.2906222,-121.9176388,95008,0.397310299,1.138532752,0.231180527,0,1,1,,,,,,,Medium,Low,Urban,High,
37.29305965,-121.9503053,95008,0.397310299,1.120401148,0.265625245,0,1,1,,,,,,,Medium,Low,Urban,High,
37.29305965,-121.943112,95008,0.397310299,0.624036594,0.293138209,0,1,1,,,,,,,Medium,Low,Urban,High,
37.29544619,-121.9544619,95008,0.397310299,1.412834545,0.237928931,0,1,1,,,,,,,Medium,Low,Urban,High,
37.29544619,-121.92937,95008,0.397310299,0.352204561,0.07072254,0,1,1,,,,,,,Medium,Low,Urban,High,
37.29544619,-121.9268893,95008,0.397310299,0.515305112,0.03699611,0,1,1,,,,,,,Medium,Low,Urban,High,
37.2970086,-121.956674,95008,0.397310299,1.570899498,0.159710809,0,1,1,,,,,,,Medium,Low,Urban,High,
37.2970086,-121.9501038,95008,0.397310299,1.121488839,0.281149008,0,1,1,,,,,,,Medium,Low,Urban,High,
37.2970086,-121.9373843,95008,0.397310299,0.294480303,0.203202262,0,1,1,,,,,,,Medium,Low,Urban,High,
37.2970086,-121.9329774,95008,0.397310299,0.203343477,0.17767668,0,1,1,,,,,,,Medium,Low,Urban,High,
37.2970086,-121.9275268,95008,0.397310299,0.491693572,0.166621891,0,1,1,,,,,,,Medium,Low,Urban,High,
37.2970086,-121.9232614,95008,0.397310299,0.772311202,0.196454478,0,1,1,,,,,,,Medium,Low,Urban,High,
37.29948853,-121.9501198,95008,0.397310299,1.141261292,0.111500076,0,1,1,,,,,,,Medium,Low,Urban,High,
37.29948853,-121.9491449,95008,0.397310299,1.076060587,0.117096633,0,1,1,,,,,,,Medium,Low,Urban,High,
37.29948853,-121.9388299,95008,0.397310299,0.429273959,0.092879955,0,1,1,,,,,,,Medium,Low,Urban,High,
37.29948853,-121.9376587,95008,0.397310299,0.371424496,0.092157793,0,1,1,,,,,,,Medium,Low,Urban,High,
37.29948853,-121.9346557,95008,0.397310299,0.28113818,0.038987202,0,1,1,,,,,,,Medium,Low,Urban,High,
37.29948853,-121.9194566,95008,0.397310299,1.049630705,0.110327725,0,1,1,,,,,,,Medium,Low,Urban,High,
37.29948853,-121.9192335,95008,0.397310299,1.064501583,0.118438371,0,1,1,,,,,,,Medium,Low,Urban,High,
37.29972048,-121.9537754,95008,0.397310299,1.389314002,0.184930341,0,1,1,,,,,,,Medium,Low,Urban,High,
37.29972048,-121.9242546,95008,0.397310299,0.738520071,0.174955192,0,1,1,,,,,,,Medium,Low,Urban,High,
37.29991058,-121.9564392,95008,0.397310299,1.571152293,0.137685309,0,1,1,,,,,,,Medium,Low,Urban,High,
37.29991058,-121.9500644,95008,0.397310299,1.141426077,0.11483377,0,1,1,,,,,,,Medium,Low,Urban,High,
37.29991058,-121.947202,95008,0.397310299,0.951676562,0.115049723,0,1,1,,,,,,,Medium,Low,Urban,High,
37.29991058,-121.9421595,95008,0.397310299,0.629556599,0.123462866,0,1,1,,,,,,,Medium,Low,Urban,High,
37.29991058,-121.9294711,95008,0.397310299,0.434537362,0.050382773,0,1,1,,,,,,,Medium,Low,Urban,High,
37.30156605,-121.959038,95008,0.397310299,1.759070043,0.137965233,0,1,1,,,,,,,Medium,Low,Urban,High,
37.30156605,-121.9396755,95008,0.397310299,0.523385309,0.211731139,0,1,1,,,,,,,Medium,Low,Urban,High,
37.30156605,-121.9323186,95008,0.397310299,0.375278471,0.274641266,0,1,1,,,,,,,Medium,Low,Urban,High,
37.30156605,-121.926152,95008,0.397310299,0.653783513,0.288526929,0,1,1,,,,,,,Medium,Low,Urban,High,
37.30337946,-121.9595114,95008,0.397310299,1.805417648,0.252917006,0,1,1,,,,,,,Medium,Low,Urban,High,
37.30337946,-121.9485488,95008,0.397310299,1.083264485,0.227793922,0,1,1,,,,,,,Medium,Low,Urban,High,
37.30337946,-121.946989,95008,0.397310299,0.984837594,0.221851787,0,1,1,,,,,,,Medium,Low,Urban,High,
37.30337946,-121.9383514,95008,0.397310299,0.513052476,0.230180863,0,1,1,,,,,,,Medium,Low,Urban,High,
37.30337946,-121.9334531,95008,0.397310299,0.423121432,0.254336947,0,1,1,,,,,,,Medium,Low,Urban,High,
37.30337946,-121.9205544,95008,0.397310299,1.026329001,0.081219941,0,1,1,,,,,,,Medium,Low,Urban,High,
37.30575103,-121.9571091,95008,0.397310299,1.668747173,0.018090801,0,1,1,,,,,,,Medium,Low,Urban,High,
37.30575103,-121.9302773,95008,0.397310299,0.572113404,0.267587006,0,1,1,,,,,,,Medium,Low,Urban,High,
37.30575103,-121.9260583,95008,0.397310299,0.752586776,0.252611212,0,1,1,,,,,,,Medium,Low,Urban,High,
37.30575103,-121.9175598,95008,0.397310299,1.250593934,0.201216546,0,1,1,,,,,,,Medium,Low,Urban,High,
37.30723791,-121.9536553,95008,0.397310299,1.463225391,0.184081036,0,1,1,,,,,,,Medium,Low,Urban,High,
37.30723791,-121.9469652,95008,0.397310299,1.05146643,0.200167507,0,1,1,,,,,,,Medium,Low,Urban,High,
37.30933908,-121.956035,95008,0.397310299,1.644574774,0.088412205,0,1,1,,,,,,,Medium,Low,Urban,High,
37.30933908,-121.9478712,95008,0.397310299,1.145861973,0.149668034,0,1,1,,,,,,,Medium,Low,Urban,High,
37.30950653,-121.9532635,95008,0.397310299,1.472647888,0.250598894,0,1,1,,,,,,,Medium,Low,Urban,High,
37.30950653,-121.9484117,95008,0.397310299,1.180389183,0.233888893,0,1,1,,,,,,,Medium,Low,Urban,High,
37.30950653,-121.9383411,95008,0.397310299,0.708108687,0.176947385,0,1,1,,,,,,,Medium,Low,Urban,High,
37.30950653,-121.9370449,95008,0.397310299,0.67599235,0.145674366,0,1,1,,,,,,,Medium,Low,Urban,High,
37.30950653,-121.9290504,95008,0.397310299,0.733090594,0.124707931,0,1,1,,,,,,,Medium,Low,Urban,High,
37.30950653,-121.92277,95008,0.397310299,1.014233265,0.129519911,0,1,1,,,,,,,Medium,Low,Urban,High,
37.30981285,-121.952073,95008,0.397310299,1.40434785,0.150277087,0,1,1,,,,,,,Medium,Low,Urban,High,
37.30981285,-121.9422975,95008,0.397310299,0.866535383,0.057465421,0,1,1,,,,,,,Medium,Low,Urban,High,
37.3125031,-121.9526602,95008,0.397310299,1.487724678,0.247773088,0,1,1,,,,,,,Medium,Low,Urban,High,
37.3125031,-121.9475342,95008,0.397310299,1.195972532,0.268841895,0,1,1,,,,,,,Medium,Low,Urban,High,
37.3125031,-121.9305134,95008,0.397310299,0.793892356,0.223028066,0,1,1,,,,,,,Medium,Low,Urban,High,
37.3125031,-121.9257682,95008,0.397310299,0.948861307,0.225306117,0,1,1,,,,,,,Medium,Low,Urban,High,
37.31321872,-121.9561196,95008,0.397310299,1.709882221,0.204364721,0,1,1,,,,,,,Medium,Low,Urban,High,
37.31321872,-121.9499122,95008,0.397310299,1.342584489,0.054511847,0,1,1,,,,,,,Medium,Low,Urban,High,
37.31321872,-121.9427222,95008,0.397310299,0.981736644,0.053107584,0,1,1,,,,,,,Medium,Low,Urban,High,
37.31321872,-121.9307588,95008,0.397310299,0.813804294,0.099338528,0,1,1,,,,,,,Medium,Low,Urban,High,
37.31321872,-121.9218636,95008,0.397310299,1.150627227,0.154677721,0,1,1,,,,,,,Medium,Low,Urban,High,
37.31463554,-121.9428799,95008,0.397310299,1.029770614,0.219484368,0,1,1,,,,,,,Medium,Low,Urban,High,
37.31463554,-121.9409898,95008,0.397310299,0.958662772,0.193341253,0,1,1,,,,,,,Medium,Low,Urban,High,
37.31463554,-121.9281398,95008,0.397310299,0.928491184,0.201877179,0,1,1,,,,,,,Medium,Low,Urban,High,
37.3149789,-121.9489948,95008,0.397310299,1.331400782,0.103837046,0,1,1,,,,,,,Medium,Low,Urban,High,
37.3149789,-121.9319754,95008,0.397310299,0.857352287,0.116322769,0,1,1,,,,,,,Medium,Low,Urban,High,
37.31650416,-121.9521391,95008,0.397310299,1.537646158,0.021199286,0,1,1,,,,,,,Medium,Low,Urban,High,
37.31650416,-121.9503526,95008,0.397310299,1.439398614,0.023477818,0,1,1,,,,,,,Medium,Low,Urban,High,
37.31650416,-121.9408139,95008,0.397310299,1.012896689,0.066349895,0,1,1,,,,,,,Medium,Low,Urban,High,
37.31650416,-121.9282496,95008,0.397310299,0.987021166,0.125977332,0,1,1,,,,,,,Medium,Low,Urban,High,
37.31650416,-121.9279918,95008,0.397310299,0.994450192,0.170551263,0,1,1,,,,,,,Medium,Low,Urban,High,
37.31837613,-121.9419401,95008,0.397310299,1.110014713,0.237525191,0,1,1,,,,,,,Medium,Low,Urban,High,
37.32058743,-121.9429409,95008,0.397310299,1.214502242,0.160454058,0,1,1,,,,,,,Medium,Low,Urban,High,
37.32058743,-121.9384903,95008,0.397310299,1.092631619,0.12790067,0,1,1,,,,,,,Medium,Low,Urban,High,
37.32058743,-121.9337961,95008,0.397310299,1.049875574,0.125394283,0,1,1,,,,,,,Medium,Low,Urban,High,
37.32194949,-121.9410534,95008,0.397310299,1.199866394,0.12909795,0,1,1,,,,,,,Medium,Low,Urban,High,
37.32194949,-121.9345786,95008,0.397310299,1.099946415,0.223647506,0,1,1,,,,,,,Medium,Low,Urban,High,
37.32194949,-121.9317698,95008,0.397310299,1.111167454,0.279038946,0,1,1,,,,,,,Medium,Low,Urban,High,
37.2795579,-121.8960106,95118,0.280311809,0.826184802,0.081343982,0,1,1,,,,,,,Low,Low,Urban,High,
37.2795579,-121.883763,95118,0.280311809,0.829357581,0.065779373,0,1,1,,,,,,,Low,Low,Urban,High,
37.28163919,-121.9067864,95118,0.280311809,1.405850286,0.233863377,0,1,1,,,,,,,Low,Low,Urban,High,
37.28163919,-121.8921656,95118,0.280311809,0.802408073,0.245419082,0,1,1,,,,,,,Low,Low,Urban,High,
37.28163919,-121.8814116,95118,0.280311809,0.983152518,0.247502593,0,1,1,,,,,,,Low,Low,Urban,High,
37.28163919,-121.8785275,95118,0.280311809,1.1139744,0.235117349,0,1,1,,,,,,,Low,Low,Urban,High,
37.282985,-121.8868832,95118,0.280311809,0.862647146,0.129712294,0,1,1,,,,,,,Low,Low,Urban,High,
37.282985,-121.8800966,95118,0.280311809,1.077768259,0.038904814,0,1,1,,,,,,,Low,Low,Urban,High,
37.28388274,-121.8898974,95118,0.280311809,0.869317728,0.183553951,0,1,1,,,,,,,Low,Low,Urban,High,
37.28388274,-121.8854717,95118,0.280311809,0.922306478,0.222198594,0,1,1,,,,,,,Low,Low,Urban,High,
37.28388274,-121.8804426,95118,0.280311809,1.08883008,0.259481623,0,1,1,,,,,,,Low,Low,Urban,High,
37.28646281,-121.9028261,95118,0.280311809,1.312366946,0.243601153,0,1,1,,,,,,,Low,Low,Urban,High,
37.28646281,-121.8951511,95118,0.280311809,1.028811495,0.206747317,0,1,1,,,,,,,Low,Low,Urban,High,
37.28646281,-121.8812033,95118,0.280311809,1.136646842,0.16518352,0,1,1,,,,,,,Low,Low,Urban,High,
37.28886784,-121.9040138,95118,0.280311809,1.432566358,0.107200373,0,1,1,,,,,,,Low,Low,Urban,High,
37.2890735,-121.8951599,95118,0.280311809,1.118768512,0.018794349,0,1,1,,,,,,,Low,Low,Urban,High,
37.2890735,-121.8909319,95118,0.280311809,1.061056588,0.016457004,0,1,1,,,,,,,Low,Low,Urban,High,
37.2890735,-121.8868233,95118,0.280311809,1.080336084,0.078448017,0,1,1,,,,,,,Low,Low,Urban,High,
37.2906222,-121.8851338,95118,0.280311809,1.163514631,0.145863041,0,1,1,,,,,,,Low,Low,Urban,High,
37.29305965,-121.8903607,95118,0.280311809,1.20467336,0.290848487,0,1,1,,,,,,,Low,Low,Urban,High,
37.2970086,-121.8887837,95118,0.280311809,1.350770023,0.223359972,0,1,1,,,,,,,Low,Low,Urban,High,
37.28646281,-121.8123413,95148,0.39966291,1.685355899,0.041973587,0,1,1,,,,,,,Medium,Low,Urban,High,
37.2890735,-121.8062246,95148,0.39966291,1.372503816,0.168305423,0,1,1,,,,,,,Medium,Low,Urban,High,
37.2890735,-121.8026306,95148,0.39966291,1.276522376,0.128737519,0,1,1,,,,,,,Medium,Low,Urban,High,
37.2890735,-121.8025508,95148,0.39966291,1.27485829,0.12318932,0,1,1,,,,,,,Medium,Low,Urban,High,
37.2906222,-121.8133088,95148,0.39966291,1.616191643,0.097582507,0,1,1,,,,,,,Medium,Low,Urban,High,
37.2906222,-121.8091146,95148,0.39966291,1.429569206,0.032528565,0,1,1,,,,,,,Medium,Low,Urban,High,
37.29544619,-121.8045354,95148,0.39966291,1.112771791,0.143872179,0,1,1,,,,,,,Medium,Low,Urban,High,
37.29544619,-121.8034048,95148,0.39966291,1.078532456,0.158791409,0,1,1,,,,,,,Medium,Low,Urban,High,
37.29544619,-121.7959454,95148,0.39966291,0.986986614,0.23699876,0,1,1,,,,,,,Medium,Low,Urban,High,
37.2970086,-121.8147982,95148,0.39966291,1.539091236,0.245336819,0,1,1,,,,,,,Medium,Low,Urban,High,
37.2970086,-121.7941351,95148,0.39966291,0.948497287,0.091948733,0,1,1,,,,,,,Medium,Low,Urban,High,
37.29948853,-121.8069354,95148,0.39966291,1.081608293,0.083012713,0,1,1,,,,,,,Medium,Low,Urban,High,
37.29972048,-121.8041109,95148,0.39966291,0.962550033,0.108163219,0,1,1,,,,,,,Medium,Low,Urban,High,
37.29972048,-121.8000265,95148,0.39966291,0.854192157,0.074637015,0,1,1,,,,,,,Medium,Low,Urban,High,
37.29972048,-121.7982536,95148,0.39966291,0.83293145,0.019049419,0,1,1,,,,,,,Medium,Low,Urban,High,
37.29991058,-121.8101763,95148,0.39966291,1.225293291,0.092329411,0,1,1,,,,,,,Medium,Low,Urban,High,
37.29991058,-121.8077412,95148,0.39966291,1.106239792,0.094447176,0,1,1,,,,,,,Medium,Low,Urban,High,
37.29991058,-121.7950686,95148,0.39966291,0.83265117,0.254065037,0,1,1,,,,,,,Medium,Low,Urban,High,
37.30156605,-121.8092609,95148,0.39966291,1.137940687,0.216294653,0,1,1,,,,,,,Medium,Low,Urban,High,
37.30156605,-121.8087545,95148,0.39966291,1.112182136,0.201207756,0,1,1,,,,,,,Medium,Low,Urban,High,
37.30156605,-121.7999488,95148,0.39966291,0.787781408,0.203658947,0,1,1,,,,,,,Medium,Low,Urban,High,
37.30156605,-121.7961011,95148,0.39966291,0.764025278,0.153046484,0,1,1,,,,,,,Medium,Low,Urban,High,
37.30156605,-121.7917288,95148,0.39966291,0.844653558,0.143407732,0,1,1,,,,,,,Medium,Low,Urban,High,
37.30337946,-121.8100104,95148,0.39966291,1.135330049,0.055998359,0,1,1,,,,,,,Medium,Low,Urban,High,
37.30337946,-121.8015085,95148,0.39966291,0.761328382,0.039148322,0,1,1,,,,,,,Medium,Low,Urban,High,
37.30337946,-121.7960889,95148,0.39966291,0.698331952,0.08658908,0,1,1,,,,,,,Medium,Low,Urban,High,
37.30337946,-121.7937813,95148,0.39966291,0.730513471,0.113468427,0,1,1,,,,,,,Medium,Low,Urban,High,
37.30337946,-121.7911814,95148,0.39966291,0.803974161,0.172458151,0,1,1,,,,,,,Medium,Low,Urban,High,
37.30575103,-121.8007075,95148,0.39966291,0.660099713,0.079735183,0,1,1,,,,,,,Medium,Low,Urban,High,
37.30575103,-121.7984606,95148,0.39966291,0.617062309,0.05470038,0,1,1,,,,,,,Medium,Low,Urban,High,
37.30575103,-121.7967971,95148,0.39966291,0.609204034,0.033738956,0,1,1,,,,,,,Medium,Low,Urban,High,
37.30575103,-121.7819207,95148,0.39966291,1.208194181,0.089224224,0,1,1,,,,,,,Medium,Low,Urban,High,
37.30723791,-121.8130852,95148,0.39966291,1.240871468,0.138771029,0,1,1,,,,,,,Medium,Low,Urban,High,
37.30723791,-121.8061386,95148,0.39966291,0.839443442,0.1658218,0,1,1,,,,,,,Medium,Low,Urban,High,
37.30723791,-121.7799608,95148,0.39966291,1.302966401,0.155324812,0,1,1,,,,,,,Medium,Low,Urban,High,
37.30933908,-121.8177916,95148,0.39966291,1.512716065,0.030689561,0,1,1,,,,,,,Medium,Low,Urban,High,
37.30933908,-121.8010044,95148,0.39966291,0.551847049,0.155403547,0,1,1,,,,,,,Medium,Low,Urban,High,
37.30933908,-121.7807736,95148,0.39966291,1.220429018,0.063172164,0,1,1,,,,,,,Medium,Low,Urban,High,
37.30933908,-121.7730478,95148,0.39966291,1.724288268,0.133014731,0,1,1,,,,,,,Medium,Low,Urban,High,
37.30950653,-121.7801669,95148,0.39966291,1.256800669,0.142141437,0,1,1,,,,,,,Medium,Low,Urban,High,
37.30950653,-121.7756453,95148,0.39966291,1.55078501,0.175176767,0,1,1,,,,,,,Medium,Low,Urban,High,
37.30950653,-121.7733871,95148,0.39966291,1.700073695,0.224772202,0,1,1,,,,,,,Medium,Low,Urban,High,
37.30981285,-121.7955688,95148,0.39966291,0.471937466,0.197987173,0,1,1,,,,,,,Medium,Low,Urban,High,
37.30981285,-121.7907287,95148,0.39966291,0.633852904,0.188492149,0,1,1,,,,,,,Medium,Low,Urban,High,
37.30981285,-121.7886883,95148,0.39966291,0.737750996,0.192146871,0,1,1,,,,,,,Medium,Low,Urban,High,
37.30981285,-121.7875133,95148,0.39966291,0.802732907,0.193166376,0,1,1,,,,,,,Medium,Low,Urban,High,
37.30981285,-121.7731036,95148,0.39966291,1.715871823,0.131650927,0,1,1,,,,,,,Medium,Low,Urban,High,
37.3125031,-121.8123367,95148,0.39966291,1.118734895,0.139047648,0,1,1,,,,,,,Medium,Low,Urban,High,
37.3125031,-121.769681,95148,0.39966291,1.92384995,0.136109414,0,1,1,,,,,,,Medium,Low,Urban,High,
37.31321872,-121.8167405,95148,0.39966291,1.403522718,0.228973405,0,1,1,,,,,,,Medium,Low,Urban,High,
37.31321872,-121.814937,95148,0.39966291,1.282902686,0.195549114,0,1,1,,,,,,,Medium,Low,Urban,High,
37.31321872,-121.8108726,95148,0.39966291,1.014619718,0.162989186,0,1,1,,,,,,,Medium,Low,Urban,High,
37.31321872,-121.8072985,95148,0.39966291,0.785983637,0.148911785,0,1,1,,,,,,,Medium,Low,Urban,High,
37.31321872,-121.795496,95148,0.39966291,0.353244586,0.053177066,0,1,1,,,,,,,Medium,Low,Urban,High,
37.31321872,-121.7884809,95148,0.39966291,0.679726466,0.106539396,0,1,1,,,,,,,Medium,Low,Urban,High,
37.31321872,-121.7842059,95148,0.39966291,0.947621672,0.134699349,0,1,1,,,,,,,Medium,Low,Urban,High,
37.31463554,-121.8024093,95148,0.39966291,0.469090128,0.222756767,0,1,1,,,,,,,Medium,Low,Urban,High,
37.31463554,-121.7888339,95148,0.39966291,0.633812237,0.196080015,0,1,1,,,,,,,Medium,Low,Urban,High,
37.31463554,-121.7846145,95148,0.39966291,0.90369672,0.127180332,0,1,1,,,,,,,Medium,Low,Urban,High,
37.31463554,-121.7817927,95148,0.39966291,1.090429428,0.115169311,0,1,1,,,,,,,Medium,Low,Urban,High,
37.31463554,-121.7723026,95148,0.39966291,1.731825116,0.047545745,0,1,1,,,,,,,Medium,Low,Urban,High,
37.3149789,-121.8186974,95148,0.39966291,1.522328008,0.071012451,0,1,1,,,,,,,Medium,Low,Urban,High,
37.3149789,-121.8138173,95148,0.39966291,1.192127766,0.193598967,0,1,1,,,,,,,Medium,Low,Urban,High,
37.3149789,-121.8096541,95148,0.39966291,0.914483567,0.08891356,0,1,1,,,,,,,Medium,Low,Urban,High,
37.3149789,-121.8075538,95148,0.39966291,0.777186045,0.120629399,0,1,1,,,,,,,Medium,Low,Urban,High,
37.3149789,-121.7815632,95148,0.39966291,1.102581096,0.068098499,0,1,1,,,,,,,Medium,Low,Urban,High,
37.3149789,-121.7772743,95148,0.39966291,1.391639917,0.173871144,0,1,1,,,,,,,Medium,Low,Urban,High,
37.31650416,-121.8121303,95148,0.39966291,1.066285634,0.190249083,0,1,1,,,,,,,Medium,Low,Urban,High,
37.31650416,-121.8073691,95148,0.39966291,0.747234666,0.175218981,0,1,1,,,,,,,Medium,Low,Urban,High,
37.31650416,-121.7956755,95148,0.39966291,0.236597537,0.176229548,0,1,1,,,,,,,Medium,Low,Urban,High,
37.31650416,-121.7942797,95148,0.39966291,0.288517764,0.18170764,0,1,1,,,,,,,Medium,Low,Urban,High,
37.31650416,-121.7840299,95148,0.39966291,0.923773313,0.142466575,0,1,1,,,,,,,Medium,Low,Urban,High,
37.31650416,-121.7743197,95148,0.39966291,1.583760424,0.129076705,0,1,1,,,,,,,Medium,Low,Urban,High,
37.31650416,-121.7727952,95148,0.39966291,1.688163589,0.143467445,0,1,1,,,,,,,Medium,Low,Urban,High,
37.31837613,-121.7980083,95148,0.39966291,0.164125856,0.193904156,0,1,1,,,,,,,Medium,Low,Urban,High,
37.31837613,-121.7955696,95148,0.39966291,0.179980779,0.238063542,0,1,1,,,,,,,Medium,Low,Urban,High,
37.31837613,-121.7892053,95148,0.39966291,0.560464815,0.166905853,0,1,1,,,,,,,Medium,Low,Urban,High,
37.31837613,-121.7887129,95148,0.39966291,0.593327562,0.163188083,0,1,1,,,,,,,Medium,Low,Urban,High,
37.31837613,-121.7886218,95148,0.39966291,0.599421771,0.158862125,0,1,1,,,,,,,Medium,Low,Urban,High,
37.31837613,-121.7804147,95148,0.39966291,1.157286556,0.127478256,0,1,1,,,,,,,Medium,Low,Urban,High,
37.31837613,-121.7730463,95148,0.39966291,1.663466001,0.038968623,0,1,1,,,,,,,Medium,Low,Urban,High,
37.32058743,-121.80825,95148,0.39966291,0.778787025,0.170627549,0,1,1,,,,,,,Medium,Low,Urban,High,
37.32058743,-121.7913576,95148,0.39966291,0.397491115,0.278086277,0,1,1,,,,,,,Medium,Low,Urban,High,
37.32058743,-121.7897954,95148,0.39966291,0.504151071,0.287689277,0,1,1,,,,,,,Medium,Low,Urban,High,
37.32058743,-121.7811597,95148,0.39966291,1.098294819,0.062054665,0,1,1,,,,,,,Medium,Low,Urban,High,
37.32058743,-121.7609283,95148,0.39966291,2.49502614,0.174458053,0,1,1,,,,,,,Medium,Low,Urban,High,
37.32194949,-121.8047827,95148,0.39966291,0.536501216,0.082730547,0,1,1,,,,,,,Medium,Low,Urban,High,
37.32454467,-121.8199226,95148,0.39966291,1.584075338,0.055590096,0,1,1,,,,,,,Medium,Low,Urban,High,
37.32454467,-121.8119933,95148,0.39966291,1.03712478,0.052957516,0,1,1,,,,,,,Medium,Low,Urban,High,
37.32454467,-121.8040756,95148,0.39966291,0.493072396,0.070733835,0,1,1,,,,,,,Medium,Low,Urban,High,
37.32454467,-121.8017251,95148,0.39966291,0.333482721,0.117862646,0,1,1,,,,,,,Medium,Low,Urban,High,
37.32454467,-121.7994646,95148,0.39966291,0.184707888,0.162644749,0,1,1,,,,,,,Medium,Low,Urban,High,
37.32454467,-121.7931755,95148,0.39966291,0.276313591,0.209908622,0,1,1,,,,,,,Medium,Low,Urban,High,
37.32454467,-121.7889114,95148,0.39966291,0.565538849,0.241861679,0,1,1,,,,,,,Medium,Low,Urban,High,
37.32454467,-121.7779608,95148,0.39966291,1.319318733,0.211616926,0,1,1,,,,,,,Medium,Low,Urban,High,
37.32645688,-121.7809468,95148,0.39966291,1.120248487,0.136615728,0,1,1,,,,,,,Medium,Low,Urban,High,
37.3289879,-121.8208095,95148,0.39966291,1.660581343,0.067047701,0,1,1,,,,,,,Medium,Low,Urban,High,
37.3289879,-121.7856118,95148,0.39966291,0.823346332,0.208921792,0,1,1,,,,,,,Medium,Low,Urban,High,
37.3289879,-121.7828094,95148,0.39966291,1.01032787,0.211675082,0,1,1,,,,,,,Medium,Low,Urban,High,
37.3289879,-121.7787515,95148,0.39966291,1.284579783,0.188371629,0,1,1,,,,,,,Medium,Low,Urban,High,
37.33055368,-121.8193194,95148,0.39966291,1.568428991,0.096773647,0,1,1,,,,,,,Medium,Low,Urban,High,
37.33055368,-121.809402,95148,0.39966291,0.904477768,0.183954603,0,1,1,,,,,,,Medium,Low,Urban,High,
37.33055368,-121.8070694,95148,0.39966291,0.753877066,0.206643136,0,1,1,,,,,,,Medium,Low,Urban,High,
37.33055368,-121.7992059,95148,0.39966291,0.330448226,0.238450739,0,1,1,,,,,,,Medium,Low,Urban,High,
37.33055368,-121.7764247,95148,0.39966291,1.453347024,0.18952406,0,1,1,,,,,,,Medium,Low,Urban,High,
37.33055368,-121.7715974,95148,0.39966291,1.781283425,0.129801254,0,1,1,,,,,,,Medium,Low,Urban,High,
37.33229121,-121.8213917,95148,0.39966291,1.72131039,0.124474685,0,1,1,,,,,,,Medium,Low,Urban,High,
37.33229121,-121.8147963,95148,0.39966291,1.279011628,0.056067906,0,1,1,,,,,,,Medium,Low,Urban,High,
37.33229121,-121.806334,95148,0.39966291,0.735918636,0.133469582,0,1,1,,,,,,,Medium,Low,Urban,High,
37.33229121,-121.8013702,95148,0.39966291,0.466775633,0.251602741,0,1,1,,,,,,,Medium,Low,Urban,High,
37.33229121,-121.7861191,95148,0.39966291,0.833847192,0.137095647,0,1,1,,,,,,,Medium,Low,Urban,High,
37.33306415,-121.8213453,95148,0.39966291,1.724249895,0.10718374,0,1,1,,,,,,,Medium,Low,Urban,High,
37.33306415,-121.8165619,95148,0.39966291,1.404036765,0.052457053,0,1,1,,,,,,,Medium,Low,Urban,High,
37.33306415,-121.8003145,95148,0.39966291,0.447525643,0.055610266,0,1,1,,,,,,,Medium,Low,Urban,High,
37.33306415,-121.7980662,95148,0.39966291,0.392104064,0.089468841,0,1,1,,,,,,,Medium,Low,Urban,High,
37.33306415,-121.7818254,95148,0.39966291,1.11860403,0.218761167,0,1,1,,,,,,,Medium,Low,Urban,High,
37.33306415,-121.7772421,95148,0.39966291,1.420105085,0.208962814,0,1,1,,,,,,,Medium,Low,Urban,High,
37.33306415,-121.7740115,95148,0.39966291,1.636075265,0.174846638,0,1,1,,,,,,,Medium,Low,Urban,High,
37.33306415,-121.7680875,95148,0.39966291,2.036173686,0.159480518,0,1,1,,,,,,,Medium,Low,Urban,High,
37.3354207,-121.8214639,95148,0.39966291,1.753339223,0.137604415,0,1,1,,,,,,,Medium,Low,Urban,High,
37.3354207,-121.8178978,95148,0.39966291,1.517441754,0.09741896,0,1,1,,,,,,,Medium,Low,Urban,High,
37.3354207,-121.8071835,95148,0.39966291,0.845563197,0.125542983,0,1,1,,,,,,,Medium,Low,Urban,High,
37.3354207,-121.802532,95148,0.39966291,0.605776897,0.104662274,0,1,1,,,,,,,Medium,Low,Urban,High,
37.3354207,-121.7916898,95148,0.39966291,0.59818768,0.081418558,0,1,1,,,,,,,Medium,Low,Urban,High,
37.3354207,-121.7790273,95148,0.39966291,1.329727937,0.088983472,0,1,1,,,,,,,Medium,Low,Urban,High,
37.3354207,-121.7722735,95148,0.39966291,1.773840227,0.165126844,0,1,1,,,,,,,Medium,Low,Urban,High,
37.33694709,-121.8161376,95148,0.39966291,1.421985796,0.233756026,0,1,1,,,,,,,Medium,Low,Urban,High,
37.33694709,-121.8148509,95148,0.39966291,1.339808827,0.239870508,0,1,1,,,,,,,Medium,Low,Urban,High,
37.33694709,-121.8123254,95148,0.39966291,1.181351783,0.229989479,0,1,1,,,,,,,Medium,Low,Urban,High,
37.33694709,-121.8021636,95148,0.39966291,0.635376386,0.162707943,0,1,1,,,,,,,Medium,Low,Urban,High,
37.33694709,-121.7653112,95148,0.39966291,2.253607681,0.138389446,0,1,1,,,,,,,Medium,Low,Urban,High,
37.33694709,-121.7634383,95148,0.39966291,2.379627539,0.164672283,0,1,1,,,,,,,Medium,Low,Urban,High,
37.33847727,-121.8138877,95148,0.39966291,1.302831227,0.221245025,0,1,1,,,,,,,Medium,Low,Urban,High,
37.33847727,-121.8128135,95148,0.39966291,1.236883953,0.161698341,0,1,1,,,,,,,Medium,Low,Urban,High,
37.33847727,-121.8078869,95148,0.39966291,0.95020309,0.139724138,0,1,1,,,,,,,Medium,Low,Urban,High,
37.33847727,-121.7871054,95148,0.39966291,0.89936328,0.079807139,0,1,1,,,,,,,Medium,Low,Urban,High,
37.33847727,-121.7601029,95148,0.39966291,2.616700382,0.14372677,0,1,1,,,,,,,Medium,Low,Urban,High,
37.33972225,-121.8116936,95148,0.39966291,1.192428057,0.040376891,0,1,1,,,,,,,Medium,Low,Urban,High,
37.33972225,-121.8092042,95148,0.39966291,1.050102344,0.044655638,0,1,1,,,,,,,Medium,Low,Urban,High,
37.33972225,-121.8071637,95148,0.39966291,0.94086719,0.094428761,0,1,1,,,,,,,Medium,Low,Urban,High,
37.33972225,-121.8001434,95148,0.39966291,0.663840598,0.051607204,0,1,1,,,,,,,Medium,Low,Urban,High,
37.34144029,-121.8128064,95148,0.39966291,1.290809557,0.094228332,0,1,1,,,,,,,Medium,Low,Urban,High,
37.34144029,-121.8068131,95148,0.39966291,0.96661457,0.155238734,0,1,1,,,,,,,Medium,Low,Urban,High,
37.34144029,-121.8002542,95148,0.39966291,0.725609009,0.189454267,0,1,1,,,,,,,Medium,Low,Urban,High,
37.34144029,-121.7995573,95148,0.39966291,0.712262131,0.229578326,0,1,1,,,,,,,Medium,Low,Urban,High,
37.34144029,-121.7960573,95148,0.39966291,0.693590697,0.225517874,0,1,1,,,,,,,Medium,Low,Urban,High,
37.34144029,-121.790042,95148,0.39966291,0.842159756,0.22326069,0,1,1,,,,,,,Medium,Low,Urban,High,
37.34144029,-121.7826492,95148,0.39966291,1.209508175,0.188187766,0,1,1,,,,,,,Medium,Low,Urban,High,
37.34144029,-121.780576,95148,0.39966291,1.329648867,0.147046914,0,1,1,,,,,,,Medium,Low,Urban,High,
37.34144029,-121.7722078,95148,0.39966291,1.848366393,0.156009223,0,1,1,,,,,,,Medium,Low,Urban,High,
37.34144029,-121.7537811,95148,0.39966291,3.066558424,0.090317103,0,1,1,,,,,,,Medium,Low,Urban,High,
37.34144029,-121.7439438,95148,0.39966291,3.731980953,0.117237737,0,1,1,,,,,,,Medium,Low,Urban,High,
37.34215097,-121.7976514,95148,0.39966291,0.717575534,0.119502978,0,1,1,,,,,,,Medium,Low,Urban,High,
37.34215097,-121.7911336,95148,0.39966291,0.823745512,0.162159985,0,1,1,,,,,,,Medium,Low,Urban,High,
37.34215097,-121.7791037,95148,0.39966291,1.43035139,0.198196656,0,1,1,,,,,,,Medium,Low,Urban,High,
37.34215097,-121.7790956,95148,0.39966291,1.43083588,0.1689642,0,1,1,,,,,,,Medium,Low,Urban,High,
37.34215097,-121.7758978,95148,0.39966291,1.6258851,0.160641415,0,1,1,,,,,,,Medium,Low,Urban,High,
37.34215097,-121.7720121,95148,0.39966291,1.870663707,0.096977007,0,1,1,,,,,,,Medium,Low,Urban,High,
37.34449653,-121.8174211,95148,0.39966291,1.621583932,0.192058687,0,1,1,,,,,,,Medium,Low,Urban,High,
37.34449653,-121.8113134,95148,0.39966291,1.271962156,0.197823856,0,1,1,,,,,,,Medium,Low,Urban,High,
37.34449653,-121.7898032,95148,0.39966291,0.944145115,0.298776136,0,1,1,,,,,,,Medium,Low,Urban,High,
37.34449653,-121.7838653,95148,0.39966291,1.2120351,0.243016149,0,1,1,,,,,,,Medium,Low,Urban,High,
37.34449653,-121.7668067,95148,0.39966291,2.236381656,0.119472092,0,1,1,,,,,,,Medium,Low,Urban,High,
37.34449653,-121.7452917,95148,0.39966291,3.663190789,0.104794791,0,1,1,,,,,,,Medium,Low,Urban,High,
37.34452043,-121.8164211,95148,0.39966291,1.56234113,0.193312612,0,1,1,,,,,,,Medium,Low,Urban,High,
37.34452043,-121.7878827,95148,0.39966291,1.021170028,0.02016305,0,1,1,,,,,,,Medium,Low,Urban,High,
37.34452043,-121.7837517,95148,0.39966291,1.218506151,0.095964488,0,1,1,,,,,,,Medium,Low,Urban,High,
37.34667353,-121.7993993,95148,0.39966291,0.89611122,0.10887267,0,1,1,,,,,,,Medium,Low,Urban,High,
37.34667353,-121.7980924,95148,0.39966291,0.884019321,0.08034515,0,1,1,,,,,,,Medium,Low,Urban,High,
37.34667353,-121.7938098,95148,0.39966291,0.908429146,0.025297701,0,1,1,,,,,,,Medium,Low,Urban,High,
37.34667353,-121.7790021,95148,0.39966291,1.52518599,0.140380939,0,1,1,,,,,,,Medium,Low,Urban,High,
37.34667353,-121.7676005,95148,0.39966291,2.215544285,0.217429357,0,1,1,,,,,,,Medium,Low,Urban,High,
37.34667353,-121.7668728,95148,0.39966291,2.261769493,0.21461771,0,1,1,,,,,,,Medium,Low,Urban,High,
37.34902014,-121.8144851,95148,0.39966291,1.545994575,0.170359238,0,1,1,,,,,,,Medium,Low,Urban,High,
37.34902014,-121.8085257,95148,0.39966291,1.251328809,0.166206773,0,1,1,,,,,,,Medium,Low,Urban,High,
37.34902014,-121.7972115,95148,0.39966291,0.966440581,0.142935789,0,1,1,,,,,,,Medium,Low,Urban,High,
37.34902014,-121.7859841,95148,0.39966291,1.231007548,0.095593833,0,1,1,,,,,,,Medium,Low,Urban,High,
37.34902014,-121.785157,95148,0.39966291,1.267205964,0.076474585,0,1,1,,,,,,,Medium,Low,Urban,High,
37.34902014,-121.7737467,95148,0.39966291,1.876175127,0.106242479,0,1,1,,,,,,,Medium,Low,Urban,High,
37.34902014,-121.7629301,95148,0.39966291,2.546081633,0.084856042,0,1,1,,,,,,,Medium,Low,Urban,High,
37.34902014,-121.7501852,95148,0.39966291,3.377407903,0.061955566,0,1,1,,,,,,,Medium,Low,Urban,High,
37.34902014,-121.7446817,95148,0.39966291,3.743369864,0.193310939,0,1,1,,,,,,,Medium,Low,Urban,High,
37.34902014,-121.7374576,95148,0.39966291,4.227582705,0.249743646,0,1,1,,,,,,,Medium,Low,Urban,High,
37.35085624,-121.8159055,95148,0.39966291,1.664436568,0.220789092,0,1,1,,,,,,,Medium,Low,Urban,High,
37.35085624,-121.8151513,95148,0.39966291,1.623901483,0.179169201,0,1,1,,,,,,,Medium,Low,Urban,High,
37.35085624,-121.8007046,95148,0.39966291,1.064103441,0.090289899,0,1,1,,,,,,,Medium,Low,Urban,High,
37.35085624,-121.7850978,95148,0.39966291,1.321422661,0.257497262,0,1,1,,,,,,,Medium,Low,Urban,High,
37.35214756,-121.8084488,95148,0.39966291,1.338098857,0.212846679,0,1,1,,,,,,,Medium,Low,Urban,High,
37.35214756,-121.7961005,95148,0.39966291,1.082080753,0.104011982,0,1,1,,,,,,,Medium,Low,Urban,High,
37.35214756,-121.7655352,95148,0.39966291,2.428934774,0.029047874,0,1,1,,,,,,,Medium,Low,Urban,High,
37.35476489,-121.8162349,95148,0.39966291,1.773345497,0.090794876,0,1,1,,,,,,,Medium,Low,Urban,High,
37.35476489,-121.8020961,95148,0.39966291,1.226734279,0.070582742,0,1,1,,,,,,,Medium,Low,Urban,High,
37.35476489,-121.7964065,95148,0.39966291,1.176269121,0.111819094,0,1,1,,,,,,,Medium,Low,Urban,High,
37.35476489,-121.7825564,95148,0.39966291,1.542890034,0.060687188,0,1,1,,,,,,,Medium,Low,Urban,High,
37.35476489,-121.7778025,95148,0.39966291,1.773399932,0.122032301,0,1,1,,,,,,,Medium,Low,Urban,High,
37.35476489,-121.7608668,95148,0.39966291,2.760805475,0.200785938,0,1,1,,,,,,,Medium,Low,Urban,High,
37.35476489,-121.752092,95148,0.39966291,3.319470564,0.142451298,0,1,1,,,,,,,Medium,Low,Urban,High,
37.35476489,-121.7472642,95148,0.39966291,3.633363617,0.133017652,0,1,1,,,,,,,Medium,Low,Urban,High,
37.35687459,-121.8154482,95148,0.39966291,1.78603978,0.123854723,0,1,1,,,,,,,Medium,Low,Urban,High,
37.35687459,-121.8017192,95148,0.39966291,1.293750999,0.064595454,0,1,1,,,,,,,Medium,Low,Urban,High,
37.35687459,-121.7972703,95148,0.39966291,1.252438525,0.075046435,0,1,1,,,,,,,Medium,Low,Urban,High,
37.35687459,-121.7898734,95148,0.39966291,1.346128045,0.108294401,0,1,1,,,,,,,Medium,Low,Urban,High,
37.3581442,-121.812806,95148,0.39966291,1.695951799,0.091945456,0,1,1,,,,,,,Medium,Low,Urban,High,
37.3581442,-121.8045583,95148,0.39966291,1.399159095,0.066161057,0,1,1,,,,,,,Medium,Low,Urban,High,
37.3581442,-121.7900216,95148,0.39966291,1.385619842,0.179957162,0,1,1,,,,,,,Medium,Low,Urban,High,
37.3581442,-121.7735431,95148,0.39966291,2.077825855,0.020119023,0,1,1,,,,,,,Medium,Low,Urban,High,
37.3581442,-121.7625683,95148,0.39966291,2.71156435,0.089105068,0,1,1,,,,,,,Medium,Low,Urban,High,
37.3581442,-121.7565642,95148,0.39966291,3.082177177,0.145176818,0,1,1,,,,,,,Medium,Low,Urban,High,
37.35870644,-121.8158439,95148,0.39966291,1.852540603,0.149289616,0,1,1,,,,,,,Medium,Low,Urban,High,
37.35870644,-121.7999785,95148,0.39966291,1.334779053,0.251532472,0,1,1,,,,,,,Medium,Low,Urban,High,
37.35870644,-121.7944086,95148,0.39966291,1.331280313,0.262321585,0,1,1,,,,,,,Medium,Low,Urban,High,
37.35870644,-121.7731924,95148,0.39966291,2.109527896,0.139517059,0,1,1,,,,,,,Medium,Low,Urban,High,
37.3591481,-121.814833,95148,0.39966291,1.815973393,0.13153867,0,1,1,,,,,,,Medium,Low,Urban,High,
37.3591481,-121.8135766,95148,0.39966291,1.758284574,0.109166259,0,1,1,,,,,,,Medium,Low,Urban,High,
37.3591481,-121.8119848,95148,0.39966291,1.688778238,0.090594834,0,1,1,,,,,,,Medium,Low,Urban,High,
37.3591481,-121.8053741,95148,0.39966291,1.454593665,0.090262803,0,1,1,,,,,,,Medium,Low,Urban,High,
37.3591481,-121.804893,95148,0.39966291,1.441721225,0.093808936,0,1,1,,,,,,,Medium,Low,Urban,High,
37.3591481,-121.797572,95148,0.39966291,1.335640847,0.220893201,0,1,1,,,,,,,Medium,Low,Urban,High,
37.3591481,-121.7949974,95148,0.39966291,1.342373107,0.273824607,0,1,1,,,,,,,Medium,Low,Urban,High,
37.3591481,-121.7774358,95148,0.39966291,1.900871521,0.024524561,0,1,1,,,,,,,Medium,Low,Urban,High,
37.36073365,-121.8009873,95148,0.39966291,1.419572548,0.15350569,0,1,1,,,,,,,Medium,Low,Urban,High,
37.3623667,-121.8123851,95148,0.39966291,1.799089466,0.043008011,0,1,1,,,,,,,Medium,Low,Urban,High,
37.3623667,-121.8046579,95148,0.39966291,1.54526706,0.106067377,0,1,1,,,,,,,Medium,Low,Urban,High,
37.3623667,-121.7892749,95148,0.39966291,1.547674068,0.1828956,0,1,1,,,,,,,Medium,Low,Urban,High,
37.3623667,-121.7622319,95148,0.39966291,2.808249409,0.071601385,0,1,1,,,,,,,Medium,Low,Urban,High,
37.3623667,-121.7535183,95148,0.39966291,3.338128617,0.057619838,0,1,1,,,,,,,Medium,Low,Urban,High,
37.36454465,-121.8045486,95148,0.39966291,1.617587152,0.021940594,0,1,1,,,,,,,Medium,Low,Urban,High,
37.36454465,-121.8033173,95148,0.39966291,1.592251805,0.096133757,0,1,1,,,,,,,Medium,Low,Urban,High,
37.36454465,-121.7994085,95148,0.39966291,1.540464981,0.11195931,0,1,1,,,,,,,Medium,Low,Urban,High,
37.36454465,-121.7774884,95148,0.39966291,2.041181231,0.152428807,0,1,1,,,,,,,Medium,Low,Urban,High,
37.36454465,-121.7678506,95148,0.39966291,2.531222284,0.077702977,0,1,1,,,,,,,Medium,Low,Urban,High,
37.36454465,-121.7529501,95148,0.39966291,3.408367341,0.083375919,0,1,1,,,,,,,Medium,Low,Urban,High,
37.36619785,-121.8137332,95148,0.39966291,1.966730985,0.162534474,0,1,1,,,,,,,Medium,Low,Urban,High,
37.36619785,-121.8064828,95148,0.39966291,1.720933211,0.215601511,0,1,1,,,,,,,Medium,Low,Urban,High,
37.36619785,-121.7748477,95148,0.39966291,2.209073871,0.121963329,0,1,1,,,,,,,Medium,Low,Urban,High,
37.36744695,-121.8123252,95148,0.39966291,1.949267291,0.155135347,0,1,1,,,,,,,Medium,Low,Urban,High,
37.3689157,-121.7951334,95148,0.39966291,1.695705052,0.125275854,0,1,1,,,,,,,Medium,Low,Urban,High,
37.3689157,-121.7890169,95148,0.39966291,1.778742776,0.150118013,0,1,1,,,,,,,Medium,Low,Urban,High,
37.3689157,-121.7764584,95148,0.39966291,2.208179726,0.082841829,0,1,1,,,,,,,Medium,Low,Urban,High,
37.3704072,-121.8111104,95148,0.39966291,1.998442047,0.114341023,0,1,1,,,,,,,Medium,Low,Urban,High,
37.3704072,-121.8091958,95148,0.39966291,1.937411139,0.062829697,0,1,1,,,,,,,Medium,Low,Urban,High,
37.3704072,-121.800148,95148,0.39966291,1.758399878,0.087924116,0,1,1,,,,,,,Medium,Low,Urban,High,
37.37090691,-121.8022313,95148,0.39966291,1.799685561,0.169305645,0,1,1,,,,,,,Medium,Low,Urban,High,
37.37090691,-121.7933015,95148,0.39966291,1.781775025,0.164897254,0,1,1,,,,,,,Medium,Low,Urban,High,
37.37090691,-121.771677,95148,0.39966291,2.484750412,0.11773114,0,1,1,,,,,,,Medium,Low,Urban,High,
37.37090691,-121.7699534,95148,0.39966291,2.570054804,0.095625831,0,1,1,,,,,,,Medium,Low,Urban,High,
37.37090691,-121.7513776,95148,0.39966291,3.612849481,0.077558189,0,1,1,,,,,,,Medium,Low,Urban,High,
37.37236348,-121.801349,95148,0.39966291,1.840781304,0.079253351,0,1,1,,,,,,,Medium,Low,Urban,High,
37.37236348,-121.7953506,95148,0.39966291,1.819873322,0.161575925,0,1,1,,,,,,,Medium,Low,Urban,High,
37.37236348,-121.7593767,95148,0.39966291,3.17205678,0.118511218,0,1,1,,,,,,,Medium,Low,Urban,High,
37.37402157,-121.8040707,95148,0.39966291,1.938941567,0.18184969,0,1,1,,,,,,,Medium,Low,Urban,High,
37.37402157,-121.8031067,95148,0.39966291,1.923268851,0.21636859,0,1,1,,,,,,,Medium,Low,Urban,High,
37.37402157,-121.775596,95148,0.39966291,2.389904632,0.206167883,0,1,1,,,,,,,Medium,Low,Urban,High,
37.37402157,-121.7611615,95148,0.39966291,3.107799196,0.114122846,0,1,1,,,,,,,Medium,Low,Urban,High,
37.37555722,-121.8119572,95148,0.39966291,2.191122304,0.109192315,0,1,1,,,,,,,Medium,Low,Urban,High,
37.37555722,-121.806296,95148,0.39966291,2.036206075,0.113876789,0,1,1,,,,,,,Medium,Low,Urban,High,
37.37555722,-121.8052461,95148,0.39966291,2.014528409,0.055839858,0,1,1,,,,,,,Medium,Low,Urban,High,
37.37555722,-121.800047,95148,0.39966291,1.943863798,0.095655342,0,1,1,,,,,,,Medium,Low,Urban,High,
37.37555722,-121.797157,95148,0.39966291,1.932546523,0.099462507,0,1,1,,,,,,,Medium,Low,Urban,High,
37.37731751,-121.7952111,95148,0.39966291,2.000481845,0.043958073,0,1,1,,,,,,,Medium,Low,Urban,High,
37.37731751,-121.7827118,95148,0.39966291,2.22772275,0.186246763,0,1,1,,,,,,,Medium,Low,Urban,High,
37.37731751,-121.7740952,95148,0.39966291,2.548295392,0.16401785,0,1,1,,,,,,,Medium,Low,Urban,High,
37.37731751,-121.768801,95148,0.39966291,2.790366543,0.140809255,0,1,1,,,,,,,Medium,Low,Urban,High,
37.37731751,-121.7533939,95148,0.39966291,3.615229841,0.095928014,0,1,1,,,,,,,Medium,Low,Urban,High,
37.37731751,-121.7474766,95148,0.39966291,3.962528794,0.105308893,0,1,1,,,,,,,Medium,Low,Urban,High,
37.37731751,-121.7405929,95148,0.39966291,4.379944243,0.084619231,0,1,1,,,,,,,Medium,Low,Urban,High,
37.37731751,-121.7222791,95148,0.39966291,5.536389195,0.081915438,0,1,1,,,,,,,Medium,Low,Urban,High,
37.37991662,-121.8090346,95148,0.39966291,2.250240017,0.082139067,0,1,1,,,,,,,Medium,Low,Urban,High,
37.37991662,-121.8075872,95148,0.39966291,2.215263932,0.086089656,0,1,1,,,,,,,Medium,Low,Urban,High,
37.37991662,-121.8007376,95148,0.39966291,2.107037597,0.003744593,0,1,1,,,,,,,Medium,Low,Urban,High,
37.37991662,-121.7784468,95148,0.39966291,2.453283651,0.2281633,0,1,1,,,,,,,Medium,Low,Urban,High,
37.37991662,-121.7597303,95148,0.39966291,3.31796283,0.123568013,0,1,1,,,,,,,Medium,Low,Urban,High,
37.37991662,-121.7596118,95148,0.39966291,3.324323798,0.122287808,0,1,1,,,,,,,Medium,Low,Urban,High,
37.37991662,-121.7586614,95148,0.39966291,3.375625241,0.092727998,0,1,1,,,,,,,Medium,Low,Urban,High,
37.37991662,-121.7576745,95148,0.39966291,3.429415644,0.078061764,0,1,1,,,,,,,Medium,Low,Urban,High,
37.38150858,-121.8058355,95148,0.39966291,2.234047249,0.130341734,0,1,1,,,,,,,Medium,Low,Urban,High,
37.38150858,-121.7998703,95148,0.39966291,2.158269953,0.171120392,0,1,1,,,,,,,Medium,Low,Urban,High,
37.38150858,-121.7971988,95148,0.39966291,2.149239347,0.207686423,0,1,1,,,,,,,Medium,Low,Urban,High,
37.38150858,-121.7865289,95148,0.39966291,2.267932946,0.239094808,0,1,1,,,,,,,Medium,Low,Urban,High,
37.38172833,-121.7841828,95148,0.39966291,2.332175015,0.181585339,0,1,1,,,,,,,Medium,Low,Urban,High,
37.38172833,-121.7762707,95148,0.39966291,2.589791702,0.230062689,0,1,1,,,,,,,Medium,Low,Urban,High,
37.38254026,-121.8026943,95148,0.39966291,2.221764814,0.148899522,0,1,1,,,,,,,Medium,Low,Urban,High,
37.38254026,-121.7756012,95148,0.39966291,2.640091016,0.047300559,0,1,1,,,,,,,Medium,Low,Urban,High,
37.38254026,-121.7713887,95148,0.39966291,2.813528101,0.026312132,0,1,1,,,,,,,Medium,Low,Urban,High,
37.38254026,-121.7712169,95148,0.39966291,2.821012581,0.080770157,0,1,1,,,,,,,Medium,Low,Urban,High,
37.38254026,-121.7629851,95148,0.39966291,3.210770617,0.183717504,0,1,1,,,,,,,Medium,Low,Urban,High,
37.38254026,-121.7607189,95148,0.39966291,3.327137504,0.175811461,0,1,1,,,,,,,Medium,Low,Urban,High,
37.38427138,-121.8041995,95148,0.39966291,2.304006984,0.171659242,0,1,1,,,,,,,Medium,Low,Urban,High,
37.38427138,-121.7902759,95148,0.39966291,2.297380772,0.095072211,0,1,1,,,,,,,Medium,Low,Urban,High,
37.38427138,-121.7858884,95148,0.39966291,2.377379199,0.108409852,0,1,1,,,,,,,Medium,Low,Urban,High,
37.38518162,-121.8086568,95148,0.39966291,2.420669635,0.119477134,0,1,1,,,,,,,Medium,Low,Urban,High,
37.38518162,-121.8052907,95148,0.39966291,2.353574517,0.056876339,0,1,1,,,,,,,Medium,Low,Urban,High,
37.38518162,-121.8028366,95148,0.39966291,2.318182217,0.042244065,0,1,1,,,,,,,Medium,Low,Urban,High,
37.38518162,-121.7983543,95148,0.39966291,2.284823536,0.043384977,0,1,1,,,,,,,Medium,Low,Urban,High,
37.38518162,-121.7921676,95148,0.39966291,2.307298055,0.072055038,0,1,1,,,,,,,Medium,Low,Urban,High,
37.38518162,-121.7835246,95148,0.39966291,2.465717961,0.076962669,0,1,1,,,,,,,Medium,Low,Urban,High,
37.38518162,-121.7789521,95148,0.39966291,2.601596782,0.037119747,0,1,1,,,,,,,Medium,Low,Urban,High,
37.38761416,-121.8068973,95148,0.39966291,2.468002712,0.225169431,0,1,1,,,,,,,Medium,Low,Urban,High,
37.38761416,-121.8040299,95148,0.39966291,2.420636771,0.203380986,0,1,1,,,,,,,Medium,Low,Urban,High,
37.38761416,-121.7898188,95148,0.39966291,2.422944483,0.122904772,0,1,1,,,,,,,Medium,Low,Urban,High,
37.38761416,-121.7790574,95148,0.39966291,2.676230997,0.106774019,0,1,1,,,,,,,Medium,Low,Urban,High,
37.38761416,-121.7702594,95148,0.39966291,3.006614718,0.096062882,0,1,1,,,,,,,Medium,Low,Urban,High,
37.39013772,-121.8062883,95148,0.39966291,2.545511351,0.188839704,0,1,1,,,,,,,Medium,Low,Urban,High,
37.39013772,-121.7829201,95148,0.39966291,2.648667261,0.176754314,0,1,1,,,,,,,Medium,Low,Urban,High,
37.39013772,-121.7827016,95148,0.39966291,2.654252143,0.153302417,0,1,1,,,,,,,Medium,Low,Urban,High,
37.39216313,-121.786024,95148,0.39966291,2.648130247,0.13467118,0,1,1,,,,,,,Medium,Low,Urban,High,
37.39216313,-121.7726308,95148,0.39966291,3.04521154,0.107896043,0,1,1,,,,,,,Medium,Low,Urban,High,
37.39216313,-121.7657125,95148,0.39966291,3.333468088,0.081110219,0,1,1,,,,,,,Medium,Low,Urban,High,
37.39468838,-121.7991979,95148,0.39966291,2.633425156,0.156994323,0,1,1,,,,,,,Medium,Low,Urban,High,
37.39468838,-121.7960824,95148,0.39966291,2.629823317,0.132421655,0,1,1,,,,,,,Medium,Low,Urban,High,
37.39468838,-121.7899126,95148,0.39966291,2.674313106,0.095259102,0,1,1,,,,,,,Medium,Low,Urban,High,
37.39468838,-121.7795993,95148,0.39966291,2.89102872,0.079727041,0,1,1,,,,,,,Medium,Low,Urban,High,
37.39468838,-121.7641705,95148,0.39966291,3.472557637,0.073022694,0,1,1,,,,,,,Medium,Low,Urban,High,
37.39634043,-121.8007955,95148,0.39966291,2.701947048,0.114159371,0,1,1,,,,,,,Medium,Low,Urban,High,
37.39634043,-121.7944193,95148,0.39966291,2.695117098,0.184348119,0,1,1,,,,,,,Medium,Low,Urban,High,
37.39634043,-121.7875204,95148,0.39966291,2.767857707,0.171198641,0,1,1,,,,,,,Medium,Low,Urban,High,
37.39634043,-121.7811869,95148,0.39966291,2.902754809,0.120298482,0,1,1,,,,,,,Medium,Low,Urban,High,
37.39634043,-121.7660489,95148,0.39966291,3.436015331,0.10410413,0,1,1,,,,,,,Medium,Low,Urban,High,
37.39634043,-121.7568777,95148,0.39966291,3.862449125,0.077928646,0,1,1,,,,,,,Medium,Low,Urban,High,
37.39634043,-121.7522019,95148,0.39966291,4.100537337,0.066520461,0,1,1,,,,,,,Medium,Low,Urban,High,
37.39634043,-121.7511941,95148,0.39966291,4.15335843,0.109113052,0,1,1,,,,,,,Medium,Low,Urban,High,
37.39902539,-121.7887961,95148,0.39966291,2.844029198,0.190726536,0,1,1,,,,,,,Medium,Low,Urban,High,
37.39902539,-121.784797,95148,0.39966291,2.91172778,0.147467724,0,1,1,,,,,,,Medium,Low,Urban,High,
37.39902539,-121.7756888,95148,0.39966291,3.152082078,0.162933386,0,1,1,,,,,,,Medium,Low,Urban,High,
37.39902539,-121.7680162,95148,0.39966291,3.43192212,0.231127288,0,1,1,,,,,,,Medium,Low,Urban,High,
37.39908159,-121.7889506,95148,0.39966291,2.84392656,0.062815482,0,1,1,,,,,,,Medium,Low,Urban,High,
37.39908159,-121.7831353,95148,0.39966291,2.948963175,0.065447266,0,1,1,,,,,,,Medium,Low,Urban,High,
37.39908159,-121.7813209,95148,0.39966291,2.992043188,0.086877655,0,1,1,,,,,,,Medium,Low,Urban,High,
37.39908159,-121.7686099,95148,0.39966291,3.409817351,0.128732663,0,1,1,,,,,,,Medium,Low,Urban,High,
37.39908159,-121.7654175,95148,0.39966291,3.541323207,0.148986915,0,1,1,,,,,,,Medium,Low,Urban,High,
37.40095093,-121.8041464,95148,0.39966291,2.899430324,0.140892093,0,1,1,,,,,,,Medium,Low,Urban,High,
37.40095093,-121.8009295,95148,0.39966291,2.869940386,0.1096824,0,1,1,,,,,,,Medium,Low,Urban,High,
37.40095093,-121.7852335,95148,0.39966291,2.97047961,0.12358935,0,1,1,,,,,,,Medium,Low,Urban,High,
37.40095093,-121.7808309,95148,0.39966291,3.067723289,0.095612634,0,1,1,,,,,,,Medium,Low,Urban,High,
37.40095093,-121.7746587,95148,0.39966291,3.247421235,0.039545314,0,1,1,,,,,,,Medium,Low,Urban,High,
37.40095093,-121.757544,95148,0.39966291,3.94908932,0.076045898,0,1,1,,,,,,,Medium,Low,Urban,High,
37.40095093,-121.7419763,95148,0.39966291,4.755800887,0.084907182,0,1,1,,,,,,,Medium,Low,Urban,High,
37.32454467,-121.9512951,95050,0.315346396,1.401061905,0.250908997,0,1,1,,,,,,,Low,Low,Urban,High,
37.32454467,-121.9467089,95050,0.315346396,1.250583103,0.281823828,0,1,1,,,,,,,Low,Low,Urban,High,
37.32645688,-121.9541828,95050,0.315346396,1.458288326,0.077394553,0,1,1,,,,,,,Low,Low,Urban,High,
37.32645688,-121.9499575,95050,0.315346396,1.291798054,0.095523423,0,1,1,,,,,,,Low,Low,Urban,High,
37.3289879,-121.9426958,95050,0.315346396,1.014697657,0.099360597,0,1,1,,,,,,,Low,Low,Urban,High,
37.33055368,-121.9542577,95050,0.315346396,1.324503992,0.062076042,0,1,1,,,,,,,Low,Low,Urban,High,
37.33055368,-121.9522149,95050,0.315346396,1.26741783,0.029639102,0,1,1,,,,,,,Low,Low,Urban,High,
37.33055368,-121.9445777,95050,0.315346396,0.993052787,0.016534689,0,1,1,,,,,,,Low,Low,Urban,High,
37.33055368,-121.9392131,95050,0.315346396,0.939961633,0.046668585,0,1,1,,,,,,,Low,Low,Urban,High,
37.33229121,-121.9407351,95050,0.315346396,0.877210554,0.06945957,0,1,1,,,,,,,Low,Low,Urban,High,
37.33306415,-121.9568222,95050,0.315346396,1.326867314,0.056878739,0,1,1,,,,,,,Low,Low,Urban,High,
37.33306415,-121.9559896,95050,0.315346396,1.303549341,0.062183167,0,1,1,,,,,,,Low,Low,Urban,High,
37.33306415,-121.9556388,95050,0.315346396,1.290586996,0.106305335,0,1,1,,,,,,,Low,Low,Urban,High,
37.33306415,-121.9498021,95050,0.315346396,1.089173554,0.145795269,0,1,1,,,,,,,Low,Low,Urban,High,
37.33306415,-121.941341,95050,0.315346396,0.852913796,0.211952485,0,1,1,,,,,,,Low,Low,Urban,High,
37.33306415,-121.9353054,95050,0.315346396,0.904381691,0.182325667,0,1,1,,,,,,,Low,Low,Urban,High,
37.3354207,-121.9569483,95050,0.315346396,1.240930673,0.009546281,0,1,1,,,,,,,Low,Low,Urban,High,
37.3354207,-121.9521552,95050,0.315346396,1.101819563,0.035014838,0,1,1,,,,,,,Low,Low,Urban,High,
37.3354207,-121.9489865,95050,0.315346396,0.986789585,0.059200673,0,1,1,,,,,,,Low,Low,Urban,High,
37.3354207,-121.935119,95050,0.315346396,0.82930482,0.02595155,0,1,1,,,,,,,Low,Low,Urban,High,
37.33694709,-121.9444555,95050,0.315346396,0.772347887,0.250996499,0,1,1,,,,,,,Low,Low,Urban,High,
37.33694709,-121.9378025,95050,0.315346396,0.719727893,0.325018926,0,1,1,,,,,,,Low,Low,Urban,High,
37.33847727,-121.9613287,95050,0.315346396,1.178488321,0.311808248,0,1,1,,,,,,,Low,Low,Urban,High,
37.33847727,-121.9368087,95050,0.315346396,0.683242699,0.256483503,0,1,1,,,,,,,Low,Low,Urban,High,
37.33972225,-121.9578926,95050,0.315346396,1.087848868,0.287196486,0,1,1,,,,,,,Low,Low,Urban,High,
37.33972225,-121.9561455,95050,0.315346396,1.083241554,0.301854672,0,1,1,,,,,,,Low,Low,Urban,High,
37.34144029,-121.9488116,95050,0.315346396,0.817092762,0.083015967,0,1,1,,,,,,,Low,Low,Urban,High,
37.34144029,-121.946165,95050,0.315346396,0.693018952,0.078620086,0,1,1,,,,,,,Low,Low,Urban,High,
37.34215097,-121.9479455,95050,0.315346396,0.758025691,0.072556082,0,1,1,,,,,,,Low,Low,Urban,High,
37.34215097,-121.9340675,95050,0.315346396,0.653567569,0.048629845,0,1,1,,,,,,,Low,Low,Urban,High,
37.34449653,-121.9607413,95050,0.315346396,0.956274274,0.01305256,0,1,1,,,,,,,Low,Low,Urban,High,
37.34449653,-121.9510273,95050,0.315346396,0.768925252,0.065500202,0,1,1,,,,,,,Low,Low,Urban,High,
37.34449653,-121.9453698,95050,0.315346396,0.572097693,0.070956728,0,1,1,,,,,,,Low,Low,Urban,High,
37.34449653,-121.9388757,95050,0.315346396,0.43484547,0.10492958,0,1,1,,,,,,,Low,Low,Urban,High,
37.34449653,-121.9341554,95050,0.315346396,0.58427158,0.108991492,0,1,1,,,,,,,Low,Low,Urban,High,
37.34452043,-121.9597499,95050,0.315346396,0.936301926,0.088639353,0,1,1,,,,,,,Low,Low,Urban,High,
37.34452043,-121.9538274,95050,0.315346396,0.876270945,0.073188893,0,1,1,,,,,,,Low,Low,Urban,High,
37.34452043,-121.9435176,95050,0.315346396,0.496063673,0.098597533,0,1,1,,,,,,,Low,Low,Urban,High,
37.34452043,-121.9321105,95050,0.315346396,0.687492756,0.153782504,0,1,1,,,,,,,Low,Low,Urban,High,
37.34667353,-121.9580198,95050,0.315346396,0.836187711,0.187202144,0,1,1,,,,,,,Low,Low,Urban,High,
37.34667353,-121.9518602,95050,0.315346396,0.731229763,0.198114254,0,1,1,,,,,,,Low,Low,Urban,High,
37.34667353,-121.947827,95050,0.315346396,0.614924936,0.183232371,0,1,1,,,,,,,Low,Low,Urban,High,
37.34667353,-121.9454286,95050,0.315346396,0.518085618,0.140480404,0,1,1,,,,,,,Low,Low,Urban,High,
37.34902014,-121.9607467,95050,0.315346396,0.800894193,0.021998417,0,1,1,,,,,,,Low,Low,Urban,High,
37.34902014,-121.9552584,95050,0.315346396,0.747369519,0.087334662,0,1,1,,,,,,,Low,Low,Urban,High,
37.34902014,-121.9471484,95050,0.315346396,0.52128047,0.027982227,0,1,1,,,,,,,Low,Low,Urban,High,
37.35085624,-121.9603231,95050,0.315346396,0.727669054,0.192645377,0,1,1,,,,,,,Low,Low,Urban,High,
37.35085624,-121.9356169,95050,0.315346396,0.355004714,0.266772937,0,1,1,,,,,,,Low,Low,Urban,High,
37.35214756,-121.9622977,95050,0.315346396,0.748374876,0.280070276,0,1,1,,,,,,,Low,Low,Urban,High,
37.35476489,-121.9399928,95050,0.315346396,0.054184746,0.052353094,0,1,1,,,,,,,Low,Low,Urban,High,
37.35476489,-121.935225,95050,0.315346396,0.327105179,0.07903577,0,1,1,,,,,,,Low,Low,Urban,High,
37.35687459,-121.9513196,95050,0.315346396,0.444278484,0.094074875,0,1,1,,,,,,,Low,Low,Urban,High,
37.35687459,-121.9317482,95050,0.315346396,0.563381025,0.089812646,0,1,1,,,,,,,Low,Low,Urban,High,
37.3581442,-121.9661583,95050,0.315346396,0.78748568,0.030472221,0,1,1,,,,,,,Low,Low,Urban,High,
37.3581442,-121.9594746,95050,0.315346396,0.460490041,0.062015392,0,1,1,,,,,,,Low,Low,Urban,High,
37.3581442,-121.9532365,95050,0.315346396,0.464794244,0.031889998,0,1,1,,,,,,,Low,Low,Urban,High,
37.3581442,-121.94649,95050,0.315346396,0.185646944,0.026144891,0,1,1,,,,,,,Low,Low,Urban,High,
37.3581442,-121.9423692,95050,0.315346396,0.18467703,0.031805512,0,1,1,,,,,,,Low,Low,Urban,High,
37.3581442,-121.9375347,95050,0.315346396,0.17736239,0.019170527,0,1,1,,,,,,,Low,Low,Urban,High,
37.3581442,-121.9336239,95050,0.315346396,0.438870864,0.109057996,0,1,1,,,,,,,Low,Low,Urban,High,
37.3581442,-121.9312057,95050,0.315346396,0.604421574,0.09944585,0,1,1,,,,,,,Low,Low,Urban,High,
37.35870644,-121.9643368,95050,0.315346396,0.670983652,0.117083521,0,1,1,,,,,,,Low,Low,Urban,High,
37.35870644,-121.9633925,95050,0.315346396,0.618960615,0.117487831,0,1,1,,,,,,,Low,Low,Urban,High,
37.35870644,-121.9572298,95050,0.315346396,0.392776081,0.096838266,0,1,1,,,,,,,Low,Low,Urban,High,
37.35870644,-121.9433046,95050,0.315346396,0.163631033,0.107135966,0,1,1,,,,,,,Low,Low,Urban,High,
37.35870644,-121.9369761,95050,0.315346396,0.220963939,0.177101975,0,1,1,,,,,,,Low,Low,Urban,High,
37.35870644,-121.9356252,95050,0.315346396,0.308521569,0.208933159,0,1,1,,,,,,,Low,Low,Urban,High,
37.3591481,-121.9647391,95050,0.315346396,0.684904036,0.167946032,0,1,1,,,,,,,Low,Low,Urban,High,
37.3591481,-121.9581502,95050,0.315346396,0.391297875,0.146795602,0,1,1,,,,,,,Low,Low,Urban,High,
37.3591481,-121.9576426,95050,0.315346396,0.382060112,0.137707633,0,1,1,,,,,,,Low,Low,Urban,High,
37.3591481,-121.9422684,95050,0.315346396,0.172570874,0.072220967,0,1,1,,,,,,,Low,Low,Urban,High,
37.3591481,-121.9367247,95050,0.315346396,0.243535961,0.119552779,0,1,1,,,,,,,Low,Low,Urban,High,
37.36073365,-121.9574566,95050,0.315346396,0.322665482,0.052658233,0,1,1,,,,,,,Low,Low,Urban,High,
37.36073365,-121.946625,95050,0.315346396,0.102621029,0.281216215,0,1,1,,,,,,,Low,Low,Urban,High,
37.36073365,-121.9298721,95050,0.315346396,0.711777752,0.275875124,0,1,1,,,,,,,Low,Low,Urban,High,
37.36454465,-121.9620282,95050,0.315346396,0.425134951,0.049867084,0,1,1,,,,,,,Low,Low,Urban,High,
37.36454465,-121.9566589,95050,0.315346396,0.176039506,0.077828764,0,1,1,,,,,,,Low,Low,Urban,High,
37.36454465,-121.9501607,95050,0.315346396,0.27331055,0.073670384,0,1,1,,,,,,,Low,Low,Urban,High,
37.36619785,-121.9446771,95050,0.315346396,0.118557482,0.018783415,0,1,1,,,,,,,Low,Low,Urban,High,
37.36619785,-121.9323701,95050,0.315346396,0.634754663,0.028764656,0,1,1,,,,,,,Low,Low,Urban,High,
37.36744695,-121.9518463,95050,0.315346396,0.184590977,0.014799624,0,1,1,,,,,,,Low,Low,Urban,High,
37.36744695,-121.9347758,95050,0.315346396,0.541329975,0.106580842,0,1,1,,,,,,,Low,Low,Urban,High,
37.3689157,-121.955976,95050,0.315346396,0.034518321,0.136490638,0,1,1,,,,,,,Low,Low,Urban,High,
37.3689157,-121.9517472,95050,0.315346396,0.134691847,0.173622245,0,1,1,,,,,,,Low,Low,Urban,High,
37.3704072,-121.9649838,95050,0.315346396,0.59283001,0.179017159,0,1,1,,,,,,,Low,Low,Urban,High,
37.3704072,-121.9564327,95050,0.315346396,0.039126458,0.16064204,0,1,1,,,,,,,Low,Low,Urban,High,
37.3704072,-121.9484863,95050,0.315346396,0.160009509,0.133907949,0,1,1,,,,,,,Low,Low,Urban,High,
37.3704072,-121.9424386,95050,0.315346396,0.146993242,0.040482746,0,1,1,,,,,,,Low,Low,Urban,High,
37.3704072,-121.9402934,95050,0.315346396,0.292970503,0.044473427,0,1,1,,,,,,,Low,Low,Urban,High,
37.37090691,-121.9619987,95050,0.315346396,0.389526752,0.122011218,0,1,1,,,,,,,Low,Low,Urban,High,
37.37090691,-121.9601503,95050,0.315346396,0.26387281,0.081236301,0,1,1,,,,,,,Low,Low,Urban,High,
37.37090691,-121.9526243,95050,0.315346396,0.141699267,0.008350414,0,1,1,,,,,,,Low,Low,Urban,High,
37.37090691,-121.9464021,95050,0.315346396,0.142095422,0.072763318,0,1,1,,,,,,,Low,Low,Urban,High,
37.37090691,-121.9435548,95050,0.315346396,0.084957465,0.120336907,0,1,1,,,,,,,Low,Low,Urban,High,
37.37090691,-121.9378486,95050,0.315346396,0.462872327,0.139686972,0,1,1,,,,,,,Low,Low,Urban,High,
37.37236348,-121.9625731,95050,0.315346396,0.439139131,0.189882887,0,1,1,,,,,,,Low,Low,Urban,High,
37.37236348,-121.9453314,95050,0.315346396,0.12182684,0.312341285,0,1,1,,,,,,,Low,Low,Urban,High,
37.37402157,-121.9637095,95050,0.315346396,0.531836084,0.289235115,0,1,1,,,,,,,Low,Low,Urban,High,
37.37402157,-121.9501527,95050,0.315346396,0.082821185,0.325359862,0,1,1,,,,,,,Low,Low,Urban,High,
37.37402157,-121.9458411,95050,0.315346396,0.191906753,0.043783752,0,1,1,,,,,,,Low,Low,Urban,High,
37.37731751,-121.9452851,95050,0.315346396,0.293635292,0.057813065,0,1,1,,,,,,,Low,Low,Urban,High,
37.38150858,-121.9410938,95050,0.315346396,0.500620202,0.113324099,0,1,1,,,,,,,Low,Low,Urban,High,
37.38150858,-121.9394556,95050,0.315346396,0.562786581,0.054230862,0,1,1,,,,,,,Low,Low,Urban,High,
37.38150858,-121.9375426,95050,0.315346396,0.652963512,0.037707793,0,1,1,,,,,,,Low,Low,Urban,High,
37.38254026,-121.9407392,95050,0.315346396,0.545439928,0.058912009,0,1,1,,,,,,,Low,Low,Urban,High,
37.38427138,-121.9432535,95050,0.315346396,0.549619115,0.092532182,0,1,1,,,,,,,Low,Low,Urban,High,
37.38427138,-121.9408895,95050,0.315346396,0.597420544,0.058158991,0,1,1,,,,,,,Low,Low,Urban,High,
37.38518162,-121.9404461,95050,0.315346396,0.640600956,0.025778234,0,1,1,,,,,,,Low,Low,Urban,High,
37.3354207,-121.8794135,95133,0.222980091,1.406810306,0.078423316,0,1,1,,,,,,,Low,Low,Urban,High,
37.33847727,-121.8726875,95133,0.222980091,1.008912207,0.146755702,0,1,1,,,,,,,Low,Low,Urban,High,
37.33847727,-121.8690036,95133,0.222980091,0.883820415,0.2168909,0,1,1,,,,,,,Low,Low,Urban,High,
37.33972225,-121.8782011,95133,0.222980091,1.241869148,0.252902718,0,1,1,,,,,,,Low,Low,Urban,High,
37.34144029,-121.8649038,95133,0.222980091,0.710729567,0.316538745,0,1,1,,,,,,,Low,Low,Urban,High,
37.34215097,-121.8684888,95133,0.222980091,0.746601876,0.040606467,0,1,1,,,,,,,Low,Low,Urban,High,
37.34449653,-121.8693825,95133,0.222980091,0.699305456,0.041538951,0,1,1,,,,,,,Low,Low,Urban,High,
37.34449653,-121.8641961,95133,0.222980091,0.597182063,0.041154155,0,1,1,,,,,,,Low,Low,Urban,High,
37.34452043,-121.8688046,95133,0.222980091,0.678615465,0.086302215,0,1,1,,,,,,,Low,Low,Urban,High,
37.34452043,-121.8647875,95133,0.222980091,0.598087844,0.067148152,0,1,1,,,,,,,Low,Low,Urban,High,
37.34667353,-121.8763772,95133,0.222980091,0.992888798,0.066355484,0,1,1,,,,,,,Low,Low,Urban,High,
37.34902014,-121.8799763,95133,0.222980091,1.178012772,0.023269282,0,1,1,,,,,,,Low,Low,Urban,High,
37.34902014,-121.8720613,95133,0.222980091,0.6986612,0.093846938,0,1,1,,,,,,,Low,Low,Urban,High,
37.35085624,-121.8679449,95133,0.222980091,0.450919599,0.10831527,0,1,1,,,,,,,Low,Low,Urban,High,
37.35085624,-121.8572637,95133,0.222980091,0.597967411,0.144930931,0,1,1,,,,,,,Low,Low,Urban,High,
37.35214756,-121.8762038,95133,0.222980091,0.893711688,0.186633589,0,1,1,,,,,,,Low,Low,Urban,High,
37.35476489,-121.8615664,95133,0.222980091,0.283908346,0.032411489,0,1,1,,,,,,,Low,Low,Urban,High,
37.35687459,-121.8788983,95133,0.222980091,1.031694882,0.194926114,0,1,1,,,,,,,Low,Low,Urban,High,
37.35687459,-121.877473,95133,0.222980091,0.934299778,0.266696123,0,1,1,,,,,,,Low,Low,Urban,High,
37.35687459,-121.8773378,95133,0.222980091,0.925073131,0.312704838,0,1,1,,,,,,,Low,Low,Urban,High,
37.3581442,-121.8804047,95133,0.222980091,1.129824413,0.323781364,0,1,1,,,,,,,Low,Low,Urban,High,
37.36073365,-121.8650035,95133,0.222980091,0.061455469,0.074994685,0,1,1,,,,,,,Low,Low,Urban,High,
37.36073365,-121.8613478,95133,0.222980091,0.191400175,0.022248248,0,1,1,,,,,,,Low,Low,Urban,High,
37.3623667,-121.879372,95133,0.222980091,1.055509253,0.053765579,0,1,1,,,,,,,Low,Low,Urban,High,
37.3623667,-121.8730583,95133,0.222980091,0.620246062,0.081257084,0,1,1,,,,,,,Low,Low,Urban,High,
37.3623667,-121.8708557,95133,0.222980091,0.468836763,0.092764061,0,1,1,,,,,,,Low,Low,Urban,High,
37.3623667,-121.8611894,95133,0.222980091,0.209546679,0.072477291,0,1,1,,,,,,,Low,Low,Urban,High,
37.36454465,-121.8700693,95133,0.222980091,0.432621587,0.151672821,0,1,1,,,,,,,Low,Low,Urban,High,
37.36454465,-121.8639245,95133,0.222980091,0.13479722,0.216032657,0,1,1,,,,,,,Low,Low,Urban,High,
37.36454465,-121.8622724,95133,0.222980091,0.185030657,0.196368805,0,1,1,,,,,,,Low,Low,Urban,High,
37.36454465,-121.8569958,95133,0.222980091,0.510003973,0.164564349,0,1,1,,,,,,,Low,Low,Urban,High,
37.36619785,-121.8557619,95133,0.222980091,0.609169026,0.115727168,0,1,1,,,,,,,Low,Low,Urban,High,
37.36744695,-121.8695231,95133,0.222980091,0.444022629,0.088199591,0,1,1,,,,,,,Low,Low,Urban,High,
37.36744695,-121.8638091,95133,0.222980091,0.240947257,0.048980825,0,1,1,,,,,,,Low,Low,Urban,High,
37.3689157,-121.8700186,95133,0.222980091,0.502494574,0.039556686,0,1,1,,,,,,,Low,Low,Urban,High,
37.3689157,-121.8608164,95133,0.222980091,0.37174322,0.159207218,0,1,1,,,,,,,Low,Low,Urban,High,
37.3689157,-121.8561222,95133,0.222980091,0.62556662,0.174064435,0,1,1,,,,,,,Low,Low,Urban,High,
37.3704072,-121.8716247,95133,0.222980091,0.624695991,0.274898011,0,1,1,,,,,,,Low,Low,Urban,High,
37.3704072,-121.8549541,95133,0.222980091,0.722437157,0.328819251,0,1,1,,,,,,,Low,Low,Urban,High,
37.3704072,-121.8548687,95133,0.222980091,0.727613951,0.319068213,0,1,1,,,,,,,Low,Low,Urban,High,
37.37402157,-121.8642507,95133,0.222980091,0.479920723,0.043868582,0,1,1,,,,,,,Low,Low,Urban,High,
37.37555722,-121.8653955,95133,0.222980091,0.543090446,0.05523433,0,1,1,,,,,,,Low,Low,Urban,High,
37.37991662,-121.8676978,95133,0.222980091,0.737636615,0.091136375,0,1,1,,,,,,,Low,Low,Urban,High,
37.38172833,-121.8660624,95133,0.222980091,0.772753957,0.028668777,0,1,1,,,,,,,Low,Low,Urban,High,
37.38172833,-121.8591952,95133,0.222980091,0.833437782,0.084311654,0,1,1,,,,,,,Low,Low,Urban,High,
37.38254026,-121.8590376,95133,0.222980091,0.864919706,0.070458765,0,1,1,,,,,,,Low,Low,Urban,High,
37.38427138,-121.862589,95133,0.222980091,0.860198745,0.130850923,0,1,1,,,,,,,Low,Low,Urban,High,
37.38427138,-121.8577353,95133,0.222980091,0.960799832,0.140237065,0,1,1,,,,,,,Low,Low,Urban,High,
37.38518162,-121.8609339,95133,0.222980091,0.91374123,0.22352266,0,1,1,,,,,,,Low,Low,Urban,High,
37.38518162,-121.8564092,95133,0.222980091,1.034454289,0.117779573,0,1,1,,,,,,,Low,Low,Urban,High,
37.39013772,-121.8589431,95133,0.222980091,1.12588756,0.103339188,0,1,1,,,,,,,Low,Low,Urban,High,
37.39216313,-121.8608122,95133,0.222980091,1.164143494,0.082096146,0,1,1,,,,,,,Low,Low,Urban,High,
37.33694709,-121.8359784,95116,0.452052389,1.190088991,0.060474029,0,1,1,,,,,,,Medium,Low,Urban,High,
37.33694709,-121.8293066,95116,0.452052389,1.452943491,0.048756329,0,1,1,,,,,,,Medium,Low,Urban,High,
37.33694709,-121.8280131,95116,0.452052389,1.514902182,0.049152468,0,1,1,,,,,,,Medium,Low,Urban,High,
37.33847727,-121.8365769,95116,0.452052389,1.121887353,0.064083872,0,1,1,,,,,,,Medium,Low,Urban,High,
37.33847727,-121.8330377,95116,0.452052389,1.246602595,0.081036784,0,1,1,,,,,,,Medium,Low,Urban,High,
37.33847727,-121.8290089,95116,0.452052389,1.426829051,0.226785547,0,1,1,,,,,,,Medium,Low,Urban,High,
37.33847727,-121.8230449,95116,0.452052389,1.741737248,0.298297901,0,1,1,,,,,,,Medium,Low,Urban,High,
37.33972225,-121.8251523,95116,0.452052389,1.597622644,0.328724105,0,1,1,,,,,,,Medium,Low,Urban,High,
37.34452043,-121.8370607,95116,0.452052389,0.910882582,0.081544672,0,1,1,,,,,,,Medium,Low,Urban,High,
37.34452043,-121.8223739,95116,0.452052389,1.664179309,0.018421826,0,1,1,,,,,,,Medium,Low,Urban,High,
37.34667353,-121.8428648,95116,0.452052389,0.715988888,0.038432097,0,1,1,,,,,,,Medium,Low,Urban,High,
37.34667353,-121.8391409,95116,0.452052389,0.776650854,0.067961887,0,1,1,,,,,,,Medium,Low,Urban,High,
37.34667353,-121.8353216,95116,0.452052389,0.913019219,0.058786595,0,1,1,,,,,,,Medium,Low,Urban,High,
37.34902014,-121.8227124,95116,0.452052389,1.571145563,0.150440968,0,1,1,,,,,,,Medium,Low,Urban,High,
37.35085624,-121.8489764,95116,0.452052389,0.675556905,0.164165147,0,1,1,,,,,,,Medium,Low,Urban,High,
37.35085624,-121.8374308,95116,0.452052389,0.703236726,0.16963486,0,1,1,,,,,,,Medium,Low,Urban,High,
37.35085624,-121.8331745,95116,0.452052389,0.910895889,0.107901181,0,1,1,,,,,,,Medium,Low,Urban,High,
37.35214756,-121.8484742,95116,0.452052389,0.61713783,0.123768612,0,1,1,,,,,,,Medium,Low,Urban,High,
37.35214756,-121.8300458,95116,0.452052389,1.065722535,0.117989443,0,1,1,,,,,,,Medium,Low,Urban,High,
37.35476489,-121.8365129,95116,0.452052389,0.642171052,0.123298924,0,1,1,,,,,,,Medium,Low,Urban,High,
37.35476489,-121.8306932,95116,0.452052389,0.982428663,0.242629965,0,1,1,,,,,,,Medium,Low,Urban,High,
37.35476489,-121.829789,95116,0.452052389,1.039268426,0.27968688,0,1,1,,,,,,,Medium,Low,Urban,High,
37.35687459,-121.826424,95116,0.452052389,1.23196662,0.010215095,0,1,1,,,,,,,Medium,Low,Urban,High,
37.35687459,-121.8201406,95116,0.452052389,1.653427582,0.019733499,0,1,1,,,,,,,Medium,Low,Urban,High,
37.3581442,-121.8487896,95116,0.452052389,0.467779768,0.041457206,0,1,1,,,,,,,Medium,Low,Urban,High,
37.3581442,-121.835297,95116,0.452052389,0.642649474,0.029710816,0,1,1,,,,,,,Medium,Low,Urban,High,
37.3581442,-121.8291899,95116,0.452052389,1.035558539,0.023540599,0,1,1,,,,,,,Medium,Low,Urban,High,
37.3581442,-121.8232937,95116,0.452052389,1.430699784,0.077137845,0,1,1,,,,,,,Medium,Low,Urban,High,
37.3581442,-121.8182358,95116,0.452052389,1.774090518,0.000135911,0,1,1,,,,,,,Medium,Low,Urban,High,
37.35870644,-121.8482142,95116,0.452052389,0.424130076,0.008202425,0,1,1,,,,,,,Medium,Low,Urban,High,
37.35870644,-121.8377167,95116,0.452052389,0.488394743,0.095546855,0,1,1,,,,,,,Medium,Low,Urban,High,
37.35870644,-121.8263273,95116,0.452052389,1.221609621,0.075791304,0,1,1,,,,,,,Medium,Low,Urban,High,
37.35870644,-121.8195944,95116,0.452052389,1.678118365,0.0521933,0,1,1,,,,,,,Medium,Low,Urban,High,
37.3591481,-121.8337422,95116,0.452052389,0.725766705,0.165147523,0,1,1,,,,,,,Medium,Low,Urban,High,
37.3591481,-121.8243591,95116,0.452052389,1.351260992,0.208417344,0,1,1,,,,,,,Medium,Low,Urban,High,
37.3591481,-121.8238964,95116,0.452052389,1.382650288,0.200933616,0,1,1,,,,,,,Medium,Low,Urban,High,
37.3591481,-121.8215277,95116,0.452052389,1.543715809,0.18488782,0,1,1,,,,,,,Medium,Low,Urban,High,
37.36073365,-121.8472417,95116,0.452052389,0.325257438,0.120324652,0,1,1,,,,,,,Medium,Low,Urban,High,
37.36073365,-121.8441742,95116,0.452052389,0.206397652,0.106790552,0,1,1,,,,,,,Medium,Low,Urban,High,
37.36073365,-121.8375364,95116,0.452052389,0.461993208,0.117629897,0,1,1,,,,,,,Medium,Low,Urban,High,
37.36073365,-121.8216775,95116,0.452052389,1.524796269,0.125853271,0,1,1,,,,,,,Medium,Low,Urban,High,
37.3623667,-121.8502703,95116,0.452052389,0.485633022,0.076153495,0,1,1,,,,,,,Medium,Low,Urban,High,
37.3623667,-121.8463979,95116,0.452052389,0.242816199,0.130153229,0,1,1,,,,,,,Medium,Low,Urban,High,
37.3623667,-121.8389427,95116,0.452052389,0.348755743,0.294547404,0,1,1,,,,,,,Medium,Low,Urban,High,
37.36744695,-121.8374121,95116,0.452052389,0.42632505,0.033204151,0,1,1,,,,,,,Medium,Low,Urban,High,
37.36744695,-121.8276591,95116,0.452052389,1.098908138,0.033755374,0,1,1,,,,,,,Medium,Low,Urban,High,
37.3689157,-121.8453857,95116,0.452052389,0.159301447,0.021407086,0,1,1,,,,,,,Medium,Low,Urban,High,
37.3689157,-121.8437072,95116,0.452052389,0.097039756,0.036270522,0,1,1,,,,,,,Medium,Low,Urban,High,
37.3689157,-121.8379214,95116,0.452052389,0.40074522,0.044059106,0,1,1,,,,,,,Medium,Low,Urban,High,
37.3689157,-121.8331571,95116,0.452052389,0.724616443,0.031869461,0,1,1,,,,,,,Medium,Low,Urban,High,
37.3689157,-121.8260066,95116,0.452052389,1.216082726,0.020311081,0,1,1,,,,,,,Medium,Low,Urban,High,
37.3689157,-121.8221285,95116,0.452052389,1.483358405,0.066348206,0,1,1,,,,,,,Medium,Low,Urban,High,
37.3704072,-121.849822,95116,0.452052389,0.458828745,0.061814911,0,1,1,,,,,,,Medium,Low,Urban,High,
37.3704072,-121.8349843,95116,0.452052389,0.610822702,0.17544551,0,1,1,,,,,,,Medium,Low,Urban,High,
37.3704072,-121.8314261,95116,0.452052389,0.851241453,0.187187017,0,1,1,,,,,,,Medium,Low,Urban,High,
37.3704072,-121.8293336,95116,0.452052389,0.993871138,0.19312381,0,1,1,,,,,,,Medium,Low,Urban,High,
37.3704072,-121.825534,95116,0.452052389,1.254007177,0.179775039,0,1,1,,,,,,,Medium,Low,Urban,High,
37.3704072,-121.8193797,95116,0.452052389,1.676948076,0.139888893,0,1,1,,,,,,,Medium,Low,Urban,High,
37.37090691,-121.8513964,95116,0.452052389,0.567863796,0.110719863,0,1,1,,,,,,,Medium,Low,Urban,High,
37.37090691,-121.8512363,95116,0.452052389,0.557312422,0.094471713,0,1,1,,,,,,,Medium,Low,Urban,High,
37.37090691,-121.8449461,95116,0.452052389,0.194596415,0.083211783,0,1,1,,,,,,,Medium,Low,Urban,High,
37.37090691,-121.8400194,95116,0.452052389,0.296825419,0.090380239,0,1,1,,,,,,,Medium,Low,Urban,High,
37.37090691,-121.8213976,95116,0.452052389,1.540023858,0.122737007,0,1,1,,,,,,,Medium,Low,Urban,High,
37.37236348,-121.8429979,95116,0.452052389,0.225386041,0.114178283,0,1,1,,,,,,,Medium,Low,Urban,High,
37.37236348,-121.8426,95116,0.452052389,0.23163465,0.169119412,0,1,1,,,,,,,Medium,Low,Urban,High,
37.37236348,-121.8359244,95116,0.452052389,0.571852895,0.192681666,0,1,1,,,,,,,Medium,Low,Urban,High,
37.37236348,-121.8293201,95116,0.452052389,1.008067436,0.284154329,0,1,1,,,,,,,Medium,Low,Urban,High,
37.37555722,-121.8309144,95116,0.452052389,0.936456468,0.037751916,0,1,1,,,,,,,Medium,Low,Urban,High,
37.37555722,-121.8179545,95116,0.452052389,1.800725197,0.045498763,0,1,1,,,,,,,Medium,Low,Urban,High,
37.37731751,-121.8227848,95116,0.452052389,1.490288581,0.031025224,0,1,1,,,,,,,Medium,Low,Urban,High,
37.37731751,-121.8171826,95116,0.452052389,1.865919217,0.070377846,0,1,1,,,,,,,Medium,Low,Urban,High,
37.37991662,-121.8480561,95116,0.452052389,0.586888074,0.031070975,0,1,1,,,,,,,Medium,Low,Urban,High,
37.37991662,-121.8415651,95116,0.452052389,0.516043631,0.051635051,0,1,1,,,,,,,Medium,Low,Urban,High,
37.37991662,-121.8333928,95116,0.452052389,0.86027017,0.088006831,0,1,1,,,,,,,Medium,Low,Urban,High,
37.37991662,-121.8263998,95116,0.452052389,1.285223697,0.070450122,0,1,1,,,,,,,Medium,Low,Urban,High,
37.37991662,-121.8209295,95116,0.452052389,1.64028118,0.009683545,0,1,1,,,,,,,Medium,Low,Urban,High,
37.37991662,-121.8148728,95116,0.452052389,2.043018736,0.003778786,0,1,1,,,,,,,Medium,Low,Urban,High,
37.38150858,-121.8535919,95116,0.452052389,0.888864864,0.075058071,0,1,1,,,,,,,Medium,Low,Urban,High,
37.38150858,-121.8321538,95116,0.452052389,0.963669264,0.142239101,0,1,1,,,,,,,Medium,Low,Urban,High,
37.38150858,-121.8184186,95116,0.452052389,1.823198343,0.169571328,0,1,1,,,,,,,Medium,Low,Urban,High,
37.38172833,-121.8525407,95116,0.452052389,0.838762574,0.130394046,0,1,1,,,,,,,Medium,Low,Urban,High,
37.38172833,-121.8482831,95116,0.452052389,0.651566051,0.116847484,0,1,1,,,,,,,Medium,Low,Urban,High,
37.38172833,-121.8355699,95116,0.452052389,0.788415549,0.096259365,0,1,1,,,,,,,Medium,Low,Urban,High,
37.38172833,-121.8307411,95116,0.452052389,1.049227557,0.105612631,0,1,1,,,,,,,Medium,Low,Urban,High,
37.38172833,-121.8265872,95116,0.452052389,1.300508463,0.108500471,0,1,1,,,,,,,Medium,Low,Urban,High,
37.38172833,-121.8204018,95116,0.452052389,1.695838517,0.117999846,0,1,1,,,,,,,Medium,Low,Urban,High,
37.38254026,-121.8512494,95116,0.452052389,0.796784282,0.135251478,0,1,1,,,,,,,Medium,Low,Urban,High,
37.38254026,-121.8452742,95116,0.452052389,0.604983764,0.157111966,0,1,1,,,,,,,Medium,Low,Urban,High,
37.38254026,-121.8324344,95116,0.452052389,0.970406224,0.104092584,0,1,1,,,,,,,Medium,Low,Urban,High,
37.38254026,-121.8315214,95116,0.452052389,1.021064701,0.095686715,0,1,1,,,,,,,Medium,Low,Urban,High,
37.38254026,-121.8268138,95116,0.452052389,1.299648038,0.166333204,0,1,1,,,,,,,Medium,Low,Urban,High,
37.38254026,-121.823109,95116,0.452052389,1.531888149,0.231730842,0,1,1,,,,,,,Medium,Low,Urban,High,
37.38254026,-121.8190172,95116,0.452052389,1.795907969,0.316006423,0,1,1,,,,,,,Medium,Low,Urban,High,
37.38427138,-121.8297018,95116,0.452052389,1.160255365,0.022260672,0,1,1,,,,,,,Medium,Low,Urban,High,
37.38427138,-121.8176582,95116,0.452052389,1.905584437,0.033074449,0,1,1,,,,,,,Medium,Low,Urban,High,
37.38427138,-121.8160219,95116,0.452052389,2.012109549,0.028865802,0,1,1,,,,,,,Medium,Low,Urban,High,
37.38518162,-121.8475326,95116,0.452052389,0.742335894,0.09718421,0,1,1,,,,,,,Medium,Low,Urban,High,
37.38518162,-121.8450546,95116,0.452052389,0.697227471,0.066670563,0,1,1,,,,,,,Medium,Low,Urban,High,
37.38518162,-121.8439791,95116,0.452052389,0.690064866,0.02154674,0,1,1,,,,,,,Medium,Low,Urban,High,
37.38518162,-121.8351883,95116,0.452052389,0.899485246,0,0,1,1,,,,,,,Medium,Low,Urban,High,
37.38518162,-121.8309956,95116,0.452052389,1.108035695,0.049110983,0,1,1,,,,,,,Medium,Low,Urban,High,
37.38518162,-121.8299958,95116,0.452052389,1.16291289,0.052828179,0,1,1,,,,,,,Medium,Low,Urban,High,
37.38518162,-121.820841,95116,0.452052389,1.713869046,0.063524722,0,1,1,,,,,,,Medium,Low,Urban,High,
37.38761416,-121.8414978,95116,0.452052389,0.790908223,0.09395519,0,1,1,,,,,,,Medium,Low,Urban,High,
37.38761416,-121.8358888,95116,0.452052389,0.94106487,0.000135915,0,1,1,,,,,,,Medium,Low,Urban,High,
37.38761416,-121.8302538,95116,0.452052389,1.203904649,0.041555918,0,1,1,,,,,,,Medium,Low,Urban,High,
37.38761416,-121.8128941,95116,0.452052389,2.256570372,0.138842786,0,1,1,,,,,,,Medium,Low,Urban,High,
37.39013772,-121.834071,95116,0.452052389,1.089007876,0.085016181,0,1,1,,,,,,,Medium,Low,Urban,High,
37.39013772,-121.8262508,95116,0.452052389,1.478394842,0.071271832,0,1,1,,,,,,,Medium,Low,Urban,High,
37.39013772,-121.818559,95116,0.452052389,1.933550554,0.131244241,0,1,1,,,,,,,Medium,Low,Urban,High,
37.39013772,-121.8121403,95116,0.452052389,2.338156541,0.143655478,0,1,1,,,,,,,Medium,Low,Urban,High,
37.39216313,-121.8406664,95116,0.452052389,0.964716131,0.108321107,0,1,1,,,,,,,Medium,Low,Urban,High,
37.39216313,-121.8349211,95116,0.452052389,1.116408895,0.18123181,0,1,1,,,,,,,Medium,Low,Urban,High,
37.39216313,-121.8319153,95116,0.452052389,1.239806039,0.293828749,0,1,1,,,,,,,Medium,Low,Urban,High,
37.39216313,-121.8304922,95116,0.452052389,1.305705745,0.310648608,0,1,1,,,,,,,Medium,Low,Urban,High,
37.39634043,-121.8453283,95116,0.452052389,1.103118222,0.03502353,0,1,1,,,,,,,Medium,Low,Urban,High,
37.39634043,-121.8399612,95116,0.452052389,1.123885521,0.030779101,0,1,1,,,,,,,Medium,Low,Urban,High,
37.39634043,-121.8336557,95116,0.452052389,1.291844724,0.037797837,0,1,1,,,,,,,Medium,Low,Urban,High,
37.39634043,-121.8272069,95116,0.452052389,1.573698912,0.033482694,0,1,1,,,,,,,Medium,Low,Urban,High,
37.39634043,-121.8152241,95116,0.452052389,2.243164803,0.068356651,0,1,1,,,,,,,Medium,Low,Urban,High,
37.39634043,-121.8107594,95116,0.452052389,2.516836032,0.077378199,0,1,1,,,,,,,Medium,Low,Urban,High,
37.39902539,-121.8507993,95116,0.452052389,1.295013644,0.006979376,0,1,1,,,,,,,Medium,Low,Urban,High,
37.39902539,-121.8469628,95116,0.452052389,1.217222908,0.012182985,0,1,1,,,,,,,Medium,Low,Urban,High,
37.39902539,-121.8461468,95116,0.452052389,1.207555849,0.050798032,0,1,1,,,,,,,Medium,Low,Urban,High,
37.39902539,-121.8415552,95116,0.452052389,1.202015182,0.024729199,0,1,1,,,,,,,Medium,Low,Urban,High,
37.39902539,-121.8363723,95116,0.452052389,1.292921797,0.034616384,0,1,1,,,,,,,Medium,Low,Urban,High,
37.39902539,-121.8288844,95116,0.452052389,1.565986024,0.066791697,0,1,1,,,,,,,Medium,Low,Urban,High,
37.39902539,-121.8250645,95116,0.452052389,1.748369287,0.017033992,0,1,1,,,,,,,Medium,Low,Urban,High,
37.39902539,-121.8202628,95116,0.452052389,2.003571598,0.034233154,0,1,1,,,,,,,Medium,Low,Urban,High,
37.39902539,-121.8109837,95116,0.452052389,2.5472452,0.008926901,0,1,1,,,,,,,Medium,Low,Urban,High,
37.39908159,-121.8547973,95116,0.452052389,1.426591073,0.048868819,0,1,1,,,,,,,Medium,Low,Urban,High,
37.39908159,-121.8410811,95116,0.452052389,1.20823231,0.132950738,0,1,1,,,,,,,Medium,Low,Urban,High,
37.39908159,-121.831456,95116,0.452052389,1.459019517,0.131703971,0,1,1,,,,,,,Medium,Low,Urban,High,
37.39908159,-121.8247075,95116,0.452052389,1.767852603,0.155975568,0,1,1,,,,,,,Medium,Low,Urban,High,
37.39908159,-121.8167577,95116,0.452052389,2.203895808,0.140125796,0,1,1,,,,,,,Medium,Low,Urban,High,
37.40095093,-121.8432221,95116,0.452052389,1.26450948,0.137272858,0,1,1,,,,,,,Medium,Low,Urban,High,
37.40095093,-121.8420496,95116,0.452052389,1.268532361,0.11190446,0,1,1,,,,,,,Medium,Low,Urban,High,
37.40095093,-121.8400678,95116,0.452052389,1.286951522,0.104285747,0,1,1,,,,,,,Medium,Low,Urban,High,
37.40095093,-121.8300603,95116,0.452052389,1.570601358,0.167506338,0,1,1,,,,,,,Medium,Low,Urban,High,
37.40095093,-121.8261425,95116,0.452052389,1.744873813,0.1763277,0,1,1,,,,,,,Medium,Low,Urban,High,
37.40095093,-121.817031,95116,0.452052389,2.226017725,0.224838525,0,1,1,,,,,,,Medium,Low,Urban,High,
37.40095093,-121.8081881,95116,0.452052389,2.750898341,0.282247074,0,1,1,,,,,,,Medium,Low,Urban,High,
37.35476489,-122.016534,94086,0.401146459,0.723730297,0.115653281,0,1,1,,,,,,,Medium,Low,Urban,High,
37.35687459,-122.0174254,94086,0.401146459,0.650152162,0.133045107,0,1,1,,,,,,,Medium,Low,Urban,High,
37.35687459,-122.0170424,94086,0.401146459,0.647847301,0.165870457,0,1,1,,,,,,,Medium,Low,Urban,High,
37.36744695,-122.0169357,94086,0.401146459,0.261570931,0.049657645,0,1,1,,,,,,,Medium,Low,Urban,High,
37.3689157,-122.0162408,94086,0.401146459,0.205658964,0.043133204,0,1,1,,,,,,,Medium,Low,Urban,High,
37.3704072,-122.0119626,94086,0.401146459,0.342685822,0.064414196,0,1,1,,,,,,,Medium,Low,Urban,High,
37.37090691,-122.0162012,94086,0.401146459,0.13319207,0.006252937,0,1,1,,,,,,,Medium,Low,Urban,High,
37.37236348,-122.0162248,94086,0.401146459,0.080105517,0.051337225,0,1,1,,,,,,,Medium,Low,Urban,High,
37.37402157,-122.0156149,94086,0.401146459,0.0583587,0.110076034,0,1,1,,,,,,,Medium,Low,Urban,High,
37.37555722,-122.0186258,94086,0.401146459,0.157275808,0.056859781,0,1,1,,,,,,,Medium,Low,Urban,High,
37.37555722,-122.0139287,94086,0.401146459,0.155151452,0.052223855,0,1,1,,,,,,,Medium,Low,Urban,High,
37.37731751,-122.0148209,94086,0.401146459,0.067129079,0.024861997,0,1,1,,,,,,,Medium,Low,Urban,High,
37.38150858,-122.0189391,94086,0.401146459,0.229619076,0.12605185,0,1,1,,,,,,,Medium,Low,Urban,High,
37.38172833,-122.0163972,94086,0.401146459,0.136303268,0.121665087,0,1,1,,,,,,,Medium,Low,Urban,High,
37.38254026,-122.0176747,94086,0.401146459,0.209596592,0.156064923,0,1,1,,,,,,,Medium,Low,Urban,High,
37.38427138,-122.0171358,94086,0.401146459,0.242167703,0.085258105,0,1,1,,,,,,,Medium,Low,Urban,High,
37.3591481,-121.8827161,95131,0.250754942,1.27288025,0.139313361,0,1,1,,,,,,,Low,Low,Urban,High,
37.36073365,-121.8821248,95131,0.250754942,1.206452371,0.152976343,0,1,1,,,,,,,Low,Low,Urban,High,
37.36454465,-121.8867249,95131,0.250754942,1.200202353,0.168940451,0,1,1,,,,,,,Low,Low,Urban,High,
37.36619785,-121.9218173,95131,0.250754942,0.680842882,0.118689382,0,1,1,,,,,,,Low,Low,Urban,High,
37.36619785,-121.8789805,95131,0.250754942,0.972931255,0.20102829,0,1,1,,,,,,,Low,Low,Urban,High,
37.36744695,-121.9236192,95131,0.250754942,0.581074856,0.296968477,0,1,1,,,,,,,Low,Low,Urban,High,
37.3704072,-121.8893721,95131,0.250754942,1.142109731,0.066208267,0,1,1,,,,,,,Low,Low,Urban,High,
37.3704072,-121.8780103,95131,0.250754942,0.816055879,0.062614885,0,1,1,,,,,,,Low,Low,Urban,High,
37.37090691,-121.9292859,95131,0.250754942,0.429394876,0.039401109,0,1,1,,,,,,,Low,Low,Urban,High,
37.37090691,-121.9194036,95131,0.250754942,0.6673423,0.067307042,0,1,1,,,,,,,Low,Low,Urban,High,
37.37090691,-121.8883485,95131,0.250754942,1.080248374,0.019452269,0,1,1,,,,,,,Low,Low,Urban,High,
37.37236348,-121.9330964,95131,0.250754942,0.541183408,0.016177733,0,1,1,,,,,,,Low,Low,Urban,High,
37.37236348,-121.9236082,95131,0.250754942,0.424682479,0.059066884,0,1,1,,,,,,,Low,Low,Urban,High,
37.37236348,-121.9200936,95131,0.250754942,0.59738266,0.091587995,0,1,1,,,,,,,Low,Low,Urban,High,
37.37402157,-121.9328907,95131,0.250754942,0.492643731,0.106906596,0,1,1,,,,,,,Low,Low,Urban,High,
37.37402157,-121.9199243,95131,0.250754942,0.574225324,0.104443427,0,1,1,,,,,,,Low,Low,Urban,High,
37.37402157,-121.8989635,95131,0.250754942,1.176080552,0.099757412,0,1,1,,,,,,,Low,Low,Urban,High,
37.37402157,-121.893671,95131,0.250754942,1.292091414,0.115411358,0,1,1,,,,,,,Low,Low,Urban,High,
37.37555722,-121.9308229,95131,0.250754942,0.346060857,0.057684105,0,1,1,,,,,,,Low,Low,Urban,High,
37.37555722,-121.9267126,95131,0.250754942,0.233910774,0.03253689,0,1,1,,,,,,,Low,Low,Urban,High,
37.37555722,-121.8922289,95131,0.250754942,1.177887608,0.153165138,0,1,1,,,,,,,Low,Low,Urban,High,
37.37555722,-121.8830324,95131,0.250754942,0.7243954,0.168562337,0,1,1,,,,,,,Low,Low,Urban,High,
37.37555722,-121.8779749,95131,0.250754942,0.628111417,0.174789959,0,1,1,,,,,,,Low,Low,Urban,High,
37.37555722,-121.8722878,95131,0.250754942,0.734734676,0.155303443,0,1,1,,,,,,,Low,Low,Urban,High,
37.37731751,-121.9330543,95131,0.250754942,0.443713877,0.15150571,0,1,1,,,,,,,Low,Low,Urban,High,
37.37731751,-121.9233709,95131,0.250754942,0.308197512,0.208166348,0,1,1,,,,,,,Low,Low,Urban,High,
37.37731751,-121.9159276,95131,0.250754942,0.790764025,0.295058972,0,1,1,,,,,,,Low,Low,Urban,High,
37.37991662,-121.908861,95131,0.250754942,0.885226546,0.043905025,0,1,1,,,,,,,Low,Low,Urban,High,
37.37991662,-121.9030863,95131,0.250754942,0.881261416,0.045986575,0,1,1,,,,,,,Low,Low,Urban,High,
37.37991662,-121.8963172,95131,0.250754942,1.083426548,0.090851381,0,1,1,,,,,,,Low,Low,Urban,High,
37.37991662,-121.891256,95131,0.250754942,1.040861749,0.086258201,0,1,1,,,,,,,Low,Low,Urban,High,
37.37991662,-121.8873981,95131,0.250754942,0.811807397,0.110316487,0,1,1,,,,,,,Low,Low,Urban,High,
37.37991662,-121.8842022,95131,0.250754942,0.644298275,0.085240655,0,1,1,,,,,,,Low,Low,Urban,High,
37.37991662,-121.8804922,95131,0.250754942,0.504281188,0.053124387,0,1,1,,,,,,,Low,Low,Urban,High,
37.38150858,-121.9280129,95131,0.250754942,0.064076547,0.035070787,0,1,1,,,,,,,Low,Low,Urban,High,
37.38150858,-121.9267304,95131,0.250754942,0.03016726,0.068456337,0,1,1,,,,,,,Low,Low,Urban,High,
37.38150858,-121.9207537,95131,0.250754942,0.439503137,0.135298882,0,1,1,,,,,,,Low,Low,Urban,High,
37.38150858,-121.9160883,95131,0.250754942,0.761765292,0.072577696,0,1,1,,,,,,,Low,Low,Urban,High,
37.38150858,-121.9085961,95131,0.250754942,0.824419641,0.121232635,0,1,1,,,,,,,Low,Low,Urban,High,
37.38150858,-121.8907203,95131,0.250754942,0.98226485,0.16356697,0,1,1,,,,,,,Low,Low,Urban,High,
37.38150858,-121.8884003,95131,0.250754942,0.839335745,0.163409967,0,1,1,,,,,,,Low,Low,Urban,High,
37.38150858,-121.8796075,95131,0.250754942,0.429240834,0.058692665,0,1,1,,,,,,,Low,Low,Urban,High,
37.38172833,-121.9272016,95131,0.250754942,0.009247325,0.187507943,0,1,1,,,,,,,Low,Low,Urban,High,
37.38172833,-121.9235358,95131,0.250754942,0.247110167,0.162248235,0,1,1,,,,,,,Low,Low,Urban,High,
37.38172833,-121.914181,95131,0.250754942,0.893436815,0.157160675,0,1,1,,,,,,,Low,Low,Urban,High,
37.38427138,-121.9132742,95131,0.250754942,0.869037592,0.104615889,0,1,1,,,,,,,Low,Low,Urban,High,
37.38427138,-121.9034329,95131,0.250754942,0.720908451,0.124539834,0,1,1,,,,,,,Low,Low,Urban,High,
37.38427138,-121.8993721,95131,0.250754942,0.831904108,0.065623292,0,1,1,,,,,,,Low,Low,Urban,High,
37.38427138,-121.8906473,95131,0.250754942,0.939770305,0.0516076,0,1,1,,,,,,,Low,Low,Urban,High,
37.38427138,-121.884358,95131,0.250754942,0.548584705,0.005148155,0,1,1,,,,,,,Low,Low,Urban,High,
37.38427138,-121.8839609,95131,0.250754942,0.526176065,0.025486998,0,1,1,,,,,,,Low,Low,Urban,High,
37.38427138,-121.8735178,95131,0.250754942,0.428938409,0.01516803,0,1,1,,,,,,,Low,Low,Urban,High,
37.38427138,-121.8672827,95131,0.250754942,0.790592698,0.045865009,0,1,1,,,,,,,Low,Low,Urban,High,
37.38518162,-121.935093,95131,0.250754942,0.564336595,0.099501487,0,1,1,,,,,,,Low,Low,Urban,High,
37.38518162,-121.9264454,95131,0.250754942,0.127944489,0.153475459,0,1,1,,,,,,,Low,Low,Urban,High,
37.38518162,-121.9257672,95131,0.250754942,0.151241912,0.143955069,0,1,1,,,,,,,Low,Low,Urban,High,
37.38518162,-121.9190739,95131,0.250754942,0.568012067,0.087487452,0,1,1,,,,,,,Low,Low,Urban,High,
37.38518162,-121.9070257,95131,0.250754942,0.673038918,0.116332227,0,1,1,,,,,,,Low,Low,Urban,High,
37.38518162,-121.8959942,95131,0.250754942,0.953883974,0.090293434,0,1,1,,,,,,,Low,Low,Urban,High,
37.38518162,-121.8904654,95131,0.250754942,0.917347664,0.073643144,0,1,1,,,,,,,Low,Low,Urban,High,
37.38518162,-121.8838008,95131,0.250754942,0.49807892,0.123064906,0,1,1,,,,,,,Low,Low,Urban,High,
37.38518162,-121.8802895,95131,0.250754942,0.325602077,0.155464616,0,1,1,,,,,,,Low,Low,Urban,High,
37.38518162,-121.8768192,95131,0.250754942,0.285108484,0.153643098,0,1,1,,,,,,,Low,Low,Urban,High,
37.38761416,-121.934301,95131,0.250754942,0.538735605,0.071081725,0,1,1,,,,,,,Low,Low,Urban,High,
37.38761416,-121.9251095,95131,0.250754942,0.250006623,0.070641931,0,1,1,,,,,,,Low,Low,Urban,High,
37.38761416,-121.9105888,95131,0.250754942,0.665476574,0.212367725,0,1,1,,,,,,,Low,Low,Urban,High,
37.38761416,-121.9085332,95131,0.250754942,0.608254555,0.18919314,0,1,1,,,,,,,Low,Low,Urban,High,
37.38761416,-121.882786,95131,0.250754942,0.391996359,0.192930364,0,1,1,,,,,,,Low,Low,Urban,High,
37.38761416,-121.8819031,95131,0.250754942,0.339729581,0.214418,0,1,1,,,,,,,Low,Low,Urban,High,
37.38761416,-121.8758958,95131,0.250754942,0.22982195,0.294154687,0,1,1,,,,,,,Low,Low,Urban,High,
37.38761416,-121.8733597,95131,0.250754942,0.360332215,0.306881248,0,1,1,,,,,,,Low,Low,Urban,High,
37.39216313,-121.9147384,95131,0.250754942,0.740286873,0.084750297,0,1,1,,,,,,,Low,Low,Urban,High,
37.39216313,-121.9055759,95131,0.250754942,0.413561921,0.112746675,0,1,1,,,,,,,Low,Low,Urban,High,
37.39216313,-121.8973994,95131,0.250754942,0.715192207,0.130413852,0,1,1,,,,,,,Low,Low,Urban,High,
37.39216313,-121.8891718,95131,0.250754942,0.785499674,0.140757497,0,1,1,,,,,,,Low,Low,Urban,High,
37.39216313,-121.88383,95131,0.250754942,0.416668159,0.081644121,0,1,1,,,,,,,Low,Low,Urban,High,
37.39216313,-121.8772027,95131,0.250754942,0.047293157,0.088269913,0,1,1,,,,,,,Low,Low,Urban,High,
37.39468838,-121.9378418,95131,0.250754942,0.876227101,0.027760822,0,1,1,,,,,,,Low,Low,Urban,High,
37.39468838,-121.9304184,95131,0.250754942,0.519763008,0.1156406,0,1,1,,,,,,,Low,Low,Urban,High,
37.39468838,-121.9241276,95131,0.250754942,0.510260463,0.132350401,0,1,1,,,,,,,Low,Low,Urban,High,
37.39468838,-121.9019037,95131,0.250754942,0.421048744,0.087379326,0,1,1,,,,,,,Low,Low,Urban,High,
37.39468838,-121.8838697,95131,0.250754942,0.424657035,0.096975186,0,1,1,,,,,,,Low,Low,Urban,High,
37.39468838,-121.8758469,95131,0.250754942,0.152588831,0.071844534,0,1,1,,,,,,,Low,Low,Urban,High,
37.39634043,-121.9258825,95131,0.250754942,0.533940722,0.0814092,0,1,1,,,,,,,Low,Low,Urban,High,
37.39634043,-121.9209753,95131,0.250754942,0.676445535,0.020921412,0,1,1,,,,,,,Low,Low,Urban,High,
37.39634043,-121.9154224,95131,0.250754942,0.710998406,0.14835942,0,1,1,,,,,,,Low,Low,Urban,High,
37.39634043,-121.9100044,95131,0.250754942,0.387762725,0.222127354,0,1,1,,,,,,,Low,Low,Urban,High,
37.39634043,-121.9035059,95131,0.250754942,0.306765444,0.218717679,0,1,1,,,,,,,Low,Low,Urban,High,
37.39634043,-121.8967614,95131,0.250754942,0.67982681,0.17892986,0,1,1,,,,,,,Low,Low,Urban,High,
37.39634043,-121.8806378,95131,0.250754942,0.235010039,0.226685013,0,1,1,,,,,,,Low,Low,Urban,High,
37.39634043,-121.8737837,95131,0.250754942,0.307141306,0.270858713,0,1,1,,,,,,,Low,Low,Urban,High,
37.39634043,-121.8697642,95131,0.250754942,0.570915383,0.272313809,0,1,1,,,,,,,Low,Low,Urban,High,
37.39634043,-121.8663168,95131,0.250754942,0.804667331,0.282197538,0,1,1,,,,,,,Low,Low,Urban,High,
37.39908159,-121.8774842,95131,0.250754942,0.23151007,0.095361397,0,1,1,,,,,,,Low,Low,Urban,High,
37.39908159,-121.8678049,95131,0.250754942,0.728596816,0.083548531,0,1,1,,,,,,,Low,Low,Urban,High,
37.39908159,-121.8590525,95131,0.250754942,1.316295313,0.15376991,0,1,1,,,,,,,Low,Low,Urban,High,
37.40095093,-121.9127951,95131,0.250754942,0.488750509,0.097648718,0,1,1,,,,,,,Low,Low,Urban,High,
37.40095093,-121.8787395,95131,0.250754942,0.305496478,0.158467534,0,1,1,,,,,,,Low,Low,Urban,High,
37.40095093,-121.8749355,95131,0.250754942,0.358583499,0.155611737,0,1,1,,,,,,,Low,Low,Urban,High,
37.40095093,-121.8676062,95131,0.250754942,0.765572461,0.115363491,0,1,1,,,,,,,Low,Low,Urban,High,
37.40095093,-121.8612177,95131,0.250754942,1.18461353,0.111286697,0,1,1,,,,,,,Low,Low,Urban,High,
37.40095093,-121.8603358,95131,0.250754942,1.243677393,0.108058233,0,1,1,,,,,,,Low,Low,Urban,High,
37.2795579,-121.9343532,95008,0.397310299,0.450244892,0.19829317,0,0.3,1,,,,,,,Medium,Low,Urban,Low,
37.2795579,-121.925979,95008,0.397310299,0.719354275,0.111957084,0,0.3,1,,,,,,,Medium,Low,Urban,Low,
37.2795579,-121.9207074,95008,0.397310299,1.029106511,0.101005834,0,0.3,1,,,,,,,Medium,Low,Urban,Low,
37.2795579,-121.9119998,95008,0.397310299,1.592114781,0.111796681,0,0.3,1,,,,,,,Medium,Low,Urban,Low,
37.28163919,-121.9363719,95008,0.397310299,0.405400769,0.205516584,0,0.3,1,,,,,,,Medium,Low,Urban,Low,
37.28163919,-121.9335618,95008,0.397310299,0.375703727,0.278123876,0,0.3,1,,,,,,,Medium,Low,Urban,Low,
37.28163919,-121.9284617,95008,0.397310299,0.540064218,0.065542029,0,0.3,1,,,,,,,Medium,Low,Urban,Low,
37.28163919,-121.9276967,95008,0.397310299,0.579369014,0.022783888,0,0.3,1,,,,,,,Medium,Low,Urban,Low,
37.28163919,-121.9156743,95008,0.397310299,1.327080976,0.188947315,0,0.3,1,,,,,,,Medium,Low,Urban,Low,
37.282985,-121.9475917,95008,0.397310299,0.986994692,0.210129181,0,0.3,1,,,,,,,Medium,Low,Urban,Low,
37.28388274,-121.943009,95008,0.397310299,0.681107261,0.233952609,0,0.3,1,,,,,,,Medium,Low,Urban,Low,
37.28388274,-121.940017,95008,0.397310299,0.502182336,0.153667433,0,0.3,1,,,,,,,Medium,Low,Urban,Low,
37.28388274,-121.9396901,95008,0.397310299,0.483978357,0.117129558,0,0.3,1,,,,,,,Medium,Low,Urban,Low,
37.28388274,-121.9344557,95008,0.397310299,0.292861652,0.085972649,0,0.3,1,,,,,,,Medium,Low,Urban,Low,
37.28388274,-121.9310556,95008,0.397310299,0.359858704,0.082802718,0,0.3,1,,,,,,,Medium,Low,Urban,Low,
37.28388274,-121.9249746,95008,0.397310299,0.694967162,0.080844671,0,0.3,1,,,,,,,Medium,Low,Urban,Low,
37.28388274,-121.9203844,95008,0.397310299,0.991801364,0.049522806,0,0.3,1,,,,,,,Medium,Low,Urban,Low,
37.28388274,-121.9158603,95008,0.397310299,1.293839729,0.061189269,0,0.3,1,,,,,,,Medium,Low,Urban,Low,
37.28388274,-121.9114866,95008,0.397310299,1.589725563,0.171231959,0,0.3,1,,,,,,,Medium,Low,Urban,Low,
37.28646281,-121.9393781,95008,0.397310299,0.414605465,0.275350879,0,0.3,1,,,,,,,Medium,Low,Urban,Low,
37.28646281,-121.9306331,95008,0.397310299,0.310643346,0.189785306,0,0.3,1,,,,,,,Medium,Low,Urban,Low,
37.28646281,-121.9269051,95008,0.397310299,0.535132607,0.156156345,0,0.3,1,,,,,,,Medium,Low,Urban,Low,
37.28646281,-121.9261335,95008,0.397310299,0.585013742,0.149903396,0,0.3,1,,,,,,,Medium,Low,Urban,Low,
37.28886784,-121.9526134,95008,0.397310299,1.283731178,0.188127955,0,0.3,1,,,,,,,Medium,Low,Urban,Low,
37.28886784,-121.9456603,95008,0.397310299,0.806089527,0.147282008,0,0.3,1,,,,,,,Medium,Low,Urban,Low,
37.28886784,-121.9407898,95008,0.397310299,0.474888937,0.128218908,0,0.3,1,,,,,,,Medium,Low,Urban,Low,
37.28886784,-121.9373564,95008,0.397310299,0.250130374,0.144141878,0,0.3,1,,,,,,,Medium,Low,Urban,Low,
37.28886784,-121.9176132,95008,0.397310299,1.144652544,0.07706457,0,0.3,1,,,,,,,Medium,Low,Urban,Low,
37.28886784,-121.912906,95008,0.397310299,1.468743559,0.106083675,0,0.3,1,,,,,,,Medium,Low,Urban,Low,
37.2890735,-121.9258239,95008,0.397310299,0.581094801,0.293970837,0,0.3,1,,,,,,,Medium,Low,Urban,Low,
37.2906222,-121.9396947,95008,0.397310299,0.389059871,0.036707357,0,0.3,1,,,,,,,Medium,Low,Urban,Low,
37.2906222,-121.9237026,95008,0.397310299,0.720068831,0.228189551,0,0.3,1,,,,,,,Medium,Low,Urban,Low,
37.29305965,-121.9262464,95008,0.397310299,0.544602826,0.21133472,0,0.3,1,,,,,,,Medium,Low,Urban,Low,
37.29305965,-121.9185272,95008,0.397310299,1.077117172,0.206721886,0,0.3,1,,,,,,,Medium,Low,Urban,Low,
37.29305965,-121.9181487,95008,0.397310299,1.103249719,0.206583488,0,0.3,1,,,,,,,Medium,Low,Urban,Low,
37.29544619,-121.9265583,95008,0.397310299,0.537458863,0.052619203,0,0.3,1,,,,,,,Medium,Low,Urban,Low,
37.29544619,-121.9237848,95008,0.397310299,0.724842123,0.069898501,0,0.3,1,,,,,,,Medium,Low,Urban,Low,
37.29544619,-121.9195208,95008,0.397310299,1.016030213,0.091710411,0,0.3,1,,,,,,,Medium,Low,Urban,Low,
37.2970086,-121.9502782,95008,0.397310299,1.133370932,0.224675056,0,0.3,1,,,,,,,Medium,Low,Urban,Low,
37.2970086,-121.9469729,95008,0.397310299,0.908931872,0.27270813,0,0.3,1,,,,,,,Medium,Low,Urban,Low,
37.2970086,-121.9435264,95008,0.397310299,0.677720979,0.227053319,0,0.3,1,,,,,,,Medium,Low,Urban,Low,
37.2970086,-121.9263004,95008,0.397310299,0.570922844,0.169858619,0,0.3,1,,,,,,,Medium,Low,Urban,Low,
37.2970086,-121.9183943,95008,0.397310299,1.101554567,0.163310826,0,0.3,1,,,,,,,Medium,Low,Urban,Low,
37.2970086,-121.9145181,95008,0.397310299,1.366229741,0.139746063,0,0.3,1,,,,,,,Medium,Low,Urban,Low,
37.29948853,-121.9576445,95008,0.397310299,1.650363408,0.125385239,0,0.3,1,,,,,,,Medium,Low,Urban,Low,
37.29948853,-121.9460455,95008,0.397310299,0.870963987,0.125590736,0,0.3,1,,,,,,,Medium,Low,Urban,Low,
37.29948853,-121.9441429,95008,0.397310299,0.74758556,0.117776669,0,0.3,1,,,,,,,Medium,Low,Urban,Low,
37.29948853,-121.9282798,95008,0.397310299,0.489341407,0.039993812,0,0.3,1,,,,,,,Medium,Low,Urban,Low,
37.29948853,-121.9242857,95008,0.397310299,0.733279557,0.078562998,0,0.3,1,,,,,,,Medium,Low,Urban,Low,
37.29972048,-121.9465012,95008,0.397310299,0.903512538,0.237494299,0,0.3,1,,,,,,,Medium,Low,Urban,Low,
37.29972048,-121.94026,95008,0.397310299,0.513217481,0.314944022,0,0.3,1,,,,,,,Medium,Low,Urban,Low,
37.29972048,-121.9315832,95008,0.397310299,0.335673464,0.292003369,0,0.3,1,,,,,,,Medium,Low,Urban,Low,
37.29972048,-121.924372,95008,0.397310299,0.731052445,0.232446816,0,0.3,1,,,,,,,Medium,Low,Urban,Low,
37.29972048,-121.9174347,95008,0.397310299,1.186931067,0.154258312,0,0.3,1,,,,,,,Medium,Low,Urban,Low,
37.29991058,-121.9560326,95008,0.397310299,1.543562269,0.115735136,0,0.3,1,,,,,,,Medium,Low,Urban,Low,
37.29991058,-121.9498848,95008,0.397310299,1.129439262,0.112379832,0,0.3,1,,,,,,,Medium,Low,Urban,Low,
37.29991058,-121.9185926,95008,0.397310299,1.111282754,0.128587887,0,0.3,1,,,,,,,Medium,Low,Urban,Low,
37.30156605,-121.9501376,95008,0.397310299,1.163308326,0.168615803,0,0.3,1,,,,,,,Medium,Low,Urban,Low,
37.30156605,-121.9339559,95008,0.397310299,0.354603723,0.256607706,0,0.3,1,,,,,,,Medium,Low,Urban,Low,
37.30337946,-121.9547774,95008,0.397310299,1.489268228,0.229813601,0,0.3,1,,,,,,,Medium,Low,Urban,Low,
37.30337946,-121.9470518,95008,0.397310299,0.988762737,0.227067097,0,0.3,1,,,,,,,Medium,Low,Urban,Low,
37.30337946,-121.943104,95008,0.397310299,0.750932716,0.226691719,0,0.3,1,,,,,,,Medium,Low,Urban,Low,
37.30337946,-121.9254013,95008,0.397310299,0.73381279,0.138893218,0,0.3,1,,,,,,,Medium,Low,Urban,Low,
37.30337946,-121.9220872,95008,0.397310299,0.930738071,0.12887661,0,0.3,1,,,,,,,Medium,Low,Urban,Low,
37.30575103,-121.9409948,95008,0.397310299,0.695920398,0.118339174,0,0.3,1,,,,,,,Medium,Low,Urban,Low,
37.30575103,-121.9368688,95008,0.397310299,0.542234072,0.197848543,0,0.3,1,,,,,,,Medium,Low,Urban,Low,
37.30575103,-121.9204016,95008,0.397310299,1.074080605,0.225549396,0,0.3,1,,,,,,,Medium,Low,Urban,Low,
37.30723791,-121.9505364,95008,0.397310299,1.266936411,0.182024585,0,0.3,1,,,,,,,Medium,Low,Urban,Low,
37.30723791,-121.9427241,95008,0.397310299,0.818852896,0.174467783,0,0.3,1,,,,,,,Medium,Low,Urban,Low,
37.30723791,-121.9362022,95008,0.397310299,0.580201893,0.128144292,0,0.3,1,,,,,,,Medium,Low,Urban,Low,
37.30723791,-121.9317986,95008,0.397310299,0.583867467,0.103319131,0,0.3,1,,,,,,,Medium,Low,Urban,Low,
37.30933908,-121.9551763,95008,0.397310299,1.590062821,0.103354347,0,0.3,1,,,,,,,Medium,Low,Urban,Low,
37.30933908,-121.952046,95008,0.397310299,1.394682139,0.125550222,0,0.3,1,,,,,,,Medium,Low,Urban,Low,
37.30933908,-121.9412377,95008,0.397310299,0.80677463,0.218128867,0,0.3,1,,,,,,,Medium,Low,Urban,Low,
37.30933908,-121.930252,95008,0.397310299,0.691741034,0.291778493,0,0.3,1,,,,,,,Medium,Low,Urban,Low,
37.30933908,-121.9294752,95008,0.397310299,0.714101946,0.307561339,0,0.3,1,,,,,,,Medium,Low,Urban,Low,
37.30981285,-121.9494347,95008,0.397310299,1.24606227,0.163927223,0,0.3,1,,,,,,,Medium,Low,Urban,Low,
37.30981285,-121.9358899,95008,0.397310299,0.6674083,0.050828056,0,0.3,1,,,,,,,Medium,Low,Urban,Low,
37.30981285,-121.9294687,95008,0.397310299,0.72982151,0.079622986,0,0.3,1,,,,,,,Medium,Low,Urban,Low,
37.30981285,-121.9187732,95008,0.397310299,1.245778927,0.199439285,0,0.3,1,,,,,,,Medium,Low,Urban,Low,
37.3125031,-121.9564178,95008,0.397310299,1.716583466,0.205589069,0,0.3,1,,,,,,,Medium,Low,Urban,Low,
37.3125031,-121.9429937,95008,0.397310299,0.972812309,0.273388442,0,0.3,1,,,,,,,Medium,Low,Urban,Low,
37.3125031,-121.9319262,95008,0.397310299,0.769021271,0.232667865,0,0.3,1,,,,,,,Medium,Low,Urban,Low,
37.3125031,-121.9210412,95008,0.397310299,1.176074928,0.239321812,0,0.3,1,,,,,,,Medium,Low,Urban,Low,
37.31321872,-121.9500658,95008,0.397310299,1.35123511,0.055319111,0,0.3,1,,,,,,,Medium,Low,Urban,Low,
37.31321872,-121.9367934,95008,0.397310299,0.802218509,0.053612938,0,0.3,1,,,,,,,Medium,Low,Urban,Low,
37.31321872,-121.9213658,95008,0.397310299,1.176136182,0.188526611,0,0.3,1,,,,,,,Medium,Low,Urban,Low,
37.31463554,-121.9527305,95008,0.397310299,1.532809886,0.253966219,0,0.3,1,,,,,,,Medium,Low,Urban,Low,
37.31463554,-121.9502587,95008,0.397310299,1.392464655,0.252941824,0,0.3,1,,,,,,,Medium,Low,Urban,Low,
37.31463554,-121.9374964,95008,0.397310299,0.864577845,0.183291647,0,0.3,1,,,,,,,Medium,Low,Urban,Low,
37.31463554,-121.9347083,95008,0.397310299,0.833190194,0.186648862,0,0.3,1,,,,,,,Medium,Low,Urban,Low,
37.3149789,-121.9504095,95008,0.397310299,1.408327523,0.153704814,0,0.3,1,,,,,,,Medium,Low,Urban,Low,
37.3149789,-121.9435811,95008,0.397310299,1.068927761,0.096928306,0,0.3,1,,,,,,,Medium,Low,Urban,Low,
37.3149789,-121.9379231,95008,0.397310299,0.885011477,0.114563526,0,0.3,1,,,,,,,Medium,Low,Urban,Low,
37.3149789,-121.9261019,95008,0.397310299,1.009436652,0.059683308,0,0.3,1,,,,,,,Medium,Low,Urban,Low,
37.3149789,-121.9227905,95008,0.397310299,1.150757037,0.04120644,0,0.3,1,,,,,,,Medium,Low,Urban,Low,
37.31650416,-121.9469641,95008,0.397310299,1.265236327,0.028920226,0,0.3,1,,,,,,,Medium,Low,Urban,Low,
37.31650416,-121.9339431,95008,0.397310299,0.900493475,0.089932316,0,0.3,1,,,,,,,Medium,Low,Urban,Low,
37.31837613,-121.9498123,95008,0.397310299,1.455115434,0.239089884,0,0.3,1,,,,,,,Medium,Low,Urban,Low,
37.31837613,-121.9477242,95008,0.397310299,1.350884591,0.292695813,0,0.3,1,,,,,,,Medium,Low,Urban,Low,
37.31837613,-121.9474519,95008,0.397310299,1.337840778,0.291078382,0,0.3,1,,,,,,,Medium,Low,Urban,Low,
37.31837613,-121.929125,95008,0.397310299,1.028025386,0.200279987,0,0.3,1,,,,,,,Medium,Low,Urban,Low,
37.31837613,-121.9273867,95008,0.397310299,1.074171168,0.17765891,0,0.3,1,,,,,,,Medium,Low,Urban,Low,
37.32058743,-121.9307801,95008,0.397310299,1.074433979,0.124982267,0,0.3,1,,,,,,,Medium,Low,Urban,Low,
37.32194949,-121.937168,95008,0.397310299,1.119708555,0.21783122,0,0.3,1,,,,,,,Medium,Low,Urban,Low,
37.2795579,-121.8883961,95118,0.280311809,0.71931181,0.062498019,0,0.3,1,,,,,,,Low,Low,Urban,Low,
37.2795579,-121.8817805,95118,0.280311809,0.907401683,0.094203692,0,0.3,1,,,,,,,Low,Low,Urban,Low,
37.2795579,-121.8777111,95118,0.280311809,1.104168099,0.169257179,0,0.3,1,,,,,,,Low,Low,Urban,Low,
37.28163919,-121.9032842,95118,0.280311809,1.212973427,0.235060459,0,0.3,1,,,,,,,Low,Low,Urban,Low,
37.28163919,-121.8967504,95118,0.280311809,0.917624306,0.238414861,0,0.3,1,,,,,,,Low,Low,Urban,Low,
37.28163919,-121.8905681,95118,0.280311809,0.788645286,0.266147486,0,0.3,1,,,,,,,Low,Low,Urban,Low,
37.28163919,-121.8868468,95118,0.280311809,0.815753087,0.2933023,0,0.3,1,,,,,,,Low,Low,Urban,Low,
37.282985,-121.9061792,95118,0.280311809,1.400094223,0.256631209,0,0.3,1,,,,,,,Low,Low,Urban,Low,
37.282985,-121.9000494,95118,0.280311809,1.090234818,0.256797804,0,0.3,1,,,,,,,Low,Low,Urban,Low,
37.282985,-121.8934177,95118,0.280311809,0.870542507,0.204355091,0,0.3,1,,,,,,,Low,Low,Urban,Low,
37.28388274,-121.9052784,95118,0.280311809,1.371241701,0.02876612,0,0.3,1,,,,,,,Low,Low,Urban,Low,
37.28388274,-121.8958613,95118,0.280311809,0.96105152,0.123599479,0,0.3,1,,,,,,,Low,Low,Urban,Low,
37.28388274,-121.8935844,95118,0.280311809,0.905226569,0.123914092,0,0.3,1,,,,,,,Low,Low,Urban,Low,
37.28646281,-121.8996736,95118,0.280311809,1.17539737,0.237228634,0,0.3,1,,,,,,,Low,Low,Urban,Low,
37.28886784,-121.8971614,95118,0.280311809,1.163993992,0.09416974,0,0.3,1,,,,,,,Low,Low,Urban,Low,
37.28886784,-121.8924481,95118,0.280311809,1.06558982,0.085594141,0,0.3,1,,,,,,,Low,Low,Urban,Low,
37.28886784,-121.8888817,95118,0.280311809,1.053780231,0.1022671,0,0.3,1,,,,,,,Low,Low,Urban,Low,
37.2890735,-121.9000508,95118,0.280311809,1.268900698,0.033283822,0,0.3,1,,,,,,,Low,Low,Urban,Low,
37.29305965,-121.8895164,95118,0.280311809,1.204641201,0.279959522,0,0.3,1,,,,,,,Low,Low,Urban,Low,
37.29544619,-121.8888616,95118,0.280311809,1.293522496,0.247462215,0,0.3,1,,,,,,,Low,Low,Urban,Low,
37.28388274,-121.8149657,95148,0.39966291,1.87419589,0.168803682,0,0.3,1,,,,,,,Medium,Low,Urban,Low,
37.28388274,-121.8123891,95148,0.39966291,1.761451775,0.121874743,0,0.3,1,,,,,,,Medium,Low,Urban,Low,
37.28388274,-121.8107781,95148,0.39966291,1.696654484,0.120658969,0,0.3,1,,,,,,,Medium,Low,Urban,Low,
37.28646281,-121.8152237,95148,0.39966291,1.817097292,0.07604405,0,0.3,1,,,,,,,Medium,Low,Urban,Low,
37.28646281,-121.8138482,95148,0.39966291,1.752642183,0.039031022,0,0.3,1,,,,,,,Medium,Low,Urban,Low,
37.28886784,-121.8112955,95148,0.39966291,1.57180438,0.140472756,0,0.3,1,,,,,,,Medium,Low,Urban,Low,
37.28886784,-121.808211,95148,0.39966291,1.447582226,0.167946532,0,0.3,1,,,,,,,Medium,Low,Urban,Low,
37.28886784,-121.8053257,95148,0.39966291,1.351621629,0.193707515,0,0.3,1,,,,,,,Medium,Low,Urban,Low,
37.2890735,-121.813793,95148,0.39966291,1.68004397,0.195184299,0,0.3,1,,,,,,,Medium,Low,Urban,Low,
37.29305965,-121.8165894,95148,0.39966291,1.725010623,0.049092754,0,0.3,1,,,,,,,Medium,Low,Urban,Low,
37.29305965,-121.8110142,95148,0.39966291,1.442996616,0.088076863,0,0.3,1,,,,,,,Medium,Low,Urban,Low,
37.29305965,-121.8055994,95148,0.39966291,1.224190942,0.106755711,0,0.3,1,,,,,,,Medium,Low,Urban,Low,
37.29305965,-121.7988656,95148,0.39966291,1.07864294,0.122003793,0,0.3,1,,,,,,,Medium,Low,Urban,Low,
37.2970086,-121.8102804,95148,0.39966291,1.303582847,0.233128892,0,0.3,1,,,,,,,Medium,Low,Urban,Low,
37.2970086,-121.8096681,95148,0.39966291,1.274202298,0.189990293,0,0.3,1,,,,,,,Medium,Low,Urban,Low,
37.2970086,-121.8073341,95148,0.39966291,1.169498329,0.183786251,0,0.3,1,,,,,,,Medium,Low,Urban,Low,
37.2970086,-121.8017835,95148,0.39966291,0.983967618,0.135341965,0,0.3,1,,,,,,,Medium,Low,Urban,Low,
37.2970086,-121.7983373,95148,0.39966291,0.931753818,0.095712493,0,0.3,1,,,,,,,Medium,Low,Urban,Low,
37.29948853,-121.8127897,95148,0.39966291,1.373949514,0.015853186,0,0.3,1,,,,,,,Medium,Low,Urban,Low,
37.29948853,-121.8018771,95148,0.39966291,0.901759073,0.091951111,0,0.3,1,,,,,,,Medium,Low,Urban,Low,
37.29948853,-121.7980256,95148,0.39966291,0.839884666,0.098814994,0,0.3,1,,,,,,,Medium,Low,Urban,Low,
37.29948853,-121.79497,95148,0.39966291,0.848928094,0.133720486,0,0.3,1,,,,,,,Medium,Low,Urban,Low,
37.29948853,-121.7914308,95148,0.39966291,0.921849501,0.063597029,0,0.3,1,,,,,,,Medium,Low,Urban,Low,
37.29972048,-121.8169991,95148,0.39966291,1.609994365,0.09293662,0,0.3,1,,,,,,,Medium,Low,Urban,Low,
37.29972048,-121.8080236,95148,0.39966291,1.124490966,0.121146992,0,0.3,1,,,,,,,Medium,Low,Urban,Low,
37.29972048,-121.7986993,95148,0.39966291,0.836640887,0.068110612,0,0.3,1,,,,,,,Medium,Low,Urban,Low,
37.29972048,-121.7927072,95148,0.39966291,0.880558431,0.032289351,0,0.3,1,,,,,,,Medium,Low,Urban,Low,
37.29991058,-121.817041,95148,0.39966291,1.608929865,0.116605551,0,0.3,1,,,,,,,Medium,Low,Urban,Low,
37.29991058,-121.8085227,95148,0.39966291,1.143100915,0.09207727,0,0.3,1,,,,,,,Medium,Low,Urban,Low,
37.30156605,-121.8036793,95148,0.39966291,0.889560724,0.200336427,0,0.3,1,,,,,,,Medium,Low,Urban,Low,
37.30156605,-121.7964697,95148,0.39966291,0.762327634,0.155095604,0,0.3,1,,,,,,,Medium,Low,Urban,Low,
37.30156605,-121.7837639,95148,0.39966291,1.191168142,0.138129182,0,0.3,1,,,,,,,Medium,Low,Urban,Low,
37.30337946,-121.8053146,95148,0.39966291,0.901026628,0.033842622,0,0.3,1,,,,,,,Medium,Low,Urban,Low,
37.30337946,-121.7874836,95148,0.39966291,0.958064277,0.167819141,0,0.3,1,,,,,,,Medium,Low,Urban,Low,
37.30337946,-121.7811449,95148,0.39966291,1.298866257,0.151678945,0,0.3,1,,,,,,,Medium,Low,Urban,Low,
37.30575103,-121.8155377,95148,0.39966291,1.416929871,0.147170814,0,0.3,1,,,,,,,Medium,Low,Urban,Low,
37.30575103,-121.8094612,95148,0.39966291,1.053392349,0.138605113,0,0.3,1,,,,,,,Medium,Low,Urban,Low,
37.30575103,-121.7859229,95148,0.39966291,0.979324938,0.050867856,0,0.3,1,,,,,,,Medium,Low,Urban,Low,
37.30723791,-121.8016554,95148,0.39966291,0.640596811,0.216775236,0,0.3,1,,,,,,,Medium,Low,Urban,Low,
37.30723791,-121.7964545,95148,0.39966291,0.556256292,0.221851267,0,0.3,1,,,,,,,Medium,Low,Urban,Low,
37.30723791,-121.7847862,95148,0.39966291,1.011304545,0.187109154,0,0.3,1,,,,,,,Medium,Low,Urban,Low,
37.30723791,-121.7817211,95148,0.39966291,1.194038206,0.179124306,0,0.3,1,,,,,,,Medium,Low,Urban,Low,
37.30723791,-121.7748268,95148,0.39966291,1.630950603,0.056596314,0,0.3,1,,,,,,,Medium,Low,Urban,Low,
37.30933908,-121.81303,95148,0.39966291,1.205085472,0.046641226,0,0.3,1,,,,,,,Medium,Low,Urban,Low,
37.30933908,-121.8067397,95148,0.39966291,0.824409783,0.097005171,0,0.3,1,,,,,,,Medium,Low,Urban,Low,
37.30933908,-121.7943161,95148,0.39966291,0.513626775,0.161321467,0,0.3,1,,,,,,,Medium,Low,Urban,Low,
37.30933908,-121.7774399,95148,0.39966291,1.435189601,0.095174014,0,0.3,1,,,,,,,Medium,Low,Urban,Low,
37.30950653,-121.8109589,95148,0.39966291,1.072538062,0.008466063,0,0.3,1,,,,,,,Medium,Low,Urban,Low,
37.30950653,-121.8050479,95148,0.39966291,0.728382847,0.016787701,0,0.3,1,,,,,,,Medium,Low,Urban,Low,
37.30950653,-121.7998529,95148,0.39966291,0.511163225,0.078552496,0,0.3,1,,,,,,,Medium,Low,Urban,Low,
37.30950653,-121.7897624,95148,0.39966291,0.68899243,0.079278608,0,0.3,1,,,,,,,Medium,Low,Urban,Low,
37.30981285,-121.813014,95148,0.39966291,1.197319552,0.252463189,0,0.3,1,,,,,,,Medium,Low,Urban,Low,
37.30981285,-121.8047845,95148,0.39966291,0.707301793,0.223471576,0,0.3,1,,,,,,,Medium,Low,Urban,Low,
37.30981285,-121.801764,95148,0.39966291,0.565653627,0.200463541,0,0.3,1,,,,,,,Medium,Low,Urban,Low,
37.30981285,-121.7823974,95148,0.39966291,1.110804567,0.167921202,0,0.3,1,,,,,,,Medium,Low,Urban,Low,
37.3125031,-121.8135919,95148,0.39966291,1.20109899,0.13308149,0,0.3,1,,,,,,,Medium,Low,Urban,Low,
37.3125031,-121.8071771,95148,0.39966291,0.79005046,0.141835924,0,0.3,1,,,,,,,Medium,Low,Urban,Low,
37.3125031,-121.7865442,95148,0.39966291,0.810030147,0.065292768,0,0.3,1,,,,,,,Medium,Low,Urban,Low,
37.3125031,-121.7752751,95148,0.39966291,1.545983915,0.014912947,0,0.3,1,,,,,,,Medium,Low,Urban,Low,
37.31321872,-121.7925784,95148,0.39966291,0.456032038,0.047347964,0,0.3,1,,,,,,,Medium,Low,Urban,Low,
37.31463554,-121.8168302,95148,0.39966291,1.398093832,0.145653565,0,0.3,1,,,,,,,Medium,Low,Urban,Low,
37.31463554,-121.8154064,95148,0.39966291,1.301941366,0.151410714,0,0.3,1,,,,,,,Medium,Low,Urban,Low,
37.31463554,-121.8147052,95148,0.39966291,1.254714725,0.165069055,0,0.3,1,,,,,,,Medium,Low,Urban,Low,
37.31463554,-121.8104966,95148,0.39966291,0.973792139,0.187225024,0,0.3,1,,,,,,,Medium,Low,Urban,Low,
37.31463554,-121.8041006,95148,0.39966291,0.566296275,0.207171565,0,0.3,1,,,,,,,Medium,Low,Urban,Low,
37.31463554,-121.797613,95148,0.39966291,0.288430377,0.278053308,0,0.3,1,,,,,,,Medium,Low,Urban,Low,
37.31463554,-121.791558,95148,0.39966291,0.473422768,0.237389251,0,0.3,1,,,,,,,Medium,Low,Urban,Low,
37.31463554,-121.7780959,95148,0.39966291,1.338628495,0.114040646,0,0.3,1,,,,,,,Medium,Low,Urban,Low,
37.3149789,-121.8077735,95148,0.39966291,0.791417117,0.145430984,0,0.3,1,,,,,,,Medium,Low,Urban,Low,
37.3149789,-121.8055937,95148,0.39966291,0.652119008,0.085551645,0,0.3,1,,,,,,,Medium,Low,Urban,Low,
37.3149789,-121.8001863,95148,0.39966291,0.349743854,0.076679385,0,0.3,1,,,,,,,Medium,Low,Urban,Low,
37.3149789,-121.7977703,95148,0.39966291,0.277872842,0.009133711,0,0.3,1,,,,,,,Medium,Low,Urban,Low,
37.3149789,-121.7935897,95148,0.39966291,0.361703677,0.040521672,0,0.3,1,,,,,,,Medium,Low,Urban,Low,
37.3149789,-121.7914525,95148,0.39966291,0.471917427,0.096848657,0,0.3,1,,,,,,,Medium,Low,Urban,Low,
37.3149789,-121.7827575,95148,0.39966291,1.02283226,0.08062752,0,0.3,1,,,,,,,Medium,Low,Urban,Low,
37.3149789,-121.7825445,95148,0.39966291,1.037023429,0.070334523,0,0.3,1,,,,,,,Medium,Low,Urban,Low,
37.3149789,-121.7648527,95148,0.39966291,2.239600928,0.229752856,0,0.3,1,,,,,,,Medium,Low,Urban,Low,
37.31650416,-121.8181011,95148,0.39966291,1.472585863,0.2140352,0,0.3,1,,,,,,,Medium,Low,Urban,Low,
37.31650416,-121.8084868,95148,0.39966291,0.821428624,0.181530382,0,0.3,1,,,,,,,Medium,Low,Urban,Low,
37.31650416,-121.8011817,95148,0.39966291,0.36038065,0.174273972,0,0.3,1,,,,,,,Medium,Low,Urban,Low,
37.31650416,-121.7735603,95148,0.39966291,1.635751825,0.131858334,0,0.3,1,,,,,,,Medium,Low,Urban,Low,
37.31837613,-121.8161029,95148,0.39966291,1.326791001,0.041617971,0,0.3,1,,,,,,,Medium,Low,Urban,Low,
37.31837613,-121.7923564,95148,0.39966291,0.355372076,0.206188684,0,0.3,1,,,,,,,Medium,Low,Urban,Low,
37.31837613,-121.7750336,95148,0.39966291,1.526752691,0.093794134,0,0.3,1,,,,,,,Medium,Low,Urban,Low,
37.31837613,-121.7742101,95148,0.39966291,1.583391443,0.063661178,0,0.3,1,,,,,,,Medium,Low,Urban,Low,
37.32058743,-121.8184514,95148,0.39966291,1.482230229,0.063725037,0,0.3,1,,,,,,,Medium,Low,Urban,Low,
37.32058743,-121.810652,95148,0.39966291,0.944223774,0.162538991,0,0.3,1,,,,,,,Medium,Low,Urban,Low,
37.32058743,-121.8103971,95148,0.39966291,0.926658557,0.162746283,0,0.3,1,,,,,,,Medium,Low,Urban,Low,
37.32058743,-121.8020527,95148,0.39966291,0.354272364,0.192637516,0,0.3,1,,,,,,,Medium,Low,Urban,Low,
37.32058743,-121.7866677,95148,0.39966291,0.718849474,0.171652588,0,0.3,1,,,,,,,Medium,Low,Urban,Low,
37.32058743,-121.7734367,95148,0.39966291,1.631229217,0.089780705,0,0.3,1,,,,,,,Medium,Low,Urban,Low,
37.32058743,-121.7705243,95148,0.39966291,1.832309441,0.131652178,0,0.3,1,,,,,,,Medium,Low,Urban,Low,
37.32058743,-121.7659197,95148,0.39966291,2.150284797,0.143588365,0,0.3,1,,,,,,,Medium,Low,Urban,Low,
37.32058743,-121.7581245,95148,0.39966291,2.688693513,0.22221463,0,0.3,1,,,,,,,Medium,Low,Urban,Low,
37.32194949,-121.8175339,95148,0.39966291,1.417363686,0.237696672,0,0.3,1,,,,,,,Medium,Low,Urban,Low,
37.32194949,-121.7956104,95148,0.39966291,0.099506974,0.112553548,0,0.3,1,,,,,,,Medium,Low,Urban,Low,
37.32194949,-121.7886929,95148,0.39966291,0.575932129,0.025143746,0,0.3,1,,,,,,,Medium,Low,Urban,Low,
37.32194949,-121.7857907,95148,0.39966291,0.776384057,0.043337072,0,0.3,1,,,,,,,Medium,Low,Urban,Low,
37.32454467,-121.7840307,95148,0.39966291,0.900903472,0.229166791,0,0.3,1,,,,,,,Medium,Low,Urban,Low,
37.32454467,-121.7835372,95148,0.39966291,0.934888339,0.219226151,0,0.3,1,,,,,,,Medium,Low,Urban,Low,
37.32645688,-121.8167642,95148,0.39966291,1.371723152,0.171449874,0,0.3,1,,,,,,,Medium,Low,Urban,Low,
37.32645688,-121.8075082,95148,0.39966291,0.738825887,0.1622049,0,0.3,1,,,,,,,Medium,Low,Urban,Low,
37.32645688,-121.8005165,95148,0.39966291,0.281507976,0.144589445,0,0.3,1,,,,,,,Medium,Low,Urban,Low,
37.32645688,-121.7955595,95148,0.39966291,0.176674397,0.108679445,0,0.3,1,,,,,,,Medium,Low,Urban,Low,
37.32645688,-121.7913754,95148,0.39966291,0.416270335,0.113946325,0,0.3,1,,,,,,,Medium,Low,Urban,Low,
37.32645688,-121.7856243,95148,0.39966291,0.800849383,0.138239792,0,0.3,1,,,,,,,Medium,Low,Urban,Low,
37.3289879,-121.8174317,95148,0.39966291,1.429961103,0.016770954,0,0.3,1,,,,,,,Medium,Low,Urban,Low,
37.3289879,-121.8065248,95148,0.39966291,0.698012455,0.035035169,0,0.3,1,,,,,,,Medium,Low,Urban,Low,
37.3289879,-121.7935899,95148,0.39966291,0.335337169,0.077144664,0,0.3,1,,,,,,,Medium,Low,Urban,Low,
37.3289879,-121.7865041,95148,0.39966291,0.764506374,0.133983467,0,0.3,1,,,,,,,Medium,Low,Urban,Low,
37.3289879,-121.7774438,95148,0.39966291,1.373488576,0.148816676,0,0.3,1,,,,,,,Medium,Low,Urban,Low,
37.3289879,-121.7606786,95148,0.39966291,2.522478881,0.029319123,0,0.3,1,,,,,,,Medium,Low,Urban,Low,
37.33055368,-121.8065868,95148,0.39966291,0.723288156,0.210834952,0,0.3,1,,,,,,,Medium,Low,Urban,Low,
37.33055368,-121.8043781,95148,0.39966291,0.587137447,0.231203394,0,0.3,1,,,,,,,Medium,Low,Urban,Low,
37.33055368,-121.7931151,95148,0.39966291,0.399202093,0.270954595,0,0.3,1,,,,,,,Medium,Low,Urban,Low,
37.33055368,-121.7866464,95148,0.39966291,0.77494319,0.271642422,0,0.3,1,,,,,,,Medium,Low,Urban,Low,
37.33055368,-121.7824236,95148,0.39966291,1.05075989,0.248784933,0,0.3,1,,,,,,,Medium,Low,Urban,Low,
37.33055368,-121.7763567,95148,0.39966291,1.457948815,0.156025954,0,0.3,1,,,,,,,Medium,Low,Urban,Low,
37.33229121,-121.8075574,95148,0.39966291,0.810861259,0.06804029,0,0.3,1,,,,,,,Medium,Low,Urban,Low,
37.33229121,-121.8020981,95148,0.39966291,0.500625339,0.181498641,0,0.3,1,,,,,,,Medium,Low,Urban,Low,
37.33229121,-121.7949363,95148,0.39966291,0.385273444,0.014305126,0,0.3,1,,,,,,,Medium,Low,Urban,Low,
37.33229121,-121.7929562,95148,0.39966291,0.454542633,0.052698264,0,0.3,1,,,,,,,Medium,Low,Urban,Low,
37.33229121,-121.7812331,95148,0.39966291,1.148047461,0.10979914,0,0.3,1,,,,,,,Medium,Low,Urban,Low,
37.33306415,-121.8143237,95148,0.39966291,1.256041301,0.047171365,0,0.3,1,,,,,,,Medium,Low,Urban,Low,
37.33306415,-121.8122659,95148,0.39966291,1.121560904,0.040125004,0,0.3,1,,,,,,,Medium,Low,Urban,Low,
37.33306415,-121.7909998,95148,0.39966291,0.567233035,0.154108715,0,0.3,1,,,,,,,Medium,Low,Urban,Low,
37.33306415,-121.7901751,95148,0.39966291,0.610272334,0.214292966,0,0.3,1,,,,,,,Medium,Low,Urban,Low,
37.3354207,-121.7960246,95148,0.39966291,0.476237184,0.085846483,0,0.3,1,,,,,,,Medium,Low,Urban,Low,
37.3354207,-121.7889966,95148,0.39966291,0.72773992,0.067132902,0,0.3,1,,,,,,,Medium,Low,Urban,Low,
37.3354207,-121.7845283,95148,0.39966291,0.983556375,0.028515739,0,0.3,1,,,,,,,Medium,Low,Urban,Low,
37.3354207,-121.7823999,95148,0.39966291,1.11487528,0.066844848,0,0.3,1,,,,,,,Medium,Low,Urban,Low,
37.33694709,-121.821422,95148,0.39966291,1.766331911,0.217355735,0,0.3,1,,,,,,,Medium,Low,Urban,Low,
37.33694709,-121.7976766,95148,0.39966291,0.528726177,0.124034432,0,0.3,1,,,,,,,Medium,Low,Urban,Low,
37.33694709,-121.7948807,95148,0.39966291,0.547183817,0.022222483,0,0.3,1,,,,,,,Medium,Low,Urban,Low,
37.33694709,-121.7911891,95148,0.39966291,0.66330689,0.02236358,0,0.3,1,,,,,,,Medium,Low,Urban,Low,
37.33694709,-121.7858281,95148,0.39966291,0.935851542,0.027380375,0,0.3,1,,,,,,,Medium,Low,Urban,Low,
37.33694709,-121.7801873,95148,0.39966291,1.27699121,0.103287536,0,0.3,1,,,,,,,Medium,Low,Urban,Low,
37.33694709,-121.7556071,95148,0.39966291,2.909785522,0.215984276,0,0.3,1,,,,,,,Medium,Low,Urban,Low,
37.33694709,-121.7531002,95148,0.39966291,3.080303517,0.240971085,0,0.3,1,,,,,,,Medium,Low,Urban,Low,
37.33694709,-121.7446179,95148,0.39966291,3.659148409,0.298264268,0,0.3,1,,,,,,,Medium,Low,Urban,Low,
37.33847727,-121.8028685,95148,0.39966291,0.708866178,0.129797009,0,0.3,1,,,,,,,Medium,Low,Urban,Low,
37.33847727,-121.7967296,95148,0.39966291,0.582853303,0.126674081,0,0.3,1,,,,,,,Medium,Low,Urban,Low,
37.33847727,-121.7908926,95148,0.39966291,0.72020925,0.085701523,0,0.3,1,,,,,,,Medium,Low,Urban,Low,
37.33847727,-121.7827299,95148,0.39966291,1.146561826,0.071329321,0,0.3,1,,,,,,,Medium,Low,Urban,Low,
37.33847727,-121.7790871,95148,0.39966291,1.369350691,0.061843157,0,0.3,1,,,,,,,Medium,Low,Urban,Low,
37.33847727,-121.7695841,95148,0.39966291,1.983380012,0.077676958,0,0.3,1,,,,,,,Medium,Low,Urban,Low,
37.33847727,-121.7574726,95148,0.39966291,2.794180229,0.198439713,0,0.3,1,,,,,,,Medium,Low,Urban,Low,
37.33847727,-121.7491081,95148,0.39966291,3.361608356,0.062648407,0,0.3,1,,,,,,,Medium,Low,Urban,Low,
37.33972225,-121.8202818,95148,0.39966291,1.725461803,0.125201108,0,0.3,1,,,,,,,Medium,Low,Urban,Low,
37.33972225,-121.8165579,95148,0.39966291,1.488734304,0.06776751,0,0.3,1,,,,,,,Medium,Low,Urban,Low,
37.33972225,-121.801164,95148,0.39966291,0.689982835,0.054507302,0,0.3,1,,,,,,,Medium,Low,Urban,Low,
37.34144029,-121.7819833,95148,0.39966291,1.247564842,0.155172353,0,0.3,1,,,,,,,Medium,Low,Urban,Low,
37.34144029,-121.767835,95148,0.39966291,2.131638286,0.16173782,0,0.3,1,,,,,,,Medium,Low,Urban,Low,
37.34144029,-121.7619859,95148,0.39966291,2.517418354,0.149522584,0,0.3,1,,,,,,,Medium,Low,Urban,Low,
37.34215097,-121.8046388,95148,0.39966291,0.888837301,0.042895145,0,0.3,1,,,,,,,Medium,Low,Urban,Low,
37.34215097,-121.8040607,95148,0.39966291,0.865782633,0.098977439,0,0.3,1,,,,,,,Medium,Low,Urban,Low,
37.34215097,-121.7854336,95148,0.39966291,1.074321985,0.231734311,0,0.3,1,,,,,,,Medium,Low,Urban,Low,
37.34215097,-121.7670641,95148,0.39966291,2.190419577,0.06480711,0,0.3,1,,,,,,,Medium,Low,Urban,Low,
37.34215097,-121.7563398,95148,0.39966291,2.90084388,0.104783692,0,0.3,1,,,,,,,Medium,Low,Urban,Low,
37.34449653,-121.8053276,95148,0.39966291,0.985927342,0.225401939,0,0.3,1,,,,,,,Medium,Low,Urban,Low,
37.34449653,-121.8013375,95148,0.39966291,0.855330384,0.236529332,0,0.3,1,,,,,,,Medium,Low,Urban,Low,
37.34449653,-121.7954964,95148,0.39966291,0.808549088,0.27054456,0,0.3,1,,,,,,,Medium,Low,Urban,Low,
37.34449653,-121.7815583,95148,0.39966291,1.335762546,0.21724511,0,0.3,1,,,,,,,Medium,Low,Urban,Low,
37.34449653,-121.7785088,95148,0.39966291,1.509615828,0.193827504,0,0.3,1,,,,,,,Medium,Low,Urban,Low,
37.34449653,-121.7647063,95148,0.39966291,2.372439931,0.076455062,0,0.3,1,,,,,,,Medium,Low,Urban,Low,
37.34449653,-121.755957,95148,0.39966291,2.948521213,0.065786811,0,0.3,1,,,,,,,Medium,Low,Urban,Low,
37.34449653,-121.7508049,95148,0.39966291,3.292531504,0.097300186,0,0.3,1,,,,,,,Medium,Low,Urban,Low,
37.34452043,-121.8184405,95148,0.39966291,1.683587656,0.162592758,0,0.3,1,,,,,,,Medium,Low,Urban,Low,
37.34452043,-121.8109349,95148,0.39966291,1.252322985,0.283421937,0,0.3,1,,,,,,,Medium,Low,Urban,Low,
37.34452043,-121.7836443,95148,0.39966291,1.224100141,0.126054077,0,0.3,1,,,,,,,Medium,Low,Urban,Low,
37.34667353,-121.814433,95148,0.39966291,1.491148072,0.05795242,0,0.3,1,,,,,,,Medium,Low,Urban,Low,
37.34667353,-121.806025,95148,0.39966291,1.078464203,0.072025451,0,0.3,1,,,,,,,Medium,Low,Urban,Low,
37.34667353,-121.7856067,95148,0.39966291,1.18239569,0.036276334,0,0.3,1,,,,,,,Medium,Low,Urban,Low,
37.34667353,-121.7849134,95148,0.39966291,1.214874698,0.064034006,0,0.3,1,,,,,,,Medium,Low,Urban,Low,
37.34667353,-121.7808314,95148,0.39966291,1.423873867,0.067790794,0,0.3,1,,,,,,,Medium,Low,Urban,Low,
37.34667353,-121.7739668,95148,0.39966291,1.820337331,0.162576451,0,0.3,1,,,,,,,Medium,Low,Urban,Low,
37.34902014,-121.8027369,95148,0.39966291,1.043957566,0.133922619,0,0.3,1,,,,,,,Medium,Low,Urban,Low,
37.34902014,-121.7847734,95148,0.39966291,1.284511357,0.077217025,0,0.3,1,,,,,,,Medium,Low,Urban,Low,
37.34902014,-121.7818095,95148,0.39966291,1.427771776,0.102235217,0,0.3,1,,,,,,,Medium,Low,Urban,Low,
37.34902014,-121.7693408,95148,0.39966291,2.142868638,0.098152926,0,0.3,1,,,,,,,Medium,Low,Urban,Low,
37.34902014,-121.7530609,95148,0.39966291,3.187518221,0.03378308,0,0.3,1,,,,,,,Medium,Low,Urban,Low,
37.34902014,-121.7332597,95148,0.39966291,4.510455231,0.243499117,0,0.3,1,,,,,,,Medium,Low,Urban,Low,
37.35085624,-121.8101805,95148,0.39966291,1.376377873,0.112743216,0,0.3,1,,,,,,,Medium,Low,Urban,Low,
37.35085624,-121.8005556,95148,0.39966291,1.061687299,0.129718223,0,0.3,1,,,,,,,Medium,Low,Urban,Low,
37.35085624,-121.8002762,95148,0.39966291,1.057412004,0.156513299,0,0.3,1,,,,,,,Medium,Low,Urban,Low,
37.35085624,-121.7955913,95148,0.39966291,1.037906336,0.21324632,0,0.3,1,,,,,,,Medium,Low,Urban,Low,
37.35085624,-121.7890036,95148,0.39966291,1.172319994,0.249537243,0,0.3,1,,,,,,,Medium,Low,Urban,Low,
37.35214756,-121.8155556,95148,0.39966291,1.675484266,0.259009966,0,0.3,1,,,,,,,Medium,Low,Urban,Low,
37.35214756,-121.8144258,95148,0.39966291,1.616592342,0.303841576,0,0.3,1,,,,,,,Medium,Low,Urban,Low,
37.35214756,-121.7911234,95148,0.39966291,1.154497027,0.081454717,0,0.3,1,,,,,,,Medium,Low,Urban,Low,
37.35214756,-121.7831903,95148,0.39966291,1.44222534,0.169796226,0,0.3,1,,,,,,,Medium,Low,Urban,Low,
37.35214756,-121.7717125,95148,0.39966291,2.05541626,0.285141939,0,0.3,1,,,,,,,Medium,Low,Urban,Low,
37.35214756,-121.7686452,95148,0.39966291,2.238503026,0.307411497,0,0.3,1,,,,,,,Medium,Low,Urban,Low,
37.35476489,-121.8117972,95148,0.39966291,1.557082942,0.09934079,0,0.3,1,,,,,,,Medium,Low,Urban,Low,
37.35476489,-121.8082957,95148,0.39966291,1.410295539,0.06785362,0,0.3,1,,,,,,,Medium,Low,Urban,Low,
37.35476489,-121.7896226,95148,0.39966291,1.281806735,0.024906409,0,0.3,1,,,,,,,Medium,Low,Urban,Low,
37.35476489,-121.7723006,95148,0.39966291,2.073420236,0.17576407,0,0.3,1,,,,,,,Medium,Low,Urban,Low,
37.35687459,-121.8164764,95148,0.39966291,1.837370676,0.127821365,0,0.3,1,,,,,,,Medium,Low,Urban,Low,
37.35687459,-121.811121,95148,0.39966291,1.586766035,0.145749138,0,0.3,1,,,,,,,Medium,Low,Urban,Low,
37.35687459,-121.8085071,95148,0.39966291,1.482718397,0.120024552,0,0.3,1,,,,,,,Medium,Low,Urban,Low,
37.35687459,-121.7975574,95148,0.39966291,1.252870955,0.073610961,0,0.3,1,,,,,,,Medium,Low,Urban,Low,
37.35687459,-121.7931227,95148,0.39966291,1.280925438,0.108332283,0,0.3,1,,,,,,,Medium,Low,Urban,Low,
37.3581442,-121.8073406,95148,0.39966291,1.481529159,0.025986509,0,0.3,1,,,,,,,Medium,Low,Urban,Low,
37.3581442,-121.7954849,95148,0.39966291,1.302857764,0.200117719,0,0.3,1,,,,,,,Medium,Low,Urban,Low,
37.3581442,-121.7929614,95148,0.39966291,1.328455178,0.231240882,0,0.3,1,,,,,,,Medium,Low,Urban,Low,
37.3581442,-121.7926419,95148,0.39966291,1.333288335,0.221914048,0,0.3,1,,,,,,,Medium,Low,Urban,Low,
37.3581442,-121.7684584,95148,0.39966291,2.362330688,0.034678578,0,0.3,1,,,,,,,Medium,Low,Urban,Low,
37.3581442,-121.7613528,95148,0.39966291,2.785585781,0.121912857,0,0.3,1,,,,,,,Medium,Low,Urban,Low,
37.35870644,-121.8096438,95148,0.39966291,1.581415935,0.180600075,0,0.3,1,,,,,,,Medium,Low,Urban,Low,
37.35870644,-121.8037325,95148,0.39966291,1.39822664,0.205760572,0,0.3,1,,,,,,,Medium,Low,Urban,Low,
37.35870644,-121.7897233,95148,0.39966291,1.412043968,0.246141686,0,0.3,1,,,,,,,Medium,Low,Urban,Low,
37.35870644,-121.7801428,95148,0.39966291,1.760528376,0.204239127,0,0.3,1,,,,,,,Medium,Low,Urban,Low,
37.3591481,-121.8018009,95148,0.39966291,1.375387525,0.114029909,0,0.3,1,,,,,,,Medium,Low,Urban,Low,
37.3591481,-121.7976156,95148,0.39966291,1.335730579,0.161489194,0,0.3,1,,,,,,,Medium,Low,Urban,Low,
37.36073365,-121.8104312,95148,0.39966291,1.673019817,0.07181435,0,0.3,1,,,,,,,Medium,Low,Urban,Low,
37.36073365,-121.8071332,95148,0.39966291,1.558364107,0.12717036,0,0.3,1,,,,,,,Medium,Low,Urban,Low,
37.36073365,-121.7800926,95148,0.39966291,1.81868612,0.105188681,0,0.3,1,,,,,,,Medium,Low,Urban,Low,
37.3623667,-121.8009909,95148,0.39966291,1.478005816,0.175425357,0,0.3,1,,,,,,,Medium,Low,Urban,Low,
37.3623667,-121.7949157,95148,0.39966291,1.459516871,0.203740501,0,0.3,1,,,,,,,Medium,Low,Urban,Low,
37.3623667,-121.785448,95148,0.39966291,1.657751388,0.162503701,0,0.3,1,,,,,,,Medium,Low,Urban,Low,
37.3623667,-121.7830965,95148,0.39966291,1.741929022,0.118442774,0,0.3,1,,,,,,,Medium,Low,Urban,Low,
37.3623667,-121.7764371,95148,0.39966291,2.032551887,0.117501411,0,0.3,1,,,,,,,Medium,Low,Urban,Low,
37.3623667,-121.7714425,95148,0.39966291,2.287333929,0.124333097,0,0.3,1,,,,,,,Medium,Low,Urban,Low,
37.3623667,-121.7707836,95148,0.39966291,2.322688014,0.096097839,0,0.3,1,,,,,,,Medium,Low,Urban,Low,
37.3623667,-121.7469581,95148,0.39966291,3.751462891,0.057536171,0,0.3,1,,,,,,,Medium,Low,Urban,Low,
37.36454465,-121.8111057,95148,0.39966291,1.814796781,0.07439704,0,0.3,1,,,,,,,Medium,Low,Urban,Low,
37.36454465,-121.8076502,95148,0.39966291,1.698705431,0.018955449,0,0.3,1,,,,,,,Medium,Low,Urban,Low,
37.36454465,-121.7941537,95148,0.39966291,1.544292205,0.177841682,0,0.3,1,,,,,,,Medium,Low,Urban,Low,
37.36454465,-121.7895184,95148,0.39966291,1.616827667,0.240074403,0,0.3,1,,,,,,,Medium,Low,Urban,Low,
37.36454465,-121.7849926,95148,0.39966291,1.742401904,0.207681677,0,0.3,1,,,,,,,Medium,Low,Urban,Low,
37.36454465,-121.7796374,95148,0.39966291,1.946212332,0.174211538,0,0.3,1,,,,,,,Medium,Low,Urban,Low,
37.36454465,-121.7781321,95148,0.39966291,2.012055474,0.165702018,0,0.3,1,,,,,,,Medium,Low,Urban,Low,
37.36454465,-121.7773066,95148,0.39966291,2.04950706,0.132332911,0,0.3,1,,,,,,,Medium,Low,Urban,Low,
37.36454465,-121.763479,95148,0.39966291,2.777738832,0.045165626,0,0.3,1,,,,,,,Medium,Low,Urban,Low,
37.36454465,-121.7628118,95148,0.39966291,2.816314457,0.026464207,0,0.3,1,,,,,,,Medium,Low,Urban,Low,
37.36454465,-121.7528174,95148,0.39966291,3.416561198,0.12643238,0,0.3,1,,,,,,,Medium,Low,Urban,Low,
37.36619785,-121.8128832,95148,0.39966291,1.932819694,0.19388435,0,0.3,1,,,,,,,Medium,Low,Urban,Low,
37.36619785,-121.8007917,95148,0.39966291,1.613002294,0.239230306,0,0.3,1,,,,,,,Medium,Low,Urban,Low,
37.36619785,-121.7949688,95148,0.39966291,1.59803392,0.301821278,0,0.3,1,,,,,,,Medium,Low,Urban,Low,
37.36619785,-121.7843774,95148,0.39966291,1.815580462,0.225392826,0,0.3,1,,,,,,,Medium,Low,Urban,Low,
37.36619785,-121.7799394,95148,0.39966291,1.981404624,0.213909165,0,0.3,1,,,,,,,Medium,Low,Urban,Low,
37.36619785,-121.7763583,95148,0.39966291,2.138021247,0.163988286,0,0.3,1,,,,,,,Medium,Low,Urban,Low,
37.36619785,-121.7697662,95148,0.39966291,2.465553963,0.100020206,0,0.3,1,,,,,,,Medium,Low,Urban,Low,
37.36619785,-121.7648539,95148,0.39966291,2.733564484,0.123938543,0,0.3,1,,,,,,,Medium,Low,Urban,Low,
37.36744695,-121.8070036,95148,0.39966291,1.77675969,0.236976125,0,0.3,1,,,,,,,Medium,Low,Urban,Low,
37.3689157,-121.8027233,95148,0.39966291,1.736115215,0.066085794,0,0.3,1,,,,,,,Medium,Low,Urban,Low,
37.3689157,-121.7981668,95148,0.39966291,1.692586689,0.124818741,0,0.3,1,,,,,,,Medium,Low,Urban,Low,
37.3689157,-121.7897988,95148,0.39966291,1.762705125,0.155009498,0,0.3,1,,,,,,,Medium,Low,Urban,Low,
37.3689157,-121.7752131,95148,0.39966291,2.264487847,0.07745298,0,0.3,1,,,,,,,Medium,Low,Urban,Low,
37.3689157,-121.7711039,95148,0.39966291,2.46251797,0.078063002,0,0.3,1,,,,,,,Medium,Low,Urban,Low,
37.3689157,-121.7657375,95148,0.39966291,2.743949727,0.104861282,0,0.3,1,,,,,,,Medium,Low,Urban,Low,
37.3704072,-121.8133378,95148,0.39966291,2.077804726,0.118757933,0,0.3,1,,,,,,,Medium,Low,Urban,Low,
37.3704072,-121.7892191,95148,0.39966291,1.826255312,0.174355936,0,0.3,1,,,,,,,Medium,Low,Urban,Low,
37.37090691,-121.8116472,95148,0.39966291,2.032548867,0.187154803,0,0.3,1,,,,,,,Medium,Low,Urban,Low,
37.37090691,-121.8068836,95148,0.39966291,1.890496449,0.171272007,0,0.3,1,,,,,,,Medium,Low,Urban,Low,
37.37090691,-121.7823564,95148,0.39966291,2.033397336,0.105436963,0,0.3,1,,,,,,,Medium,Low,Urban,Low,
37.37090691,-121.7776973,95148,0.39966291,2.211438644,0.104930825,0,0.3,1,,,,,,,Medium,Low,Urban,Low,
37.37090691,-121.7617175,95148,0.39966291,3.009519027,0.047085172,0,0.3,1,,,,,,,Medium,Low,Urban,Low,
37.37090691,-121.7554961,95148,0.39966291,3.3673286,0.063431459,0,0.3,1,,,,,,,Medium,Low,Urban,Low,
37.37090691,-121.7433552,95148,0.39966291,4.105602447,0.090098693,0,0.3,1,,,,,,,Medium,Low,Urban,Low,
37.37090691,-121.7376605,95148,0.39966291,4.46415655,0.085395764,0,0.3,1,,,,,,,Medium,Low,Urban,Low,
37.37236348,-121.7964991,95148,0.39966291,1.816589909,0.097046646,0,0.3,1,,,,,,,Medium,Low,Urban,Low,
37.37236348,-121.7861635,95148,0.39966291,1.964893416,0.219488745,0,0.3,1,,,,,,,Medium,Low,Urban,Low,
37.37236348,-121.7815341,95148,0.39966291,2.107787247,0.214777257,0,0.3,1,,,,,,,Medium,Low,Urban,Low,
37.37236348,-121.7751717,95148,0.39966291,2.361457683,0.212605848,0,0.3,1,,,,,,,Medium,Low,Urban,Low,
37.37236348,-121.7641542,95148,0.39966291,2.907562661,0.144269883,0,0.3,1,,,,,,,Medium,Low,Urban,Low,
37.37236348,-121.7565115,95148,0.39966291,3.336296095,0.080015395,0,0.3,1,,,,,,,Medium,Low,Urban,Low,
37.37236348,-121.7511349,95148,0.39966291,3.653533098,0.033659173,0,0.3,1,,,,,,,Medium,Low,Urban,Low,
37.37236348,-121.750465,95148,0.39966291,3.693768454,0.03892829,0,0.3,1,,,,,,,Medium,Low,Urban,Low,
37.37402157,-121.8108329,95148,0.39966291,2.105600418,0.149385413,0,0.3,1,,,,,,,Medium,Low,Urban,Low,
37.37402157,-121.8092027,95148,0.39966291,2.056966212,0.149723825,0,0.3,1,,,,,,,Medium,Low,Urban,Low,
37.37402157,-121.806609,95148,0.39966291,1.990307379,0.170843864,0,0.3,1,,,,,,,Medium,Low,Urban,Low,
37.37402157,-121.8009506,95148,0.39966291,1.896232234,0.219650328,0,0.3,1,,,,,,,Medium,Low,Urban,Low,
37.37402157,-121.7971714,95148,0.39966291,1.876642403,0.22613602,0,0.3,1,,,,,,,Medium,Low,Urban,Low,
37.37402157,-121.7933284,95148,0.39966291,1.893801333,0.232837791,0,0.3,1,,,,,,,Medium,Low,Urban,Low,
37.37402157,-121.7824329,95148,0.39966291,2.129931947,0.29898717,0,0.3,1,,,,,,,Medium,Low,Urban,Low,
37.37402157,-121.781575,95148,0.39966291,2.158602383,0.257764869,0,0.3,1,,,,,,,Medium,Low,Urban,Low,
37.37402157,-121.7733274,95148,0.39966291,2.490013169,0.18138414,0,0.3,1,,,,,,,Medium,Low,Urban,Low,
37.37402157,-121.7681892,95148,0.39966291,2.736481913,0.174096759,0,0.3,1,,,,,,,Medium,Low,Urban,Low,
37.37402157,-121.7650422,95148,0.39966291,2.898583517,0.162362588,0,0.3,1,,,,,,,Medium,Low,Urban,Low,
37.37402157,-121.7616831,95148,0.39966291,3.079147362,0.118675097,0,0.3,1,,,,,,,Medium,Low,Urban,Low,
37.37555722,-121.7962858,95148,0.39966291,1.933172518,0.157280772,0,0.3,1,,,,,,,Medium,Low,Urban,Low,
37.37555722,-121.7901181,95148,0.39966291,1.990368356,0.101101221,0,0.3,1,,,,,,,Medium,Low,Urban,Low,
37.37555722,-121.7882964,95148,0.39966291,2.024188082,0.090623593,0,0.3,1,,,,,,,Medium,Low,Urban,Low,
37.37731751,-121.8098929,95148,0.39966291,2.186018264,0.102783924,0,0.3,1,,,,,,,Medium,Low,Urban,Low,
37.37731751,-121.8016428,95148,0.39966291,2.022091984,0.060507536,0,0.3,1,,,,,,,Medium,Low,Urban,Low,
37.37731751,-121.7990155,95148,0.39966291,2.001405531,0.013733159,0,0.3,1,,,,,,,Medium,Low,Urban,Low,
37.37731751,-121.7890648,95148,0.39966291,2.070739612,0.107998676,0,0.3,1,,,,,,,Medium,Low,Urban,Low,
37.37731751,-121.7767926,95148,0.39966291,2.436859483,0.17507516,0,0.3,1,,,,,,,Medium,Low,Urban,Low,
37.37731751,-121.741894,95148,0.39966291,4.300121029,0.119142007,0,0.3,1,,,,,,,Medium,Low,Urban,Low,
37.37731751,-121.7340088,95148,0.39966291,4.789362996,0.041182342,0,0.3,1,,,,,,,Medium,Low,Urban,Low,
37.37991662,-121.8053562,95148,0.39966291,2.169293347,0.057001901,0,0.3,1,,,,,,,Medium,Low,Urban,Low,
37.37991662,-121.8006732,95148,0.39966291,2.106498324,0.083271376,0,0.3,1,,,,,,,Medium,Low,Urban,Low,
37.37991662,-121.7967402,95148,0.39966291,2.091322344,0.128237277,0,0.3,1,,,,,,,Medium,Low,Urban,Low,
37.37991662,-121.7904078,95148,0.39966291,2.140425431,0.137209364,0,0.3,1,,,,,,,Medium,Low,Urban,Low,
37.37991662,-121.7838696,95148,0.39966291,2.279855444,0.190070416,0,0.3,1,,,,,,,Medium,Low,Urban,Low,
37.37991662,-121.7742041,95148,0.39966291,2.618514329,0.220800963,0,0.3,1,,,,,,,Medium,Low,Urban,Low,
37.37991662,-121.7649387,95148,0.39966291,3.047011562,0.130758652,0,0.3,1,,,,,,,Medium,Low,Urban,Low,
37.38150858,-121.7997701,95148,0.39966291,2.157646884,0.190659536,0,0.3,1,,,,,,,Medium,Low,Urban,Low,
37.38150858,-121.7917932,95148,0.39966291,2.179215578,0.238201654,0,0.3,1,,,,,,,Medium,Low,Urban,Low,
37.38172833,-121.8104844,95148,0.39966291,2.349557131,0.270229135,0,0.3,1,,,,,,,Medium,Low,Urban,Low,
37.38172833,-121.7949437,95148,0.39966291,2.161918198,0.12255468,0,0.3,1,,,,,,,Medium,Low,Urban,Low,
37.38172833,-121.7907982,95148,0.39966291,2.199481465,0.119303349,0,0.3,1,,,,,,,Medium,Low,Urban,Low,
37.38172833,-121.7856418,95148,0.39966291,2.295757381,0.14517427,0,0.3,1,,,,,,,Medium,Low,Urban,Low,
37.38172833,-121.7805064,95148,0.39966291,2.440054438,0.209142112,0,0.3,1,,,,,,,Medium,Low,Urban,Low,
37.38172833,-121.7792378,95148,0.39966291,2.48222998,0.215769071,0,0.3,1,,,,,,,Medium,Low,Urban,Low,
37.38172833,-121.7731937,95148,0.39966291,2.713222772,0.262069056,0,0.3,1,,,,,,,Medium,Low,Urban,Low,
37.38172833,-121.7409185,95148,0.39966291,4.435652557,0.07211924,0,0.3,1,,,,,,,Medium,Low,Urban,Low,
37.38254026,-121.8085474,95148,0.39966291,2.327563587,0.116590152,0,0.3,1,,,,,,,Medium,Low,Urban,Low,
37.38254026,-121.7979991,95148,0.39966291,2.18783105,0.126571983,0,0.3,1,,,,,,,Medium,Low,Urban,Low,
37.38254026,-121.784646,95148,0.39966291,2.347700767,0.107303857,0,0.3,1,,,,,,,Medium,Low,Urban,Low,
37.38254026,-121.7785571,95148,0.39966291,2.531311912,0.114267418,0,0.3,1,,,,,,,Medium,Low,Urban,Low,
37.38427138,-121.8034138,95148,0.39966291,2.292911552,0.169449451,0,0.3,1,,,,,,,Medium,Low,Urban,Low,
37.38427138,-121.801073,95148,0.39966291,2.267251461,0.143620659,0,0.3,1,,,,,,,Medium,Low,Urban,Low,
37.38427138,-121.7972047,95148,0.39966291,2.249829625,0.130523671,0,0.3,1,,,,,,,Medium,Low,Urban,Low,
37.38427138,-121.7952689,95148,0.39966291,2.25299708,0.09487373,0,0.3,1,,,,,,,Medium,Low,Urban,Low,
37.38518162,-121.8087603,95148,0.39966291,2.423057034,0.112333962,0,0.3,1,,,,,,,Medium,Low,Urban,Low,
37.38518162,-121.8070171,95148,0.39966291,2.385390342,0.074915297,0,0.3,1,,,,,,,Medium,Low,Urban,Low,
37.38518162,-121.7779493,95148,0.39966291,2.635527293,0.011980294,0,0.3,1,,,,,,,Medium,Low,Urban,Low,
37.38518162,-121.773803,95148,0.39966291,2.789743895,0.011478896,0,0.3,1,,,,,,,Medium,Low,Urban,Low,
37.38518162,-121.7678116,95148,0.39966291,3.046580198,0.023667034,0,0.3,1,,,,,,,Medium,Low,Urban,Low,
37.38518162,-121.7621723,95148,0.39966291,3.31748286,0.115003376,0,0.3,1,,,,,,,Medium,Low,Urban,Low,
37.38518162,-121.7602657,95148,0.39966291,3.414274003,0.167941892,0,0.3,1,,,,,,,Medium,Low,Urban,Low,
37.38761416,-121.7991595,95148,0.39966291,2.376154073,0.153706666,0,0.3,1,,,,,,,Medium,Low,Urban,Low,
37.38761416,-121.784526,95148,0.39966291,2.523428866,0.117148616,0,0.3,1,,,,,,,Medium,Low,Urban,Low,
37.38761416,-121.7761014,95148,0.39966291,2.776793378,0.051405623,0,0.3,1,,,,,,,Medium,Low,Urban,Low,
37.38761416,-121.7751847,95148,0.39966291,2.810264908,0.049125967,0,0.3,1,,,,,,,Medium,Low,Urban,Low,
37.38761416,-121.7698015,95148,0.39966291,3.026166692,0.120630196,0,0.3,1,,,,,,,Medium,Low,Urban,Low,
37.39013772,-121.8048327,95148,0.39966291,2.522046184,0.209560526,0,0.3,1,,,,,,,Medium,Low,Urban,Low,
37.39013772,-121.7920653,95148,0.39966291,2.486909973,0.288334549,0,0.3,1,,,,,,,Medium,Low,Urban,Low,
37.39013772,-121.7903315,95148,0.39966291,2.506164779,0.28252086,0,0.3,1,,,,,,,Medium,Low,Urban,Low,
37.39013772,-121.7852668,95148,0.39966291,2.593472634,0.230367266,0,0.3,1,,,,,,,Medium,Low,Urban,Low,
37.39013772,-121.7769361,95148,0.39966291,2.826880173,0.149287816,0,0.3,1,,,,,,,Medium,Low,Urban,Low,
37.39013772,-121.7719089,95148,0.39966291,3.012529257,0.123479924,0,0.3,1,,,,,,,Medium,Low,Urban,Low,
37.39013772,-121.7684514,95148,0.39966291,3.15610232,0.185601603,0,0.3,1,,,,,,,Medium,Low,Urban,Low,
37.39013772,-121.7510702,95148,0.39966291,4.01777959,0.281647483,0,0.3,1,,,,,,,Medium,Low,Urban,Low,
37.39013772,-121.7465543,95148,0.39966291,4.268576287,0.324271755,0,0.3,1,,,,,,,Medium,Low,Urban,Low,
37.39216313,-121.8037348,95148,0.39966291,2.57938517,0.062540739,0,0.3,1,,,,,,,Medium,Low,Urban,Low,
37.39216313,-121.7893779,95148,0.39966291,2.591262604,0.157541278,0,0.3,1,,,,,,,Medium,Low,Urban,Low,
37.39216313,-121.7812019,95148,0.39966291,2.762102986,0.11063389,0,0.3,1,,,,,,,Medium,Low,Urban,Low,
37.39216313,-121.7608078,95148,0.39966291,3.562640744,0.06832996,0,0.3,1,,,,,,,Medium,Low,Urban,Low,
37.39216313,-121.759743,95148,0.39966291,3.614672681,0.037149756,0,0.3,1,,,,,,,Medium,Low,Urban,Low,
37.39468838,-121.8047489,95148,0.39966291,2.68298236,0.17051717,0,0.3,1,,,,,,,Medium,Low,Urban,Low,
37.39468838,-121.8005589,95148,0.39966291,2.640510958,0.165045485,0,0.3,1,,,,,,,Medium,Low,Urban,Low,
37.39468838,-121.780578,95148,0.39966291,2.863559628,0.093729039,0,0.3,1,,,,,,,Medium,Low,Urban,Low,
37.39468838,-121.763506,95148,0.39966291,3.502726881,0.041786384,0,0.3,1,,,,,,,Medium,Low,Urban,Low,
37.39468838,-121.7562486,95148,0.39966291,3.852521502,0.041188362,0,0.3,1,,,,,,,Medium,Low,Urban,Low,
37.39468838,-121.7558678,95148,0.39966291,3.871796325,0.06882742,0,0.3,1,,,,,,,Medium,Low,Urban,Low,
37.39468838,-121.7499443,95148,0.39966291,4.181514977,0.101320266,0,0.3,1,,,,,,,Medium,Low,Urban,Low,
37.39634043,-121.8042653,95148,0.39966291,2.735633519,0.10311748,0,0.3,1,,,,,,,Medium,Low,Urban,Low,
37.39634043,-121.8005084,95148,0.39966291,2.70009471,0.177228279,0,0.3,1,,,,,,,Medium,Low,Urban,Low,
37.39634043,-121.7896931,95148,0.39966291,2.736212788,0.234799613,0,0.3,1,,,,,,,Medium,Low,Urban,Low,
37.39634043,-121.7704559,95148,0.39966291,3.255204301,0.103224092,0,0.3,1,,,,,,,Medium,Low,Urban,Low,
37.39634043,-121.7535562,95148,0.39966291,4.030360078,0.075537953,0,0.3,1,,,,,,,Medium,Low,Urban,Low,
37.39634043,-121.7466741,95148,0.39966291,4.396027344,0.136783224,0,0.3,1,,,,,,,Medium,Low,Urban,Low,
37.39634043,-121.7377202,95148,0.39966291,4.900090675,0.225219518,0,0.3,1,,,,,,,Medium,Low,Urban,Low,
37.39902539,-121.8038554,95148,0.39966291,2.826921818,0.299506188,0,0.3,1,,,,,,,Medium,Low,Urban,Low,
37.39902539,-121.7986976,95148,0.39966291,2.789423295,0.280898503,0,0.3,1,,,,,,,Medium,Low,Urban,Low,
37.39902539,-121.7933418,95148,0.39966291,2.79839911,0.220017472,0,0.3,1,,,,,,,Medium,Low,Urban,Low,
37.39902539,-121.7722148,95148,0.39966291,3.271118148,0.209582136,0,0.3,1,,,,,,,Medium,Low,Urban,Low,
37.39902539,-121.7674179,95148,0.39966291,3.456210243,0.261401052,0,0.3,1,,,,,,,Medium,Low,Urban,Low,
37.39902539,-121.7648013,95148,0.39966291,3.566121163,0.29658892,0,0.3,1,,,,,,,Medium,Low,Urban,Low,
37.39908159,-121.7752936,95148,0.39966291,3.166732295,0.096085679,0,0.3,1,,,,,,,Medium,Low,Urban,Low,
37.39908159,-121.7650596,95148,0.39966291,3.556616127,0.148075485,0,0.3,1,,,,,,,Medium,Low,Urban,Low,
37.40095093,-121.7630842,95148,0.39966291,3.69520625,0.074338316,0,0.3,1,,,,,,,Medium,Low,Urban,Low,
37.40095093,-121.7562783,95148,0.39966291,4.009964506,0.168831418,0,0.3,1,,,,,,,Medium,Low,Urban,Low,
37.40095093,-121.7515827,95148,0.39966291,4.243929023,0.161567621,0,0.3,1,,,,,,,Medium,Low,Urban,Low,
37.40095093,-121.7446844,95148,0.39966291,4.607579714,0.119456343,0,0.3,1,,,,,,,Medium,Low,Urban,Low,
37.32058743,-121.9558107,95050,0.315346396,1.700070769,0.264044482,0,0.3,1,,,,,,,Low,Low,Urban,Low,
37.32058743,-121.9486032,95050,0.315346396,1.435474281,0.322732606,0,0.3,1,,,,,,,Low,Low,Urban,Low,
37.32194949,-121.9546622,95050,0.315346396,1.616376023,0.289855238,0,0.3,1,,,,,,,Low,Low,Urban,Low,
37.32194949,-121.9458444,95050,0.315346396,1.3191184,0.245721457,0,0.3,1,,,,,,,Low,Low,Urban,Low,
37.32645688,-121.9502965,95050,0.315346396,1.304559967,0.076504702,0,0.3,1,,,,,,,Low,Low,Urban,Low,
37.32645688,-121.9456782,95050,0.315346396,1.159669703,0.098026754,0,0.3,1,,,,,,,Low,Low,Urban,Low,
37.32645688,-121.945051,95050,0.315346396,1.145448655,0.092981264,0,0.3,1,,,,,,,Low,Low,Urban,Low,
37.32645688,-121.9366098,95050,0.315346396,1.111909526,0.12260408,0,0.3,1,,,,,,,Low,Low,Urban,Low,
37.3289879,-121.9526007,95050,0.315346396,1.327869591,0.140456621,0,0.3,1,,,,,,,Low,Low,Urban,Low,
37.3289879,-121.9505227,95050,0.315346396,1.237607733,0.103298244,0,0.3,1,,,,,,,Low,Low,Urban,Low,
37.3289879,-121.9466822,95050,0.315346396,1.101011088,0.067474685,0,0.3,1,,,,,,,Low,Low,Urban,Low,
37.3289879,-121.9415669,95050,0.315346396,1.002730391,0.108888207,0,0.3,1,,,,,,,Low,Low,Urban,Low,
37.3289879,-121.9366766,95050,0.315346396,1.020501041,0.043666075,0,0.3,1,,,,,,,Low,Low,Urban,Low,
37.33055368,-121.9512522,95050,0.315346396,1.223720303,0.006120904,0,0.3,1,,,,,,,Low,Low,Urban,Low,
37.33055368,-121.9432525,95050,0.315346396,0.967080473,0.037564068,0,0.3,1,,,,,,,Low,Low,Urban,Low,
37.33229121,-121.9577409,95050,0.315346396,1.357923165,0.061068571,0,0.3,1,,,,,,,Low,Low,Urban,Low,
37.33229121,-121.9541606,95050,0.315346396,1.264747568,0.125077037,0,0.3,1,,,,,,,Low,Low,Urban,Low,
37.33229121,-121.9521912,95050,0.315346396,1.208478519,0.110826162,0,0.3,1,,,,,,,Low,Low,Urban,Low,
37.33229121,-121.94726,95050,0.315346396,1.012559401,0.095719517,0,0.3,1,,,,,,,Low,Low,Urban,Low,
37.33229121,-121.9441917,95050,0.315346396,0.92431631,0.079661334,0,0.3,1,,,,,,,Low,Low,Urban,Low,
37.33229121,-121.937981,95050,0.315346396,0.885183535,0.051422715,0,0.3,1,,,,,,,Low,Low,Urban,Low,
37.33229121,-121.9360674,95050,0.315346396,0.914308104,0.054167087,0,0.3,1,,,,,,,Low,Low,Urban,Low,
37.33306415,-121.9365263,95050,0.315346396,0.87837648,0.203092819,0,0.3,1,,,,,,,Low,Low,Urban,Low,
37.3354207,-121.9472185,95050,0.315346396,0.913868023,0.083090852,0,0.3,1,,,,,,,Low,Low,Urban,Low,
37.3354207,-121.9422103,95050,0.315346396,0.777544847,0.040808192,0,0.3,1,,,,,,,Low,Low,Urban,Low,
37.33694709,-121.9553655,95050,0.315346396,1.161521138,0.120806078,0,0.3,1,,,,,,,Low,Low,Urban,Low,
37.33972225,-121.9582806,95050,0.315346396,1.09068414,0.268028284,0,0.3,1,,,,,,,Low,Low,Urban,Low,
37.34144029,-121.9419595,95050,0.315346396,0.559353057,0.096749217,0,0.3,1,,,,,,,Low,Low,Urban,Low,
37.34144029,-121.9357107,95050,0.315346396,0.613224673,0.133047248,0,0.3,1,,,,,,,Low,Low,Urban,Low,
37.34215097,-121.9618831,95050,0.315346396,1.063502164,0.080253307,0,0.3,1,,,,,,,Low,Low,Urban,Low,
37.34215097,-121.9547007,95050,0.315346396,0.98156495,0.058859033,0,0.3,1,,,,,,,Low,Low,Urban,Low,
37.34449653,-121.9624279,95050,0.315346396,0.998814282,0.045966188,0,0.3,1,,,,,,,Low,Low,Urban,Low,
37.34449653,-121.9349912,95050,0.315346396,0.546724991,0.109597863,0,0.3,1,,,,,,,Low,Low,Urban,Low,
37.34452043,-121.9333341,95050,0.315346396,0.623578956,0.152994494,0,0.3,1,,,,,,,Low,Low,Urban,Low,
37.34667353,-121.9486766,95050,0.315346396,0.631030312,0.207521652,0,0.3,1,,,,,,,Low,Low,Urban,Low,
37.34667353,-121.9331378,95050,0.315346396,0.583204235,0.073859759,0,0.3,1,,,,,,,Low,Low,Urban,Low,
37.34902014,-121.9621732,95050,0.315346396,0.842654215,0.030666361,0,0.3,1,,,,,,,Low,Low,Urban,Low,
37.34902014,-121.9498407,95050,0.315346396,0.584427888,0.111845617,0,0.3,1,,,,,,,Low,Low,Urban,Low,
37.34902014,-121.9492498,95050,0.315346396,0.565953083,0.078173446,0,0.3,1,,,,,,,Low,Low,Urban,Low,
37.34902014,-121.9356563,95050,0.315346396,0.394110846,0.073502982,0,0.3,1,,,,,,,Low,Low,Urban,Low,
37.35085624,-121.9656232,95050,0.315346396,0.927944387,0.127385678,0,0.3,1,,,,,,,Low,Low,Urban,Low,
37.35085624,-121.9564084,95050,0.315346396,0.675889036,0.210185564,0,0.3,1,,,,,,,Low,Low,Urban,Low,
37.35085624,-121.9524296,95050,0.315346396,0.640037103,0.330769035,0,0.3,1,,,,,,,Low,Low,Urban,Low,
37.35085624,-121.9389739,95050,0.315346396,0.206669925,0.280202528,0,0.3,1,,,,,,,Low,Low,Urban,Low,
37.35085624,-121.9381524,95050,0.315346396,0.230556025,0.275790783,0,0.3,1,,,,,,,Low,Low,Urban,Low,
37.35476489,-121.9336269,95050,0.315346396,0.43640607,0.069414089,0,0.3,1,,,,,,,Low,Low,Urban,Low,
37.35687459,-121.9610877,95050,0.315346396,0.558268838,0.072685352,0,0.3,1,,,,,,,Low,Low,Urban,Low,
37.35687459,-121.9539365,95050,0.315346396,0.487077929,0.06827334,0,0.3,1,,,,,,,Low,Low,Urban,Low,
37.35687459,-121.9424295,95050,0.315346396,0.176706638,0.137688983,0,0.3,1,,,,,,,Low,Low,Urban,Low,
37.35687459,-121.9350947,95050,0.315346396,0.332483135,0.090991088,0,0.3,1,,,,,,,Low,Low,Urban,Low,
37.3581442,-121.9587347,95050,0.315346396,0.439431816,0.103403486,0,0.3,1,,,,,,,Low,Low,Urban,Low,
37.3581442,-121.9564742,95050,0.315346396,0.409372062,0.051839779,0,0.3,1,,,,,,,Low,Low,Urban,Low,
37.3581442,-121.9506196,95050,0.315346396,0.37935712,0.022359797,0,0.3,1,,,,,,,Low,Low,Urban,Low,
37.3581442,-121.9491234,95050,0.315346396,0.292311589,0.024386005,0,0.3,1,,,,,,,Low,Low,Urban,Low,
37.35870644,-121.9507123,95050,0.315346396,0.375897019,0.083473797,0,0.3,1,,,,,,,Low,Low,Urban,Low,
37.35870644,-121.9364316,95050,0.315346396,0.255763442,0.189386859,0,0.3,1,,,,,,,Low,Low,Urban,Low,
37.35870644,-121.9309269,95050,0.315346396,0.626193323,0.174555912,0,0.3,1,,,,,,,Low,Low,Urban,Low,
37.3591481,-121.9601853,95050,0.315346396,0.454381783,0.167500496,0,0.3,1,,,,,,,Low,Low,Urban,Low,
37.3591481,-121.9548718,95050,0.315346396,0.387741273,0.069190841,0,0.3,1,,,,,,,Low,Low,Urban,Low,
37.3591481,-121.9544371,95050,0.315346396,0.397092328,0.066644127,0,0.3,1,,,,,,,Low,Low,Urban,Low,
37.3591481,-121.937676,95050,0.315346396,0.186643292,0.112979463,0,0.3,1,,,,,,,Low,Low,Urban,Low,
37.36073365,-121.9568128,95050,0.315346396,0.315809051,0.109271313,0,0.3,1,,,,,,,Low,Low,Urban,Low,
37.36073365,-121.9542557,95050,0.315346396,0.348463767,0.175501202,0,0.3,1,,,,,,,Low,Low,Urban,Low,
37.36073365,-121.9361879,95050,0.315346396,0.304357199,0.298198588,0,0.3,1,,,,,,,Low,Low,Urban,Low,
37.36073365,-121.9303984,95050,0.315346396,0.676447518,0.275707386,0,0.3,1,,,,,,,Low,Low,Urban,Low,
37.3623667,-121.9593528,95050,0.315346396,0.325548382,0.293947273,0,0.3,1,,,,,,,Low,Low,Urban,Low,
37.3623667,-121.9542248,95050,0.315346396,0.296741282,0.314679891,0,0.3,1,,,,,,,Low,Low,Urban,Low,
37.3623667,-121.9375517,95050,0.315346396,0.276470703,0.062106115,0,0.3,1,,,,,,,Low,Low,Urban,Low,
37.3623667,-121.9358327,95050,0.315346396,0.359165569,0.044074028,0,0.3,1,,,,,,,Low,Low,Urban,Low,
37.36454465,-121.9563577,95050,0.315346396,0.175339744,0.065521104,0,0.3,1,,,,,,,Low,Low,Urban,Low,
37.36454465,-121.9531205,95050,0.315346396,0.287733641,0.062288507,0,0.3,1,,,,,,,Low,Low,Urban,Low,
37.36454465,-121.9520333,95050,0.315346396,0.287537131,0.065251975,0,0.3,1,,,,,,,Low,Low,Urban,Low,
37.36454465,-121.9510254,95050,0.315346396,0.272437047,0.066182167,0,0.3,1,,,,,,,Low,Low,Urban,Low,
37.36454465,-121.9445491,95050,0.315346396,0.083423803,0.122989039,0,0.3,1,,,,,,,Low,Low,Urban,Low,
37.36454465,-121.9416494,95050,0.315346396,0.143730653,0.112579178,0,0.3,1,,,,,,,Low,Low,Urban,Low,
37.36454465,-121.932221,95050,0.315346396,0.611046386,0.049072561,0,0.3,1,,,,,,,Low,Low,Urban,Low,
37.36619785,-121.9586427,95050,0.315346396,0.191601643,0.026045359,0,0.3,1,,,,,,,Low,Low,Urban,Low,
37.36619785,-121.9553447,95050,0.315346396,0.136872514,0.043266938,0,0.3,1,,,,,,,Low,Low,Urban,Low,
37.36619785,-121.9548393,95050,0.315346396,0.158609193,0.065086811,0,0.3,1,,,,,,,Low,Low,Urban,Low,
37.36619785,-121.9542118,95050,0.315346396,0.191116469,0.085857795,0,0.3,1,,,,,,,Low,Low,Urban,Low,
37.36619785,-121.951149,95050,0.315346396,0.213546399,0.063953,0,0.3,1,,,,,,,Low,Low,Urban,Low,
37.36744695,-121.9577769,95050,0.315346396,0.116334412,0.030449101,0,0.3,1,,,,,,,Low,Low,Urban,Low,
37.36744695,-121.949871,95050,0.315346396,0.173653732,0.014308034,0,0.3,1,,,,,,,Low,Low,Urban,Low,
37.36744695,-121.9495667,95050,0.315346396,0.181284246,0.04694757,0,0.3,1,,,,,,,Low,Low,Urban,Low,
37.36744695,-121.949497,95050,0.315346396,0.183326998,0.092789583,0,0.3,1,,,,,,,Low,Low,Urban,Low,
37.36744695,-121.9453589,95050,0.315346396,0.093456678,0.09590706,0,0.3,1,,,,,,,Low,Low,Urban,Low,
37.36744695,-121.9452929,95050,0.315346396,0.090633617,0.091704781,0,0.3,1,,,,,,,Low,Low,Urban,Low,
37.36744695,-121.9402737,95050,0.315346396,0.278072831,0.099710518,0,0.3,1,,,,,,,Low,Low,Urban,Low,
37.36744695,-121.9343874,95050,0.315346396,0.559232724,0.083999245,0,0.3,1,,,,,,,Low,Low,Urban,Low,
37.3689157,-121.961374,95050,0.315346396,0.34245671,0.109367314,0,0.3,1,,,,,,,Low,Low,Urban,Low,
37.3689157,-121.9522422,95050,0.315346396,0.156503593,0.161912579,0,0.3,1,,,,,,,Low,Low,Urban,Low,
37.3689157,-121.9383951,95050,0.315346396,0.416520911,0.188407854,0,0.3,1,,,,,,,Low,Low,Urban,Low,
37.3704072,-121.9593916,95050,0.315346396,0.208827357,0.165730805,0,0.3,1,,,,,,,Low,Low,Urban,Low,
37.3704072,-121.9498593,95050,0.315346396,0.078885441,0.151110523,0,0.3,1,,,,,,,Low,Low,Urban,Low,
37.37236348,-121.9590656,95050,0.315346396,0.213522575,0.265542375,0,0.3,1,,,,,,,Low,Low,Urban,Low,
37.37236348,-121.9575727,95050,0.315346396,0.136231926,0.297170075,0,0.3,1,,,,,,,Low,Low,Urban,Low,
37.37236348,-121.9401818,95050,0.315346396,0.317226647,0.288805187,0,0.3,1,,,,,,,Low,Low,Urban,Low,
37.37402157,-121.9624565,95050,0.315346396,0.450734486,0.302679177,0,0.3,1,,,,,,,Low,Low,Urban,Low,
37.37402157,-121.9582762,95050,0.315346396,0.213882056,0.308306314,0,0.3,1,,,,,,,Low,Low,Urban,Low,
37.37402157,-121.958202,95050,0.315346396,0.210852168,0.314067608,0,0.3,1,,,,,,,Low,Low,Urban,Low,
37.37402157,-121.9470681,95050,0.315346396,0.244366811,0.332912948,0,0.3,1,,,,,,,Low,Low,Urban,Low,
37.37402157,-121.9439031,95050,0.315346396,0.173103126,0.034415189,0,0.3,1,,,,,,,Low,Low,Urban,Low,
37.37555722,-121.9373041,95050,0.315346396,0.545517662,0.051209267,0,0.3,1,,,,,,,Low,Low,Urban,Low,
37.37731751,-121.9376036,95050,0.315346396,0.557164169,0.05187706,0,0.3,1,,,,,,,Low,Low,Urban,Low,
37.37991662,-121.9433467,95050,0.315346396,0.391818155,0.058044522,0,0.3,1,,,,,,,Low,Low,Urban,Low,
37.38150858,-121.9407032,95050,0.315346396,0.513864039,0.061466538,0,0.3,1,,,,,,,Low,Low,Urban,Low,
37.38761416,-121.9431377,95050,0.315346396,0.67166224,0.021980068,0,0.3,1,,,,,,,Low,Low,Urban,Low,
37.38761416,-121.9410366,95050,0.315346396,0.706781423,0.018504311,0,0.3,1,,,,,,,Low,Low,Urban,Low,
37.39013772,-121.9414834,95050,0.315346396,0.785448322,0.071056085,0,0.3,1,,,,,,,Low,Low,Urban,Low,
37.3354207,-121.8767939,95133,0.222980091,1.276393339,0.052197685,0,0.3,1,,,,,,,Low,Low,Urban,Low,
37.3354207,-121.8699257,95133,0.222980091,1.011348794,0.068864256,0,0.3,1,,,,,,,Low,Low,Urban,Low,
37.33694709,-121.8777247,95133,0.222980091,1.282853632,0.077497446,0,0.3,1,,,,,,,Low,Low,Urban,Low,
37.33694709,-121.8723556,95133,0.222980091,1.041907626,0.078629783,0,0.3,1,,,,,,,Low,Low,Urban,Low,
37.33847727,-121.8714181,95133,0.222980091,0.960044545,0.171592377,0,0.3,1,,,,,,,Low,Low,Urban,Low,
37.33972225,-121.8779701,95133,0.222980091,1.229399387,0.290539282,0,0.3,1,,,,,,,Low,Low,Urban,Low,
37.34144029,-121.8768214,95133,0.222980091,1.128259384,0.311107478,0,0.3,1,,,,,,,Low,Low,Urban,Low,
37.34144029,-121.872314,95133,0.222980091,0.907244917,0.304722808,0,0.3,1,,,,,,,Low,Low,Urban,Low,
37.34144029,-121.8657952,95133,0.222980091,0.718081401,0.302780428,0,0.3,1,,,,,,,Low,Low,Urban,Low,
37.34449653,-121.8817486,95133,0.222980091,1.356851622,0.066638532,0,0.3,1,,,,,,,Low,Low,Urban,Low,
37.34449653,-121.8652275,95133,0.222980091,0.602076231,0.050544357,0,0.3,1,,,,,,,Low,Low,Urban,Low,
37.34449653,-121.8625972,95133,0.222980091,0.606306073,0.062122929,0,0.3,1,,,,,,,Low,Low,Urban,Low,
37.34452043,-121.8783616,95133,0.222980091,1.150866419,0.096062094,0,0.3,1,,,,,,,Low,Low,Urban,Low,
37.34452043,-121.8644803,95133,0.222980091,0.596816064,0.01002276,0,0.3,1,,,,,,,Low,Low,Urban,Low,
37.34452043,-121.8627051,95133,0.222980091,0.604199937,0.025205831,0,0.3,1,,,,,,,Low,Low,Urban,Low,
37.34667353,-121.8792144,95133,0.222980091,1.164663994,0.087876746,0,0.3,1,,,,,,,Low,Low,Urban,Low,
37.34667353,-121.876547,95133,0.222980091,1.00291879,0.077909632,0,0.3,1,,,,,,,Low,Low,Urban,Low,
37.35085624,-121.8724694,95133,0.222980091,0.682986106,0.114732611,0,0.3,1,,,,,,,Low,Low,Urban,Low,
37.35085624,-121.8617259,95133,0.222980091,0.400795611,0.107431454,0,0.3,1,,,,,,,Low,Low,Urban,Low,
37.35085624,-121.8602271,95133,0.222980091,0.453405801,0.110230814,0,0.3,1,,,,,,,Low,Low,Urban,Low,
37.35214756,-121.8830597,95133,0.222980091,1.347013556,0.158800454,0,0.3,1,,,,,,,Low,Low,Urban,Low,
37.35214756,-121.8681463,95133,0.222980091,0.422726995,0.137616151,0,0.3,1,,,,,,,Low,Low,Urban,Low,
37.35214756,-121.8655299,95133,0.222980091,0.332722929,0.118380207,0,0.3,1,,,,,,,Low,Low,Urban,Low,
37.35214756,-121.859705,95133,0.222980091,0.440556409,0.063808603,0,0.3,1,,,,,,,Low,Low,Urban,Low,
37.35476489,-121.8816682,95133,0.222980091,1.233021573,0.104004894,0,0.3,1,,,,,,,Low,Low,Urban,Low,
37.35476489,-121.8795128,95133,0.222980091,1.08686828,0.119427365,0,0.3,1,,,,,,,Low,Low,Urban,Low,
37.35476489,-121.8773236,95133,0.222980091,0.939317375,0.118024469,0,0.3,1,,,,,,,Low,Low,Urban,Low,
37.35476489,-121.8681805,95133,0.222980091,0.358322661,0.095572671,0,0.3,1,,,,,,,Low,Low,Urban,Low,
37.35476489,-121.8681192,95133,0.222980091,0.355013174,0.043003415,0,0.3,1,,,,,,,Low,Low,Urban,Low,
37.35687459,-121.8795412,95133,0.222980091,1.075691142,0.075080302,0,0.3,1,,,,,,,Low,Low,Urban,Low,
37.35687459,-121.8651661,95133,0.222980091,0.162688952,0.32772531,0,0.3,1,,,,,,,Low,Low,Urban,Low,
37.3581442,-121.88267,95133,0.222980091,1.285818729,0.308793215,0,0.3,1,,,,,,,Low,Low,Urban,Low,
37.35870644,-121.8667617,95133,0.222980091,0.199023601,0.012474733,0,0.3,1,,,,,,,Low,Low,Urban,Low,
37.3591481,-121.8764435,95133,0.222980091,0.854044511,0.030282016,0,0.3,1,,,,,,,Low,Low,Urban,Low,
37.3591481,-121.8701761,95133,0.222980091,0.423347236,0.055889727,0,0.3,1,,,,,,,Low,Low,Urban,Low,
37.3591481,-121.8692725,95133,0.222980091,0.361717714,0.065027107,0,0.3,1,,,,,,,Low,Low,Urban,Low,
37.3591481,-121.8656714,95133,0.222980091,0.124378851,0.111865659,0,0.3,1,,,,,,,Low,Low,Urban,Low,
37.3591481,-121.8605839,95133,0.222980091,0.25204681,0.062334342,0,0.3,1,,,,,,,Low,Low,Urban,Low,
37.36073365,-121.8756593,95133,0.222980091,0.797566861,0.013787801,0,0.3,1,,,,,,,Low,Low,Urban,Low,
37.36073365,-121.8660037,95133,0.222980091,0.130464387,0.075304692,0,0.3,1,,,,,,,Low,Low,Urban,Low,
37.36073365,-121.8595944,95133,0.222980091,0.312531824,0.012651805,0,0.3,1,,,,,,,Low,Low,Urban,Low,
37.36073365,-121.8592588,95133,0.222980091,0.335718349,0.019739834,0,0.3,1,,,,,,,Low,Low,Urban,Low,
37.3623667,-121.8645777,95133,0.222980091,0.06328828,0.05990946,0,0.3,1,,,,,,,Low,Low,Urban,Low,
37.3623667,-121.85649,95133,0.222980091,0.529830466,0.127026669,0,0.3,1,,,,,,,Low,Low,Urban,Low,
37.36454465,-121.8757539,95133,0.222980091,0.815204269,0.11468232,0,0.3,1,,,,,,,Low,Low,Urban,Low,
37.36454465,-121.8719768,95133,0.222980091,0.559424121,0.121640013,0,0.3,1,,,,,,,Low,Low,Urban,Low,
37.36454465,-121.8659517,95133,0.222980091,0.184574662,0.204142525,0,0.3,1,,,,,,,Low,Low,Urban,Low,
37.36619785,-121.8753367,95133,0.222980091,0.799281067,0.140553004,0,0.3,1,,,,,,,Low,Low,Urban,Low,
37.36619785,-121.8586767,95133,0.222980091,0.423210489,0.122643174,0,0.3,1,,,,,,,Low,Low,Urban,Low,
37.36619785,-121.8550303,95133,0.222980091,0.657274489,0.074175881,0,0.3,1,,,,,,,Low,Low,Urban,Low,
37.36744695,-121.8763131,95133,0.222980091,0.876249903,0.088193971,0,0.3,1,,,,,,,Low,Low,Urban,Low,
37.36744695,-121.8748188,95133,0.222980091,0.7774606,0.126710277,0,0.3,1,,,,,,,Low,Low,Urban,Low,
37.36744695,-121.8605147,95133,0.222980091,0.345761156,0.037773009,0,0.3,1,,,,,,,Low,Low,Urban,Low,
37.3689157,-121.873631,95133,0.222980091,0.719993573,0.038861104,0,0.3,1,,,,,,,Low,Low,Urban,Low,
37.3689157,-121.855788,95133,0.222980091,0.646048924,0.253003785,0,0.3,1,,,,,,,Low,Low,Urban,Low,
37.37090691,-121.8725506,95133,0.222980091,0.688289364,0.31485567,0,0.3,1,,,,,,,Low,Low,Urban,Low,
37.37090691,-121.8629555,95133,0.222980091,0.374900764,0.325823248,0,0.3,1,,,,,,,Low,Low,Urban,Low,
37.37402157,-121.8727343,95133,0.222980091,0.764750864,0.008687874,0,0.3,1,,,,,,,Low,Low,Urban,Low,
37.37402157,-121.8705318,95133,0.222980091,0.653263521,0.018364431,0,0.3,1,,,,,,,Low,Low,Urban,Low,
37.37402157,-121.8577741,95133,0.222980091,0.649830011,0.019100423,0,0.3,1,,,,,,,Low,Low,Urban,Low,
37.37555722,-121.8617862,95133,0.222980091,0.559507341,0.112349547,0,0.3,1,,,,,,,Low,Low,Urban,Low,
37.37555722,-121.8556866,95133,0.222980091,0.791445123,0.01327024,0,0.3,1,,,,,,,Low,Low,Urban,Low,
37.37731751,-121.8580687,95133,0.222980091,0.731204964,0.08345106,0,0.3,1,,,,,,,Low,Low,Urban,Low,
37.37991662,-121.8652187,95133,0.222980091,0.699033502,0.077013831,0,0.3,1,,,,,,,Low,Low,Urban,Low,
37.37991662,-121.8617831,95133,0.222980091,0.713309182,0.035242168,0,0.3,1,,,,,,,Low,Low,Urban,Low,
37.37991662,-121.8556282,95133,0.222980091,0.90926405,0.012949137,0,0.3,1,,,,,,,Low,Low,Urban,Low,
37.38150858,-121.8643882,95133,0.222980091,0.753170912,0.012947624,0,0.3,1,,,,,,,Low,Low,Urban,Low,
37.38150858,-121.8608924,95133,0.222980091,0.785176093,0.041078206,0,0.3,1,,,,,,,Low,Low,Urban,Low,
37.38150858,-121.8579579,95133,0.222980091,0.864826105,0.031943128,0,0.3,1,,,,,,,Low,Low,Urban,Low,
37.38172833,-121.8634931,95133,0.222980091,0.762163715,0.073409318,0,0.3,1,,,,,,,Low,Low,Urban,Low,
37.38172833,-121.856146,95133,0.222980091,0.939288944,0.049570239,0,0.3,1,,,,,,,Low,Low,Urban,Low,
37.38254026,-121.8564202,95133,0.222980091,0.952731957,0.098517781,0,0.3,1,,,,,,,Low,Low,Urban,Low,
37.38518162,-121.8639806,95133,0.222980091,0.886964755,0.157251197,0,0.3,1,,,,,,,Low,Low,Urban,Low,
37.39013772,-121.8569939,95133,0.222980091,1.175584729,0.082223148,0,0.3,1,,,,,,,Low,Low,Urban,Low,
37.39468838,-121.8589579,95133,0.222980091,1.284078582,0.110596589,0,0.3,1,,,,,,,Low,Low,Urban,Low,
37.33847727,-121.8223208,95116,0.452052389,1.782671124,0.312859854,0,0.3,1,,,,,,,Medium,Low,Urban,Low,
37.34144029,-121.8377054,95116,0.452052389,0.99116067,0.328300802,0,0.3,1,,,,,,,Medium,Low,Urban,Low,
37.34215097,-121.8230985,95116,0.452052389,1.664286947,0.025542781,0,0.3,1,,,,,,,Medium,Low,Urban,Low,
37.34449653,-121.8408143,95116,0.452052389,0.815968778,0.012112597,0,0.3,1,,,,,,,Medium,Low,Urban,Low,
37.34449653,-121.8346032,95116,0.452052389,1.006070669,0.022731292,0,0.3,1,,,,,,,Medium,Low,Urban,Low,
37.34452043,-121.8442926,95116,0.452052389,0.794582522,0.032762458,0,0.3,1,,,,,,,Medium,Low,Urban,Low,
37.34452043,-121.8407579,95116,0.452052389,0.816033468,0.068679607,0,0.3,1,,,,,,,Medium,Low,Urban,Low,
37.34452043,-121.831861,95116,0.452052389,1.131786908,0.028296907,0,0.3,1,,,,,,,Medium,Low,Urban,Low,
37.34452043,-121.8313526,95116,0.452052389,1.157115605,0.039874279,0,0.3,1,,,,,,,Medium,Low,Urban,Low,
37.34452043,-121.8274355,95116,0.452052389,1.366881672,0.077979265,0,0.3,1,,,,,,,Medium,Low,Urban,Low,
37.34452043,-121.8246236,95116,0.452052389,1.529304075,0.01583137,0,0.3,1,,,,,,,Medium,Low,Urban,Low,
37.34667353,-121.8461526,95116,0.452052389,0.736724982,0.038093836,0,0.3,1,,,,,,,Medium,Low,Urban,Low,
37.34667353,-121.8420931,95116,0.452052389,0.72147534,0.093518802,0,0.3,1,,,,,,,Medium,Low,Urban,Low,
37.34667353,-121.8290169,95116,0.452052389,1.232361266,0.040122384,0,0.3,1,,,,,,,Medium,Low,Urban,Low,
37.34667353,-121.8258956,95116,0.452052389,1.413636071,0.039257455,0,0.3,1,,,,,,,Medium,Low,Urban,Low,
37.34667353,-121.8227653,95116,0.452052389,1.604006292,0.047684849,0,0.3,1,,,,,,,Medium,Low,Urban,Low,
37.34902014,-121.8317871,95116,0.452052389,1.027647161,0.135066838,0,0.3,1,,,,,,,Medium,Low,Urban,Low,
37.35085624,-121.8433135,95116,0.452052389,0.562177397,0.196100906,0,0.3,1,,,,,,,Medium,Low,Urban,Low,
37.35085624,-121.831509,95116,0.452052389,1.003982679,0.112317841,0,0.3,1,,,,,,,Medium,Low,Urban,Low,
37.35085624,-121.830966,95116,0.452052389,1.035288049,0.126467914,0,0.3,1,,,,,,,Medium,Low,Urban,Low,
37.35214756,-121.8423206,95116,0.452052389,0.521824078,0.136343129,0,0.3,1,,,,,,,Medium,Low,Urban,Low,
37.35214756,-121.828949,95116,0.452052389,1.132669702,0.101922874,0,0.3,1,,,,,,,Medium,Low,Urban,Low,
37.35214756,-121.8243349,95116,0.452052389,1.424044518,0.07130551,0,0.3,1,,,,,,,Medium,Low,Urban,Low,
37.35214756,-121.8217591,95116,0.452052389,1.591287699,0.05751824,0,0.3,1,,,,,,,Medium,Low,Urban,Low,
37.35476489,-121.8478171,95116,0.452052389,0.512701239,0.057558739,0,0.3,1,,,,,,,Medium,Low,Urban,Low,
37.35476489,-121.8468671,95116,0.452052389,0.477979247,0.058818576,0,0.3,1,,,,,,,Medium,Low,Urban,Low,
37.35476489,-121.8280892,95116,0.452052389,1.147708961,0.312093084,0,0.3,1,,,,,,,Medium,Low,Urban,Low,
37.35687459,-121.8276113,95116,0.452052389,1.153387484,0.032554012,0,0.3,1,,,,,,,Medium,Low,Urban,Low,
37.35687459,-121.8250644,95116,0.452052389,1.322465392,0.042426056,0,0.3,1,,,,,,,Medium,Low,Urban,Low,
37.3581442,-121.8478441,95116,0.452052389,0.419266298,0.067545496,0,0.3,1,,,,,,,Medium,Low,Urban,Low,
37.3581442,-121.8454327,95116,0.452052389,0.323542638,0.104453859,0,0.3,1,,,,,,,Medium,Low,Urban,Low,
37.3581442,-121.8398238,95116,0.452052389,0.392519574,0.039004791,0,0.3,1,,,,,,,Medium,Low,Urban,Low,
37.3581442,-121.8238529,95116,0.452052389,1.392920833,0.059068047,0,0.3,1,,,,,,,Medium,Low,Urban,Low,
37.3581442,-121.8187621,95116,0.452052389,1.738245681,0.000791687,0,0.3,1,,,,,,,Medium,Low,Urban,Low,
37.35870644,-121.8403479,95116,0.452052389,0.35356658,0.052463149,0,0.3,1,,,,,,,Medium,Low,Urban,Low,
37.35870644,-121.8323701,95116,0.452052389,0.820276386,0.093505533,0,0.3,1,,,,,,,Medium,Low,Urban,Low,
37.3591481,-121.8275346,95116,0.452052389,1.136712825,0.171012965,0,0.3,1,,,,,,,Medium,Low,Urban,Low,
37.36073365,-121.8434334,95116,0.452052389,0.202011751,0.096706356,0,0.3,1,,,,,,,Medium,Low,Urban,Low,
37.36073365,-121.8428093,95116,0.452052389,0.208246836,0.101299498,0,0.3,1,,,,,,,Medium,Low,Urban,Low,
37.36073365,-121.8425327,95116,0.452052389,0.213752022,0.10472948,0,0.3,1,,,,,,,Medium,Low,Urban,Low,
37.36073365,-121.8270092,95116,0.452052389,1.160655969,0.103294747,0,0.3,1,,,,,,,Medium,Low,Urban,Low,
37.3623667,-121.8445271,95116,0.452052389,0.157498895,0.258035521,0,0.3,1,,,,,,,Medium,Low,Urban,Low,
37.36744695,-121.833446,95116,0.452052389,0.699526118,0.014873121,0,0.3,1,,,,,,,Medium,Low,Urban,Low,
37.36744695,-121.8318352,95116,0.452052389,0.810647823,0.043392461,0,0.3,1,,,,,,,Medium,Low,Urban,Low,
37.36744695,-121.830294,95116,0.452052389,0.917009171,0.017418196,0,0.3,1,,,,,,,Medium,Low,Urban,Low,
37.36744695,-121.8295087,95116,0.452052389,0.971215435,0.040066835,0,0.3,1,,,,,,,Medium,Low,Urban,Low,
37.3689157,-121.8502866,95116,0.452052389,0.475321679,0.064367326,0,0.3,1,,,,,,,Medium,Low,Urban,Low,
37.3689157,-121.8476784,95116,0.452052389,0.301077894,0.012507081,0,0.3,1,,,,,,,Medium,Low,Urban,Low,
37.3689157,-121.8369947,95116,0.452052389,0.463152713,0.048153052,0,0.3,1,,,,,,,Medium,Low,Urban,Low,
37.3689157,-121.8215264,95116,0.452052389,1.524876448,0.066754496,0,0.3,1,,,,,,,Medium,Low,Urban,Low,
37.3704072,-121.8474409,95116,0.452052389,0.308222691,0.013005196,0,0.3,1,,,,,,,Medium,Low,Urban,Low,
37.3704072,-121.8461521,95116,0.452052389,0.234638763,0.073389132,0,0.3,1,,,,,,,Medium,Low,Urban,Low,
37.3704072,-121.8373608,95116,0.452052389,0.453511745,0.152673662,0,0.3,1,,,,,,,Medium,Low,Urban,Low,
37.3704072,-121.8372611,95116,0.452052389,0.460014425,0.151983198,0,0.3,1,,,,,,,Medium,Low,Urban,Low,
37.3704072,-121.8225223,95116,0.452052389,1.46081241,0.146770713,0,0.3,1,,,,,,,Medium,Low,Urban,Low,
37.37090691,-121.8531762,95116,0.452052389,0.686246467,0.120494543,0,0.3,1,,,,,,,Medium,Low,Urban,Low,
37.37090691,-121.846322,95116,0.452052389,0.255422714,0.086338131,0,0.3,1,,,,,,,Medium,Low,Urban,Low,
37.37090691,-121.8376772,95116,0.452052389,0.439630802,0.12697324,0,0.3,1,,,,,,,Medium,Low,Urban,Low,
37.37090691,-121.8334419,95116,0.452052389,0.718648282,0.120251126,0,0.3,1,,,,,,,Medium,Low,Urban,Low,
37.37090691,-121.8274121,95116,0.452052389,1.127869897,0.1203786,0,0.3,1,,,,,,,Medium,Low,Urban,Low,
37.37236348,-121.8502744,95116,0.452052389,0.514971003,0.121656654,0,0.3,1,,,,,,,Medium,Low,Urban,Low,
37.37236348,-121.8462431,95116,0.452052389,0.289749216,0.100722797,0,0.3,1,,,,,,,Medium,Low,Urban,Low,
37.37236348,-121.8454207,95116,0.452052389,0.256980682,0.088386372,0,0.3,1,,,,,,,Medium,Low,Urban,Low,
37.37236348,-121.8424128,95116,0.452052389,0.235629167,0.174827263,0,0.3,1,,,,,,,Medium,Low,Urban,Low,
37.37555722,-121.8437265,95116,0.452052389,0.338777068,0.038510124,0,0.3,1,,,,,,,Medium,Low,Urban,Low,
37.37555722,-121.8432973,95116,0.452052389,0.339009643,0.019112719,0,0.3,1,,,,,,,Medium,Low,Urban,Low,
37.37555722,-121.834411,95116,0.452052389,0.716536106,0.04874166,0,0.3,1,,,,,,,Medium,Low,Urban,Low,
37.37555722,-121.8207025,95116,0.452052389,1.61462594,0.112575735,0,0.3,1,,,,,,,Medium,Low,Urban,Low,
37.37555722,-121.8134007,95116,0.452052389,2.110599678,0.012933589,0,0.3,1,,,,,,,Medium,Low,Urban,Low,
37.37731751,-121.8407838,95116,0.452052389,0.445793835,0.042669734,0,0.3,1,,,,,,,Medium,Low,Urban,Low,
37.37731751,-121.8342926,95116,0.452052389,0.755898354,0.046327232,0,0.3,1,,,,,,,Medium,Low,Urban,Low,
37.37991662,-121.8371819,95116,0.452052389,0.664158956,0.085700629,0,0.3,1,,,,,,,Medium,Low,Urban,Low,
37.37991662,-121.8307884,95116,0.452052389,1.012448134,0.112228775,0,0.3,1,,,,,,,Medium,Low,Urban,Low,
37.38150858,-121.8539939,95116,0.452052389,0.910714417,0.052224962,0,0.3,1,,,,,,,Medium,Low,Urban,Low,
37.38150858,-121.852678,95116,0.452052389,0.84049575,0.088765804,0,0.3,1,,,,,,,Medium,Low,Urban,Low,
37.38150858,-121.8470628,95116,0.452052389,0.60623977,0.131174862,0,0.3,1,,,,,,,Medium,Low,Urban,Low,
37.38172833,-121.8476429,95116,0.452052389,0.630522926,0.073271055,0,0.3,1,,,,,,,Medium,Low,Urban,Low,
37.38172833,-121.8189246,95116,0.452052389,1.792429999,0.12985221,0,0.3,1,,,,,,,Medium,Low,Urban,Low,
37.38254026,-121.8474364,95116,0.452052389,0.651101061,0.149121252,0,0.3,1,,,,,,,Medium,Low,Urban,Low,
37.38254026,-121.841659,95116,0.452052389,0.607349044,0.153307216,0,0.3,1,,,,,,,Medium,Low,Urban,Low,
37.38254026,-121.834487,95116,0.452052389,0.862521141,0.104301783,0,0.3,1,,,,,,,Medium,Low,Urban,Low,
37.38254026,-121.8215237,95116,0.452052389,1.633435107,0.270003866,0,0.3,1,,,,,,,Medium,Low,Urban,Low,
37.38427138,-121.8231254,95116,0.452052389,1.556368824,0.020833133,0,0.3,1,,,,,,,Medium,Low,Urban,Low,
37.38427138,-121.8154952,95116,0.452052389,2.046547636,0.04442164,0,0.3,1,,,,,,,Medium,Low,Urban,Low,
37.38427138,-121.8099917,95116,0.452052389,2.409832681,0.048535939,0,0.3,1,,,,,,,Medium,Low,Urban,Low,
37.38518162,-121.852537,95116,0.452052389,0.927892055,0.073120721,0,0.3,1,,,,,,,Medium,Low,Urban,Low,
37.38518162,-121.8390031,95116,0.452052389,0.757618742,0.007094138,0,0.3,1,,,,,,,Medium,Low,Urban,Low,
37.38518162,-121.8245865,95116,0.452052389,1.480591465,0.029698381,0,0.3,1,,,,,,,Medium,Low,Urban,Low,
37.38518162,-121.8238309,95116,0.452052389,1.526989577,0.038662332,0,0.3,1,,,,,,,Medium,Low,Urban,Low,
37.38518162,-121.8147406,95116,0.452052389,2.106618708,0.02919336,0,0.3,1,,,,,,,Medium,Low,Urban,Low,
37.38761416,-121.8501038,95116,0.452052389,0.900328605,0.032976319,0,0.3,1,,,,,,,Medium,Low,Urban,Low,
37.38761416,-121.8376463,95116,0.452052389,0.878519347,0.073820628,0,0.3,1,,,,,,,Medium,Low,Urban,Low,
37.38761416,-121.8191416,95116,0.452052389,1.857333222,0.141248722,0,0.3,1,,,,,,,Medium,Low,Urban,Low,
37.38761416,-121.8117924,95116,0.452052389,2.328174391,0.159583259,0,0.3,1,,,,,,,Medium,Low,Urban,Low,
37.39013772,-121.8529357,95116,0.452052389,1.085269536,0.182289834,0,0.3,1,,,,,,,Medium,Low,Urban,Low,
37.39013772,-121.8487042,95116,0.452052389,0.940210495,0.175031079,0,0.3,1,,,,,,,Medium,Low,Urban,Low,
37.39013772,-121.8361832,95116,0.452052389,1.008010417,0.088951372,0,0.3,1,,,,,,,Medium,Low,Urban,Low,
37.39013772,-121.8240337,95116,0.452052389,1.604783197,0.075389306,0,0.3,1,,,,,,,Medium,Low,Urban,Low,
37.39013772,-121.8228082,95116,0.452052389,1.676563815,0.109644127,0,0.3,1,,,,,,,Medium,Low,Urban,Low,
37.39013772,-121.822717,95116,0.452052389,1.681953597,0.133088362,0,0.3,1,,,,,,,Medium,Low,Urban,Low,
37.39216313,-121.8478485,95116,0.452052389,0.989609542,0.144582705,0,0.3,1,,,,,,,Medium,Low,Urban,Low,
37.39216313,-121.846438,95116,0.452052389,0.964833872,0.11198543,0,0.3,1,,,,,,,Medium,Low,Urban,Low,
37.39216313,-121.8387225,95116,0.452052389,1.001103919,0.135815578,0,0.3,1,,,,,,,Medium,Low,Urban,Low,
37.39634043,-121.8368852,95116,0.452052389,1.188958652,0.032752305,0,0.3,1,,,,,,,Medium,Low,Urban,Low,
37.39634043,-121.8342689,95116,0.452052389,1.269936776,0.054807627,0,0.3,1,,,,,,,Medium,Low,Urban,Low,
37.39634043,-121.8212875,95116,0.452052389,1.888766983,0.060510547,0,0.3,1,,,,,,,Medium,Low,Urban,Low,
37.39902539,-121.8550845,95116,0.452052389,1.435796698,0.099569518,0,0.3,1,,,,,,,Medium,Low,Urban,Low,
37.39902539,-121.8346224,95116,0.452052389,1.343929243,0.042909946,0,0.3,1,,,,,,,Medium,Low,Urban,Low,
37.39902539,-121.8317432,95116,0.452052389,1.446056248,0.055008428,0,0.3,1,,,,,,,Medium,Low,Urban,Low,
37.39902539,-121.8137531,95116,0.452052389,2.379906986,0.08676144,0,0.3,1,,,,,,,Medium,Low,Urban,Low,
37.39908159,-121.8505198,95116,0.452052389,1.289563534,0.065161478,0,0.3,1,,,,,,,Medium,Low,Urban,Low,
37.39908159,-121.8204199,95116,0.452052389,1.996091687,0.161082203,0,0.3,1,,,,,,,Medium,Low,Urban,Low,
37.39908159,-121.8202557,95116,0.452052389,2.005186228,0.187159348,0,0.3,1,,,,,,,Medium,Low,Urban,Low,
37.39908159,-121.8124851,95116,0.452052389,2.457085104,0.078302337,0,0.3,1,,,,,,,Medium,Low,Urban,Low,
37.39908159,-121.8075233,95116,0.452052389,2.761611954,0.064077233,0,0.3,1,,,,,,,Medium,Low,Urban,Low,
37.40095093,-121.8531797,95116,0.452052389,1.428843638,0.095330049,0,0.3,1,,,,,,,Medium,Low,Urban,Low,
37.40095093,-121.8495274,95116,0.452052389,1.330150634,0.137103818,0,0.3,1,,,,,,,Medium,Low,Urban,Low,
37.40095093,-121.8362889,95116,0.452052389,1.360122504,0.148719879,0,0.3,1,,,,,,,Medium,Low,Urban,Low,
37.40095093,-121.8222641,95116,0.452052389,1.939312949,0.223126198,0,0.3,1,,,,,,,Medium,Low,Urban,Low,
37.40095093,-121.8146364,95116,0.452052389,2.364068966,0.26527942,0,0.3,1,,,,,,,Medium,Low,Urban,Low,
37.35687459,-122.0139053,94086,0.401146459,0.669272405,0.170337984,0,0.3,1,,,,,,,Medium,Low,Urban,Low,
37.3581442,-122.0162167,94086,0.401146459,0.600047933,0.330352641,0,0.3,1,,,,,,,Medium,Low,Urban,Low,
37.3623667,-122.0112328,94086,0.401146459,0.571405497,0.048848414,0,0.3,1,,,,,,,Medium,Low,Urban,Low,
37.36454465,-122.0167829,94086,0.401146459,0.366297608,0.047041197,0,0.3,1,,,,,,,Medium,Low,Urban,Low,
37.36619785,-122.0156772,94086,0.401146459,0.309115159,2.34e-05,0,0.3,1,,,,,,,Medium,Low,Urban,Low,
37.36744695,-122.02014,94086,0.401146459,0.365123879,0.030163089,0,0.3,1,,,,,,,Medium,Low,Urban,Low,
37.36744695,-122.0141538,94086,0.401146459,0.302634178,0.08148225,0,0.3,1,,,,,,,Medium,Low,Urban,Low,
37.3689157,-122.0187236,94086,0.401146459,0.259903963,0.096063075,0,0.3,1,,,,,,,Medium,Low,Urban,Low,
37.3689157,-122.0166803,94086,0.401146459,0.206103072,0.036697531,0,0.3,1,,,,,,,Medium,Low,Urban,Low,
37.3689157,-122.0113636,94086,0.401146459,0.405057268,0.009184092,0,0.3,1,,,,,,,Medium,Low,Urban,Low,
37.37090691,-122.0193432,94086,0.401146459,0.241657754,0.063920874,0,0.3,1,,,,,,,Medium,Low,Urban,Low,
37.37090691,-122.0168917,94086,0.401146459,0.136357402,0.01994189,0,0.3,1,,,,,,,Medium,Low,Urban,Low,
37.37236348,-122.0199513,94086,0.401146459,0.256664985,0.027487288,0,0.3,1,,,,,,,Medium,Low,Urban,Low,
37.37236348,-122.0153387,94086,0.401146459,0.108593938,0.060217774,0,0.3,1,,,,,,,Medium,Low,Urban,Low,
37.37731751,-122.0197357,94086,0.401146459,0.19541488,0.020805124,0,0.3,1,,,,,,,Medium,Low,Urban,Low,
37.37991662,-122.0183946,94086,0.401146459,0.199148439,0.097435842,0,0.3,1,,,,,,,Medium,Low,Urban,Low,
37.38150858,-122.0157625,94086,0.401146459,0.118225506,0.115724586,0,0.3,1,,,,,,,Medium,Low,Urban,Low,
37.38518162,-122.0173489,94086,0.401146459,0.278610506,0.048172716,0,0.3,1,,,,,,,Medium,Low,Urban,Low,
37.3591481,-121.8848881,95131,0.250754942,1.320844133,0.085898848,0,0.3,1,,,,,,,Low,Low,Urban,Low,
37.36073365,-121.8850482,95131,0.250754942,1.271589647,0.152984145,0,0.3,1,,,,,,,Low,Low,Urban,Low,
37.3623667,-121.8853466,95131,0.250754942,1.225647318,0.15304781,0,0.3,1,,,,,,,Low,Low,Urban,Low,
37.3623667,-121.8833994,95131,0.250754942,1.174768873,0.157639037,0,0.3,1,,,,,,,Low,Low,Urban,Low,
37.36454465,-121.9261933,95131,0.250754942,0.637854958,0.167975894,0,0.3,1,,,,,,,Low,Low,Urban,Low,
37.36619785,-121.9309049,95131,0.250754942,0.631334222,0.160103177,0,0.3,1,,,,,,,Low,Low,Urban,Low,
37.36619785,-121.8882417,95131,0.250754942,1.208308218,0.155156586,0,0.3,1,,,,,,,Low,Low,Urban,Low,
37.36619785,-121.8819471,95131,0.250754942,1.010889847,0.191472305,0,0.3,1,,,,,,,Low,Low,Urban,Low,
37.36619785,-121.8783879,95131,0.250754942,0.970372676,0.256346924,0,0.3,1,,,,,,,Low,Low,Urban,Low,
37.36744695,-121.9283086,95131,0.250754942,0.535100274,0.264426412,0,0.3,1,,,,,,,Low,Low,Urban,Low,
37.3704072,-121.9207217,95131,0.250754942,0.609640523,0.03266135,0,0.3,1,,,,,,,Low,Low,Urban,Low,
37.3704072,-121.8914274,95131,0.250754942,1.245621273,0.049499875,0,0.3,1,,,,,,,Low,Low,Urban,Low,
37.3704072,-121.8902307,95131,0.250754942,1.18438122,0.066953192,0,0.3,1,,,,,,,Low,Low,Urban,Low,
37.3704072,-121.8886451,95131,0.250754942,1.107541233,0.075277953,0,0.3,1,,,,,,,Low,Low,Urban,Low,
37.3704072,-121.881937,95131,0.250754942,0.864414396,0.106080957,0,0.3,1,,,,,,,Low,Low,Urban,Low,
37.37090691,-121.9240396,95131,0.250754942,0.454749369,0.037311435,0,0.3,1,,,,,,,Low,Low,Urban,Low,
37.37090691,-121.8911556,95131,0.250754942,1.219482381,0.055640581,0,0.3,1,,,,,,,Low,Low,Urban,Low,
37.37236348,-121.8902267,95131,0.250754942,1.136154848,0.121600302,0,0.3,1,,,,,,,Low,Low,Urban,Low,
37.37236348,-121.8864275,95131,0.250754942,0.953511253,0.128235065,0,0.3,1,,,,,,,Low,Low,Urban,Low,
37.37402157,-121.9278695,95131,0.250754942,0.293134048,0.141661389,0,0.3,1,,,,,,,Low,Low,Urban,Low,
37.37402157,-121.9228303,95131,0.250754942,0.413090678,0.114407725,0,0.3,1,,,,,,,Low,Low,Urban,Low,
37.37402157,-121.8836503,95131,0.250754942,0.794315922,0.14352583,0,0.3,1,,,,,,,Low,Low,Urban,Low,
37.37402157,-121.8773285,95131,0.250754942,0.684840102,0.080109587,0,0.3,1,,,,,,,Low,Low,Urban,Low,
37.37555722,-121.9201213,95131,0.250754942,0.535900133,0.061271723,0,0.3,1,,,,,,,Low,Low,Urban,Low,
37.37555722,-121.8968439,95131,0.250754942,1.194332865,0.14290926,0,0.3,1,,,,,,,Low,Low,Urban,Low,
37.37555722,-121.8751925,95131,0.250754942,0.653474988,0.188846043,0,0.3,1,,,,,,,Low,Low,Urban,Low,
37.37731751,-121.9167809,95131,0.250754942,0.733255453,0.240282728,0,0.3,1,,,,,,,Low,Low,Urban,Low,
37.37991662,-121.9155627,95131,0.250754942,0.801269172,0.044198396,0,0.3,1,,,,,,,Low,Low,Urban,Low,
37.37991662,-121.892488,95131,0.250754942,1.117519799,0.081920151,0,0.3,1,,,,,,,Low,Low,Urban,Low,
37.37991662,-121.8880908,95131,0.250754942,0.851327657,0.092740343,0,0.3,1,,,,,,,Low,Low,Urban,Low,
37.37991662,-121.8796736,95131,0.250754942,0.486327496,0.065874876,0,0.3,1,,,,,,,Low,Low,Urban,Low,
37.38150858,-121.9356735,95131,0.250754942,0.591854345,0.058843782,0,0.3,1,,,,,,,Low,Low,Urban,Low,
37.38150858,-121.9226529,95131,0.250754942,0.308379338,0.112875207,0,0.3,1,,,,,,,Low,Low,Urban,Low,
37.38150858,-121.9196139,95131,0.250754942,0.518222597,0.111985379,0,0.3,1,,,,,,,Low,Low,Urban,Low,
37.38150858,-121.9166742,95131,0.250754942,0.721289106,0.055168262,0,0.3,1,,,,,,,Low,Low,Urban,Low,
37.38150858,-121.9030427,95131,0.250754942,0.825303949,0.088319565,0,0.3,1,,,,,,,Low,Low,Urban,Low,
37.38150858,-121.8970959,95131,0.250754942,1.004595604,0.095276513,0,0.3,1,,,,,,,Low,Low,Urban,Low,
37.38150858,-121.8870144,95131,0.250754942,0.757281294,0.138017583,0,0.3,1,,,,,,,Low,Low,Urban,Low,
37.38150858,-121.8722737,95131,0.250754942,0.561255902,0.077037537,0,0.3,1,,,,,,,Low,Low,Urban,Low,
37.38150858,-121.870866,95131,0.250754942,0.63155296,0.184791576,0,0.3,1,,,,,,,Low,Low,Urban,Low,
37.38172833,-121.9333677,95131,0.250754942,0.432396866,0.203234887,0,0.3,1,,,,,,,Low,Low,Urban,Low,
37.38172833,-121.9197724,95131,0.250754942,0.507104218,0.150049678,0,0.3,1,,,,,,,Low,Low,Urban,Low,
37.38172833,-121.9087774,95131,0.250754942,0.819616493,0.174054506,0,0.3,1,,,,,,,Low,Low,Urban,Low,
37.38172833,-121.8982244,95131,0.250754942,0.952986199,0.255964417,0,0.3,1,,,,,,,Low,Low,Urban,Low,
37.38427138,-121.9320113,95131,0.250754942,0.349405813,0.057247876,0,0.3,1,,,,,,,Low,Low,Urban,Low,
37.38427138,-121.9274966,95131,0.250754942,0.0901734,0.066817441,0,0.3,1,,,,,,,Low,Low,Urban,Low,
37.38427138,-121.9183997,95131,0.250754942,0.608040182,0.096263818,0,0.3,1,,,,,,,Low,Low,Urban,Low,
37.38427138,-121.9013212,95131,0.250754942,0.767910189,0.096468315,0,0.3,1,,,,,,,Low,Low,Urban,Low,
37.38518162,-121.9312254,95131,0.250754942,0.308372982,0.142286639,0,0.3,1,,,,,,,Low,Low,Urban,Low,
37.38518162,-121.9101886,95131,0.250754942,0.732345344,0.090043927,0,0.3,1,,,,,,,Low,Low,Urban,Low,
37.38518162,-121.8915606,95131,0.250754942,0.989759573,0.070540824,0,0.3,1,,,,,,,Low,Low,Urban,Low,
37.38518162,-121.8902733,95131,0.250754942,0.904701561,0.074627813,0,0.3,1,,,,,,,Low,Low,Urban,Low,
37.38761416,-121.9108206,95131,0.250754942,0.673505404,0.201242579,0,0.3,1,,,,,,,Low,Low,Urban,Low,
37.38761416,-121.9065594,95131,0.250754942,0.581344157,0.170850288,0,0.3,1,,,,,,,Low,Low,Urban,Low,
37.38761416,-121.8895479,95131,0.250754942,0.832693248,0.168969781,0,0.3,1,,,,,,,Low,Low,Urban,Low,
37.38761416,-121.8840186,95131,0.250754942,0.468512503,0.17285185,0,0.3,1,,,,,,,Low,Low,Urban,Low,
37.38761416,-121.8813045,95131,0.250754942,0.306138049,0.225893378,0,0.3,1,,,,,,,Low,Low,Urban,Low,
37.38761416,-121.8770435,95131,0.250754942,0.195316555,0.233401718,0,0.3,1,,,,,,,Low,Low,Urban,Low,
37.38761416,-121.8689019,95131,0.250754942,0.643489056,0.330610947,0,0.3,1,,,,,,,Low,Low,Urban,Low,
37.39216313,-121.9040519,95131,0.250754942,0.43137763,0.111617026,0,0.3,1,,,,,,,Low,Low,Urban,Low,
37.39216313,-121.9037854,95131,0.250754942,0.43703229,0.11190418,0,0.3,1,,,,,,,Low,Low,Urban,Low,
37.39216313,-121.8885781,95131,0.250754942,0.744493473,0.088911534,0,0.3,1,,,,,,,Low,Low,Urban,Low,
37.39216313,-121.8786623,95131,0.250754942,0.062989831,0.084918272,0,0.3,1,,,,,,,Low,Low,Urban,Low,
37.39216313,-121.8631248,95131,0.250754942,1.014833574,0.028838177,0,0.3,1,,,,,,,Low,Low,Urban,Low,
37.39468838,-121.9348012,95131,0.250754942,0.707335838,0.097846158,0,0.3,1,,,,,,,Low,Low,Urban,Low,
37.39468838,-121.9186,95131,0.250754942,0.750779207,0.165488599,0,0.3,1,,,,,,,Low,Low,Urban,Low,
37.39468838,-121.9169809,95131,0.250754942,0.833478877,0.151106552,0,0.3,1,,,,,,,Low,Low,Urban,Low,
37.39468838,-121.9075748,95131,0.250754942,0.342363673,0.089034042,0,0.3,1,,,,,,,Low,Low,Urban,Low,
37.39468838,-121.8976109,95131,0.250754942,0.65343007,0.129261812,0,0.3,1,,,,,,,Low,Low,Urban,Low,
37.39468838,-121.8705717,95131,0.250754942,0.504922142,0.112310019,0,0.3,1,,,,,,,Low,Low,Urban,Low,
37.39634043,-121.9304309,95131,0.250754942,0.574942126,0.13262138,0,0.3,1,,,,,,,Low,Low,Urban,Low,
37.39634043,-121.922565,95131,0.250754942,0.613613517,0.07247286,0,0.3,1,,,,,,,Low,Low,Urban,Low,
37.39634043,-121.9205373,95131,0.250754942,0.69581036,0.086449743,0,0.3,1,,,,,,,Low,Low,Urban,Low,
37.39634043,-121.8961951,95131,0.250754942,0.716125224,0.183947095,0,0.3,1,,,,,,,Low,Low,Urban,Low,
37.39634043,-121.8833279,95131,0.250754942,0.40306988,0.210244467,0,0.3,1,,,,,,,Low,Low,Urban,Low,
37.39634043,-121.8784803,95131,0.250754942,0.138419557,0.262610043,0,0.3,1,,,,,,,Low,Low,Urban,Low,
37.39908159,-121.8738409,95131,0.250754942,0.358108196,0.017311565,0,0.3,1,,,,,,,Low,Low,Urban,Low,
37.39908159,-121.8598866,95131,0.250754942,1.259591387,0.135869366,0,0.3,1,,,,,,,Low,Low,Urban,Low,
37.39908159,-121.8578612,95131,0.250754942,1.397414481,0.095369628,0,0.3,1,,,,,,,Low,Low,Urban,Low,
37.40095093,-121.9095679,95131,0.250754942,0.273023411,0.051762068,0,0.3,1,,,,,,,Low,Low,Urban,Low,
37.40095093,-121.9026042,95131,0.250754942,0.242412742,0.05156057,0,0.3,1,,,,,,,Low,Low,Urban,Low,
37.40095093,-121.8972155,95131,0.250754942,0.6036223,0.083951535,0,0.3,1,,,,,,,Low,Low,Urban,Low,
37.40095093,-121.8849433,95131,0.250754942,0.576423134,0.129251572,0,0.3,1,,,,,,,Low,Low,Urban,Low,
37.40095093,-121.8765472,95131,0.250754942,0.311087933,0.164911057,0,0.3,1,,,,,,,Low,Low,Urban,Low,
37.2795579,-121.9033248,95118,0.280311809,1.167292316,0.355278237,0,1,1,,,,,,,Low,Medium,Urban,High,
37.32194949,-121.8124178,95148,0.39966291,1.063896955,0.437774925,0,1,1,,,,,,,Medium,Medium,Urban,High,
37.3591481,-121.7942987,95148,0.39966291,1.348249909,0.343260531,0,1,1,,,,,,,Medium,Medium,Urban,High,
37.3591481,-121.7892631,95148,0.39966291,1.438611961,0.472474493,0,1,1,,,,,,,Medium,Medium,Urban,High,
37.3591481,-121.7789094,95148,0.39966291,1.82979014,0.635707712,0,1,1,,,,,,,Medium,Medium,Urban,High,
37.36744695,-121.7869448,95148,0.39966291,1.778978896,0.485087362,0,1,1,,,,,,,Medium,Medium,Urban,High,
37.36744695,-121.7837336,95148,0.39966291,1.876912381,0.583895879,0,1,1,,,,,,,Medium,Medium,Urban,High,
37.39216313,-121.8059749,95148,0.39966291,2.611734174,0.562855906,0,1,1,,,,,,,Medium,Medium,Urban,High,
37.39902539,-121.7586496,95148,0.39966291,3.845692556,0.387955677,0,1,1,,,,,,,Medium,Medium,Urban,High,
37.32454467,-121.9394019,95050,0.315346396,1.158939728,0.360125779,0,1,1,,,,,,,Low,Medium,Urban,High,
37.33972225,-121.952793,95050,0.315346396,0.980739115,0.402984546,0,1,1,,,,,,,Low,Medium,Urban,High,
37.33972225,-121.952347,95050,0.315346396,0.965877895,0.426023832,0,1,1,,,,,,,Low,Medium,Urban,High,
37.33972225,-121.9479165,95050,0.315346396,0.819573511,0.517876981,0,1,1,,,,,,,Low,Medium,Urban,High,
37.33972225,-121.9412672,95050,0.315346396,0.611053536,0.6517828,0,1,1,,,,,,,Low,Medium,Urban,High,
37.35476489,-121.9629939,95050,0.315346396,0.700166604,0.482224356,0,1,1,,,,,,,Low,Medium,Urban,High,
37.35476489,-121.9562852,95050,0.315346396,0.533027167,0.488941683,0,1,1,,,,,,,Low,Medium,Urban,High,
37.35476489,-121.9431323,95050,0.315346396,0.230086088,0.593465036,0,1,1,,,,,,,Low,Medium,Urban,High,
37.3623667,-121.9399711,95050,0.315346396,0.224186155,0.474532101,0,1,1,,,,,,,Low,Medium,Urban,High,
37.37236348,-121.9518056,95050,0.315346396,0.081122385,0.33795931,0,1,1,,,,,,,Low,Medium,Urban,High,
37.34144029,-121.8794805,95133,0.222980091,1.276461511,0.335894751,0,1,1,,,,,,,Low,Medium,Urban,High,
37.35687459,-121.8764489,95133,0.222980091,0.86447235,0.352461462,0,1,1,,,,,,,Low,Medium,Urban,High,
37.35687459,-121.8704219,95133,0.222980091,0.459363535,0.336056288,0,1,1,,,,,,,Low,Medium,Urban,High,
37.3581442,-121.8635975,95133,0.222980091,0.105613369,0.431205117,0,1,1,,,,,,,Low,Medium,Urban,High,
37.35870644,-121.8794146,95133,0.222980091,1.05997002,0.522585163,0,1,1,,,,,,,Low,Medium,Urban,High,
37.35870644,-121.8778969,95133,0.222980091,0.955422781,0.584891968,0,1,1,,,,,,,Low,Medium,Urban,High,
37.3704072,-121.8650072,95133,0.222980091,0.353389019,0.346224036,0,1,1,,,,,,,Low,Medium,Urban,High,
37.37090691,-121.8613531,95133,0.222980091,0.413006979,0.365563021,0,1,1,,,,,,,Low,Medium,Urban,High,
37.37236348,-121.8597914,95133,0.222980091,0.514938731,0.641736238,0,1,1,,,,,,,Low,Medium,Urban,High,
37.33972225,-121.830019,95116,0.452052389,1.345585461,0.333432098,0,1,1,,,,,,,Medium,Medium,Urban,High,
37.34144029,-121.832122,95116,0.452052389,1.201148585,0.352319812,0,1,1,,,,,,,Medium,Medium,Urban,High,
37.34215097,-121.824914,95116,0.452052389,1.559187448,0.534709822,0,1,1,,,,,,,Medium,Medium,Urban,High,
37.35476489,-121.8267963,95116,0.452052389,1.23129836,0.366052761,0,1,1,,,,,,,Medium,Medium,Urban,High,
37.35476489,-121.8220765,95116,0.452052389,1.541926553,0.353098306,0,1,1,,,,,,,Medium,Medium,Urban,High,
37.35687459,-121.8513466,95116,0.452052389,0.638380762,0.337018378,0,1,1,,,,,,,Medium,Medium,Urban,High,
37.35687459,-121.8506609,95116,0.452052389,0.598938458,0.335047656,0,1,1,,,,,,,Medium,Medium,Urban,High,
37.35687459,-121.8464625,95116,0.452052389,0.397266697,0.335156663,0,1,1,,,,,,,Medium,Medium,Urban,High,
37.35687459,-121.8426262,95116,0.452052389,0.348436724,0.338508775,0,1,1,,,,,,,Medium,Medium,Urban,High,
37.35687459,-121.8398979,95116,0.452052389,0.425469148,0.351005566,0,1,1,,,,,,,Medium,Medium,Urban,High,
37.35687459,-121.8336911,95116,0.452052389,0.762517511,0.379628998,0,1,1,,,,,,,Medium,Medium,Urban,High,
37.3623667,-121.8267178,95116,0.452052389,1.171782928,0.379185699,0,1,1,,,,,,,Medium,Medium,Urban,High,
37.3623667,-121.8226691,95116,0.452052389,1.449865555,0.368402757,0,1,1,,,,,,,Medium,Medium,Urban,High,
37.3623667,-121.8159857,95116,0.452052389,1.909980229,0.350640564,0,1,1,,,,,,,Medium,Medium,Urban,High,
37.36454465,-121.8458232,95116,0.452052389,0.169160471,0.346877504,0,1,1,,,,,,,Medium,Medium,Urban,High,
37.36454465,-121.8274431,95116,0.452052389,1.1147723,0.422865678,0,1,1,,,,,,,Medium,Medium,Urban,High,
37.36619785,-121.8536092,95116,0.452052389,0.695023101,0.53713371,0,1,1,,,,,,,Medium,Medium,Urban,High,
37.36619785,-121.8474414,95116,0.452052389,0.268851004,0.628059997,0,1,1,,,,,,,Medium,Medium,Urban,High,
37.37236348,-121.8226466,95116,0.452052389,1.461392806,0.354284622,0,1,1,,,,,,,Medium,Medium,Urban,High,
37.37402157,-121.834706,95116,0.452052389,0.673297788,0.425725684,0,1,1,,,,,,,Medium,Medium,Urban,High,
37.37555722,-121.8543694,95116,0.452052389,0.820659315,0.586336695,0,1,1,,,,,,,Medium,Medium,Urban,High,
37.37555722,-121.8521858,95116,0.452052389,0.686045322,0.595703432,0,1,1,,,,,,,Medium,Medium,Urban,High,
37.37555722,-121.85061,95116,0.452052389,0.593779767,0.661167344,0,1,1,,,,,,,Medium,Medium,Urban,High,
37.38254026,-121.8127622,95116,0.452052389,2.208478911,0.385309022,0,1,1,,,,,,,Medium,Medium,Urban,High,
37.38427138,-121.8512152,95116,0.452052389,0.843339126,0.374478445,0,1,1,,,,,,,Medium,Medium,Urban,High,
37.38427138,-121.837651,95116,0.452052389,0.772505557,0.37800112,0,1,1,,,,,,,Medium,Medium,Urban,High,
37.39216313,-121.8296043,95116,0.452052389,1.348823926,0.345824399,0,1,1,,,,,,,Medium,Medium,Urban,High,
37.39216313,-121.8231263,95116,0.452052389,1.697710281,0.407663373,0,1,1,,,,,,,Medium,Medium,Urban,High,
37.39216313,-121.8195665,95116,0.452052389,1.907067811,0.381350946,0,1,1,,,,,,,Medium,Medium,Urban,High,
37.39468838,-121.8399867,95116,0.452052389,1.064820637,0.423422029,0,1,1,,,,,,,Medium,Medium,Urban,High,
37.39468838,-121.8379204,95116,0.452052389,1.106565422,0.430766224,0,1,1,,,,,,,Medium,Medium,Urban,High,
37.39468838,-121.8343379,95116,0.452052389,1.215838676,0.449496374,0,1,1,,,,,,,Medium,Medium,Urban,High,
37.39468838,-121.8265923,95116,0.452052389,1.563928384,0.540170483,0,1,1,,,,,,,Medium,Medium,Urban,High,
37.39468838,-121.8264312,95116,0.452052389,1.572284569,0.588376336,0,1,1,,,,,,,Medium,Medium,Urban,High,
37.39468838,-121.8188771,95116,0.452052389,1.994792531,0.664600997,0,1,1,,,,,,,Medium,Medium,Urban,High,
37.3591481,-122.0132973,94086,0.401146459,0.602943342,0.399731544,0,1,1,,,,,,,Medium,Medium,Urban,High,
37.3623667,-122.0176211,94086,0.401146459,0.45292086,0.390848987,0,1,1,,,,,,,Medium,Medium,Urban,High,
37.3623667,-122.0157187,94086,0.401146459,0.447810712,0.398577696,0,1,1,,,,,,,Medium,Medium,Urban,High,
37.36744695,-121.8829024,95131,0.250754942,0.988794931,0.420462203,0,1,1,,,,,,,Low,Medium,Urban,High,
37.3689157,-121.9321223,95131,0.250754942,0.587838885,0.408362936,0,1,1,,,,,,,Low,Medium,Urban,High,
37.3689157,-121.8900507,95131,0.250754942,1.213824197,0.42789092,0,1,1,,,,,,,Low,Medium,Urban,High,
37.3689157,-121.8811145,95131,0.250754942,0.89988205,0.457460495,0,1,1,,,,,,,Low,Medium,Urban,High,
37.3704072,-121.9338426,95131,0.250754942,0.627062726,0.529038772,0,1,1,,,,,,,Low,Medium,Urban,High,
37.3704072,-121.9262055,95131,0.250754942,0.425099977,0.576212131,0,1,1,,,,,,,Low,Medium,Urban,High,
37.37731751,-121.8990246,95131,0.250754942,1.065249103,0.403939911,0,1,1,,,,,,,Low,Medium,Urban,High,
37.37731751,-121.8925184,95131,0.250754942,1.162369205,0.428288773,0,1,1,,,,,,,Low,Medium,Urban,High,
37.37731751,-121.8865128,95131,0.250754942,0.824419709,0.412294804,0,1,1,,,,,,,Low,Medium,Urban,High,
37.37731751,-121.8816011,95131,0.250754942,0.621733404,0.420442604,0,1,1,,,,,,,Low,Medium,Urban,High,
37.37731751,-121.8779195,95131,0.250754942,0.563822844,0.433265101,0,1,1,,,,,,,Low,Medium,Urban,High,
37.37731751,-121.87444,95131,0.250754942,0.609897272,0.464548393,0,1,1,,,,,,,Low,Medium,Urban,High,
37.37991662,-121.9358512,95131,0.250754942,0.608343092,0.487888251,0,1,1,,,,,,,Low,Medium,Urban,High,
37.37991662,-121.9322635,95131,0.250754942,0.363451578,0.522079424,0,1,1,,,,,,,Low,Medium,Urban,High,
37.37991662,-121.9265342,95131,0.250754942,0.083151804,0.525484088,0,1,1,,,,,,,Low,Medium,Urban,High,
37.37991662,-121.9209791,95131,0.250754942,0.429918912,0.533234095,0,1,1,,,,,,,Low,Medium,Urban,High,
37.38172833,-121.8820133,95131,0.250754942,0.496689619,0.441785661,0,1,1,,,,,,,Low,Medium,Urban,High,
37.38172833,-121.8762051,95131,0.250754942,0.417759882,0.427701392,0,1,1,,,,,,,Low,Medium,Urban,High,
37.38172833,-121.8706453,95131,0.250754942,0.638120637,0.427482414,0,1,1,,,,,,,Low,Medium,Urban,High,
37.38254026,-121.9344365,95131,0.250754942,0.50671213,0.43158117,0,1,1,,,,,,,Low,Medium,Urban,High,
37.38254026,-121.9229398,95131,0.250754942,0.289105997,0.447821078,0,1,1,,,,,,,Low,Medium,Urban,High,
37.38254026,-121.9161908,95131,0.250754942,0.754885505,0.45974861,0,1,1,,,,,,,Low,Medium,Urban,High,
37.38254026,-121.9073908,95131,0.250754942,0.771963619,0.490781533,0,1,1,,,,,,,Low,Medium,Urban,High,
37.38254026,-121.9061273,95131,0.250754942,0.764803809,0.53300716,0,1,1,,,,,,,Low,Medium,Urban,High,
37.38254026,-121.8980953,95131,0.250754942,0.933514316,0.621154115,0,1,1,,,,,,,Low,Medium,Urban,High,
37.38761416,-121.8652475,95131,0.250754942,0.888048951,0.458138558,0,1,1,,,,,,,Low,Medium,Urban,High,
37.39013772,-121.9168799,95131,0.250754942,0.76812663,0.445449213,0,1,1,,,,,,,Low,Medium,Urban,High,
37.39013772,-121.9082972,95131,0.250754942,0.51565998,0.459655097,0,1,1,,,,,,,Low,Medium,Urban,High,
37.39013772,-121.889318,95131,0.250754942,0.801061013,0.528800443,0,1,1,,,,,,,Low,Medium,Urban,High,
37.39013772,-121.887031,95131,0.250754942,0.64445044,0.533535095,0,1,1,,,,,,,Low,Medium,Urban,High,
37.39013772,-121.8771073,95131,0.250754942,0.107478622,0.578995702,0,1,1,,,,,,,Low,Medium,Urban,High,
37.39013772,-121.8623901,95131,0.250754942,1.06967024,0.65119114,0,1,1,,,,,,,Low,Medium,Urban,High,
37.39634043,-121.8600735,95131,0.250754942,1.232346679,0.350139747,0,1,1,,,,,,,Low,Medium,Urban,High,
37.39902539,-121.882373,95131,0.250754942,0.389416236,0.462501868,0,1,1,,,,,,,Low,Medium,Urban,High,
37.39902539,-121.8773914,95131,0.250754942,0.230183049,0.464214423,0,1,1,,,,,,,Low,Medium,Urban,High,
37.39902539,-121.8749877,95131,0.250754942,0.300225899,0.500907189,0,1,1,,,,,,,Low,Medium,Urban,High,
37.39902539,-121.8692869,95131,0.250754942,0.6315359,0.501951975,0,1,1,,,,,,,Low,Medium,Urban,High,
37.39908159,-121.9064563,95131,0.250754942,0.165873525,0.554538972,0,1,1,,,,,,,Low,Medium,Urban,High,
37.2795579,-121.8976312,95118,0.280311809,0.88836463,0.409017403,0,0.7,1,,,,,,,Low,Medium,Urban,Medium,
37.32194949,-121.8129335,95148,0.39966291,1.099524937,0.378915962,0,0.7,1,,,,,,,Medium,Medium,Urban,Medium,
37.32194949,-121.8083907,95148,0.39966291,0.785695734,0.447288353,0,0.7,1,,,,,,,Medium,Medium,Urban,Medium,
37.34452043,-121.7993771,95148,0.39966291,0.81886435,0.357388271,0,0.7,1,,,,,,,Medium,Medium,Urban,Medium,
37.34452043,-121.7985725,95148,0.39966291,0.809648498,0.382196598,0,0.7,1,,,,,,,Medium,Medium,Urban,Medium,
37.34452043,-121.7946922,95148,0.39966291,0.818502368,0.430416855,0,0.7,1,,,,,,,Medium,Medium,Urban,Medium,
37.34452043,-121.7943607,95148,0.39966291,0.823312722,0.478278001,0,0.7,1,,,,,,,Medium,Medium,Urban,Medium,
37.3591481,-121.793786,95148,0.39966291,1.35364178,0.412899652,0,0.7,1,,,,,,,Medium,Medium,Urban,Medium,
37.3591481,-121.785945,95148,0.39966291,1.538792042,0.505218171,0,0.7,1,,,,,,,Medium,Medium,Urban,Medium,
37.3591481,-121.7830475,95148,0.39966291,1.647523924,0.534911148,0,0.7,1,,,,,,,Medium,Medium,Urban,Medium,
37.3591481,-121.7813362,95148,0.39966291,1.719480078,0.601268819,0,0.7,1,,,,,,,Medium,Medium,Urban,Medium,
37.36744695,-121.7966894,95148,0.39966291,1.637394466,0.343899494,0,0.7,1,,,,,,,Medium,Medium,Urban,Medium,
37.36744695,-121.7882089,95148,0.39966291,1.746663909,0.45418209,0,0.7,1,,,,,,,Medium,Medium,Urban,Medium,
37.36744695,-121.785777,95148,0.39966291,1.812064305,0.529586064,0,0.7,1,,,,,,,Medium,Medium,Urban,Medium,
37.36744695,-121.7824929,95148,0.39966291,1.920287523,0.663144198,0,0.7,1,,,,,,,Medium,Medium,Urban,Medium,
37.38172833,-121.7645783,95148,0.39966291,3.110506321,0.369716297,0,0.7,1,,,,,,,Medium,Medium,Urban,Medium,
37.38172833,-121.7592135,95148,0.39966291,3.3873383,0.436893715,0,0.7,1,,,,,,,Medium,Medium,Urban,Medium,
37.38172833,-121.7512953,95148,0.39966291,3.825074009,0.532517661,0,0.7,1,,,,,,,Medium,Medium,Urban,Medium,
37.39013772,-121.742013,95148,0.39966291,4.528465999,0.433628694,0,0.7,1,,,,,,,Medium,Medium,Urban,Medium,
37.39013772,-121.7389039,95148,0.39966291,4.710181194,0.48702602,0,0.7,1,,,,,,,Medium,Medium,Urban,Medium,
37.39216313,-121.8075363,95148,0.39966291,2.639421213,0.503661128,0,0.7,1,,,,,,,Medium,Medium,Urban,Medium,
37.39902539,-121.764659,95148,0.39966291,3.572263914,0.364676121,0,0.7,1,,,,,,,Medium,Medium,Urban,Medium,
37.33972225,-121.9543898,95050,0.315346396,1.039710178,0.352461988,0,0.7,1,,,,,,,Low,Medium,Urban,Medium,
37.33972225,-121.9520186,95050,0.315346396,0.955423026,0.487537284,0,0.7,1,,,,,,,Low,Medium,Urban,Medium,
37.33972225,-121.9415161,95050,0.315346396,0.61396014,0.579807259,0,0.7,1,,,,,,,Low,Medium,Urban,Medium,
37.35214756,-121.9529528,95050,0.315346396,0.635876301,0.337427338,0,0.7,1,,,,,,,Low,Medium,Urban,Medium,
37.35214756,-121.9498697,95050,0.315346396,0.488386325,0.348892866,0,0.7,1,,,,,,,Low,Medium,Urban,Medium,
37.36073365,-121.9387737,95050,0.315346396,0.181753904,0.335095225,0,0.7,1,,,,,,,Low,Medium,Urban,Medium,
37.3623667,-121.9440707,95050,0.315346396,0.043617353,0.383200464,0,0.7,1,,,,,,,Low,Medium,Urban,Medium,
37.33972225,-121.87315,95133,0.222980091,0.992295093,0.360342045,0,0.7,1,,,,,,,Low,Medium,Urban,Medium,
37.35870644,-121.8774482,95133,0.222980091,0.924527918,0.627645496,0,0.7,1,,,,,,,Low,Medium,Urban,Medium,
37.37090691,-121.8555798,95133,0.222980091,0.694302886,0.459570957,0,0.7,1,,,,,,,Low,Medium,Urban,Medium,
37.37236348,-121.8736203,95133,0.222980091,0.779169388,0.504831096,0,0.7,1,,,,,,,Low,Medium,Urban,Medium,
37.37236348,-121.865759,95133,0.222980091,0.434436979,0.634729896,0,0.7,1,,,,,,,Low,Medium,Urban,Medium,
37.33972225,-121.8375525,95116,0.452052389,1.052775861,0.365182219,0,0.7,1,,,,,,,Medium,Medium,Urban,Medium,
37.33972225,-121.8316506,95116,0.452052389,1.269853755,0.345105784,0,0.7,1,,,,,,,Medium,Medium,Urban,Medium,
37.33972225,-121.8308338,95116,0.452052389,1.307099171,0.336161251,0,0.7,1,,,,,,,Medium,Medium,Urban,Medium,
37.34144029,-121.8344179,95116,0.452052389,1.103368201,0.344291997,0,0.7,1,,,,,,,Medium,Medium,Urban,Medium,
37.34144029,-121.8285428,95116,0.452052389,1.37638854,0.369419165,0,0.7,1,,,,,,,Medium,Medium,Urban,Medium,
37.34215097,-121.84029,95116,0.452052389,0.907667381,0.432121541,0,0.7,1,,,,,,,Medium,Medium,Urban,Medium,
37.34215097,-121.8341548,95116,0.452052389,1.092917443,0.475040124,0,0.7,1,,,,,,,Medium,Medium,Urban,Medium,
37.34215097,-121.8314785,95116,0.452052389,1.211911004,0.503267522,0,0.7,1,,,,,,,Medium,Medium,Urban,Medium,
37.34215097,-121.8242663,95116,0.452052389,1.596345735,0.53969908,0,0.7,1,,,,,,,Medium,Medium,Urban,Medium,
37.35476489,-121.8248454,95116,0.452052389,1.358814297,0.380074486,0,0.7,1,,,,,,,Medium,Medium,Urban,Medium,
37.36454465,-121.8529246,95116,0.452052389,0.650763145,0.347038349,0,0.7,1,,,,,,,Medium,Medium,Urban,Medium,
37.36454465,-121.8373862,95116,0.452052389,0.430572721,0.377902437,0,0.7,1,,,,,,,Medium,Medium,Urban,Medium,
37.36454465,-121.8328799,95116,0.452052389,0.740005128,0.386447867,0,0.7,1,,,,,,,Medium,Medium,Urban,Medium,
37.36454465,-121.8259832,95116,0.452052389,1.215500411,0.442270457,0,0.7,1,,,,,,,Medium,Medium,Urban,Medium,
37.36619785,-121.8494966,95116,0.452052389,0.410855858,0.563726458,0,0.7,1,,,,,,,Medium,Medium,Urban,Medium,
37.37236348,-121.8208073,95116,0.452052389,1.587124878,0.390368888,0,0.7,1,,,,,,,Medium,Medium,Urban,Medium,
37.37402157,-121.8313226,95116,0.452052389,0.890916129,0.45449796,0,0.7,1,,,,,,,Medium,Medium,Urban,Medium,
37.37402157,-121.8244194,95116,0.452052389,1.351775012,0.51383283,0,0.7,1,,,,,,,Medium,Medium,Urban,Medium,
37.37402157,-121.8189743,95116,0.452052389,1.721503536,0.529113888,0,0.7,1,,,,,,,Medium,Medium,Urban,Medium,
37.37402157,-121.8177482,95116,0.452052389,1.805128532,0.57629571,0,0.7,1,,,,,,,Medium,Medium,Urban,Medium,
37.37402157,-121.815433,95116,0.452052389,1.963290748,0.577403371,0,0.7,1,,,,,,,Medium,Medium,Urban,Medium,
37.37555722,-121.8470972,95116,0.452052389,0.417953288,0.666617314,0,0.7,1,,,,,,,Medium,Medium,Urban,Medium,
37.38427138,-121.8456851,95116,0.452052389,0.672629434,0.374353775,0,0.7,1,,,,,,,Medium,Medium,Urban,Medium,
37.39216313,-121.8218653,95116,0.452052389,1.770795159,0.401427611,0,0.7,1,,,,,,,Medium,Medium,Urban,Medium,
37.39468838,-121.8435059,95116,0.452052389,1.036008138,0.404636556,0,0.7,1,,,,,,,Medium,Medium,Urban,Medium,
37.39468838,-121.8319385,95116,0.452052389,1.310251876,0.470989918,0,0.7,1,,,,,,,Medium,Medium,Urban,Medium,
37.35870644,-122.0151605,94086,0.401146459,0.585754196,0.348902283,0,0.7,1,,,,,,,Medium,Medium,Urban,Medium,
37.35870644,-122.0143609,94086,0.401146459,0.596445864,0.354899124,0,0.7,1,,,,,,,Medium,Medium,Urban,Medium,
37.3591481,-122.0201695,94086,0.401146459,0.619965997,0.361618995,0,0.7,1,,,,,,,Medium,Medium,Urban,Medium,
37.3591481,-122.0179723,94086,0.401146459,0.573287993,0.418159394,0,0.7,1,,,,,,,Medium,Medium,Urban,Medium,
37.3623667,-122.0115716,94086,0.401146459,0.55702961,0.41250814,0,0.7,1,,,,,,,Medium,Medium,Urban,Medium,
37.36744695,-121.8861867,95131,0.250754942,1.090437454,0.365359538,0,0.7,1,,,,,,,Low,Medium,Urban,Medium,
37.36744695,-121.884604,95131,0.250754942,1.036509466,0.400791852,0,0.7,1,,,,,,,Low,Medium,Urban,Medium,
37.36744695,-121.8815882,95131,0.250754942,0.960209863,0.420046476,0,0.7,1,,,,,,,Low,Medium,Urban,Medium,
37.36744695,-121.8794584,95131,0.250754942,0.930986588,0.413903152,0,0.7,1,,,,,,,Low,Medium,Urban,Medium,
37.3689157,-121.9298586,95131,0.250754942,0.511542486,0.402199934,0,0.7,1,,,,,,,Low,Medium,Urban,Medium,
37.3689157,-121.8796836,95131,0.250754942,0.879976319,0.484314845,0,0.7,1,,,,,,,Low,Medium,Urban,Medium,
37.3704072,-121.9230358,95131,0.250754942,0.506025118,0.593066758,0,0.7,1,,,,,,,Low,Medium,Urban,Medium,
37.37731751,-121.8952085,95131,0.250754942,1.205346047,0.418439278,0,0.7,1,,,,,,,Low,Medium,Urban,Medium,
37.37731751,-121.8752799,95131,0.250754942,0.590199898,0.43794035,0,0.7,1,,,,,,,Low,Medium,Urban,Medium,
37.38172833,-121.8843309,95131,0.250754942,0.604496091,0.335222492,0,0.7,1,,,,,,,Low,Medium,Urban,Medium,
37.38172833,-121.8825507,95131,0.250754942,0.519288258,0.405678143,0,0.7,1,,,,,,,Low,Medium,Urban,Medium,
37.38254026,-121.9215825,95131,0.250754942,0.382669927,0.45013735,0,0.7,1,,,,,,,Low,Medium,Urban,Medium,
37.38254026,-121.9134188,95131,0.250754942,0.926431279,0.460721127,0,0.7,1,,,,,,,Low,Medium,Urban,Medium,
37.38254026,-121.8988612,95131,0.250754942,0.904188419,0.580864057,0,0.7,1,,,,,,,Low,Medium,Urban,Medium,
37.39013772,-121.9132175,95131,0.250754942,0.704670019,0.449752508,0,0.7,1,,,,,,,Low,Medium,Urban,Medium,
37.39013772,-121.8826121,95131,0.250754942,0.345521445,0.558895141,0,0.7,1,,,,,,,Low,Medium,Urban,Medium,
37.39013772,-121.8714326,95131,0.250754942,0.450870624,0.618902449,0,0.7,1,,,,,,,Low,Medium,Urban,Medium,
37.39634043,-121.8602155,95131,0.250754942,1.222590345,0.345886801,0,0.7,1,,,,,,,Low,Medium,Urban,Medium,
37.39902539,-121.9071178,95131,0.250754942,0.184672693,0.45832832,0,0.7,1,,,,,,,Low,Medium,Urban,Medium,
37.39902539,-121.9008055,95131,0.250754942,0.384511255,0.456467239,0,0.7,1,,,,,,,Low,Medium,Urban,Medium,
37.39902539,-121.8752411,95131,0.250754942,0.28916694,0.497168672,0,0.7,1,,,,,,,Low,Medium,Urban,Medium,
37.39902539,-121.8610263,95131,0.250754942,1.181859795,0.509608912,0,0.7,1,,,,,,,Low,Medium,Urban,Medium,
37.39908159,-121.914331,95131,0.250754942,0.607676169,0.512621057,0,0.7,1,,,,,,,Low,Medium,Urban,Medium,
37.39908159,-121.9109258,95131,0.250754942,0.385774239,0.544378914,0,0.7,1,,,,,,,Low,Medium,Urban,Medium,
37.39908159,-121.9063319,95131,0.250754942,0.163909061,0.603215919,0,0.7,1,,,,,,,Low,Medium,Urban,Medium,
37.2795579,-121.8723035,95125,0.45594122,0.960204607,0.151141544,0,1,1,,,,,,,Medium,Low,Urban,High,
37.28163919,-121.8738067,95125,0.45594122,0.933653151,0.142464706,0,1,1,,,,,,,Medium,Low,Urban,High,
37.28163919,-121.8675998,95125,0.45594122,0.823674657,0.197563975,0,1,1,,,,,,,Medium,Low,Urban,High,
37.28163919,-121.8645899,95125,0.45594122,0.846859235,0.300904567,0,1,1,,,,,,,Medium,Low,Urban,High,
37.28646281,-121.8718991,95125,0.45594122,0.717098137,0.13075002,0,1,1,,,,,,,Medium,Low,Urban,High,
37.28646281,-121.8643999,95125,0.45594122,0.680918181,0.217889794,0,1,1,,,,,,,Medium,Low,Urban,High,
37.2890735,-121.8779227,95125,0.45594122,0.91073788,0.288230529,0,1,1,,,,,,,Medium,Low,Urban,High,
37.2890735,-121.8620496,95125,0.45594122,0.666371293,0.249948728,0,1,1,,,,,,,Medium,Low,Urban,High,
37.2906222,-121.8792903,95125,0.45594122,0.957066967,0.251822481,0,1,1,,,,,,,Medium,Low,Urban,High,
37.2906222,-121.8723689,95125,0.45594122,0.601443057,0.269808329,0,1,1,,,,,,,Medium,Low,Urban,High,
37.2906222,-121.8683696,95125,0.45594122,0.500008675,0.166886899,0,1,1,,,,,,,Medium,Low,Urban,High,
37.29305965,-121.8740344,95125,0.45594122,0.610744679,0.093359498,0,1,1,,,,,,,Medium,Low,Urban,High,
37.29305965,-121.8652665,95125,0.45594122,0.43389905,0.18608834,0,1,1,,,,,,,Medium,Low,Urban,High,
37.29544619,-121.884947,95125,0.45594122,1.251005636,0.252544334,0,1,1,,,,,,,Medium,Low,Urban,High,
37.29544619,-121.8747317,95125,0.45594122,0.596586298,0.210990603,0,1,1,,,,,,,Medium,Low,Urban,High,
37.29544619,-121.8632824,95125,0.45594122,0.430162329,0.170736832,0,1,1,,,,,,,Medium,Low,Urban,High,
37.2970086,-121.8813955,95125,0.45594122,0.999212326,0.070833632,0,1,1,,,,,,,Medium,Low,Urban,High,
37.2970086,-121.86911,95125,0.45594122,0.28701105,0.118646337,0,1,1,,,,,,,Medium,Low,Urban,High,
37.29948853,-121.8870328,95125,0.45594122,1.364458861,0.074146008,0,1,1,,,,,,,Medium,Low,Urban,High,
37.29948853,-121.8706223,95125,0.45594122,0.279212381,0.10205217,0,1,1,,,,,,,Medium,Low,Urban,High,
37.29948853,-121.8584877,95125,0.45594122,0.642457825,0.214412754,0,1,1,,,,,,,Medium,Low,Urban,High,
37.29972048,-121.8787345,95125,0.45594122,0.797173754,0.265589744,0,1,1,,,,,,,Medium,Low,Urban,High,
37.29972048,-121.8763275,95125,0.45594122,0.635334909,0.249800383,0,1,1,,,,,,,Medium,Low,Urban,High,
37.29972048,-121.8702163,95125,0.45594122,0.252148399,0.211698881,0,1,1,,,,,,,Medium,Low,Urban,High,
37.29972048,-121.8645809,95125,0.45594122,0.25698085,0.203473952,0,1,1,,,,,,,Medium,Low,Urban,High,
37.29991058,-121.8853645,95125,0.45594122,1.248160977,0.186354028,0,1,1,,,,,,,Medium,Low,Urban,High,
37.29991058,-121.8742199,95125,0.45594122,0.493816175,0.151372949,0,1,1,,,,,,,Medium,Low,Urban,High,
37.29991058,-121.8704334,95125,0.45594122,0.259468203,0.165837448,0,1,1,,,,,,,Medium,Low,Urban,High,
37.29991058,-121.8626558,95125,0.45594122,0.366257626,0.250106672,0,1,1,,,,,,,Medium,Low,Urban,High,
37.30337946,-121.8862131,95125,0.45594122,1.297230809,0.093757751,0,1,1,,,,,,,Medium,Low,Urban,High,
37.30337946,-121.8651946,95125,0.45594122,0.158420737,0.098745322,0,1,1,,,,,,,Medium,Low,Urban,High,
37.30575103,-121.8839324,95125,0.45594122,1.140657504,0.162847808,0,1,1,,,,,,,Medium,Low,Urban,High,
37.30575103,-121.8811696,95125,0.45594122,0.950031211,0.204705017,0,1,1,,,,,,,Medium,Low,Urban,High,
37.30575103,-121.8650398,95125,0.45594122,0.175337457,0.262147657,0,1,1,,,,,,,Medium,Low,Urban,High,
37.30723791,-121.8801703,95125,0.45594122,0.886216077,0.275164112,0,1,1,,,,,,,Medium,Low,Urban,High,
37.30723791,-121.8617714,95125,0.45594122,0.407197582,0.276671866,0,1,1,,,,,,,Medium,Low,Urban,High,
37.30933908,-121.8729182,95125,0.45594122,0.421892229,0.244548142,0,1,1,,,,,,,Medium,Low,Urban,High,
37.30933908,-121.8669467,95125,0.45594122,0.190038625,0.167400072,0,1,1,,,,,,,Medium,Low,Urban,High,
37.30950653,-121.882852,95125,0.45594122,1.081989829,0.022347092,0,1,1,,,,,,,Medium,Low,Urban,High,
37.30950653,-121.8636541,95125,0.45594122,0.325332364,0.201913231,0,1,1,,,,,,,Medium,Low,Urban,High,
37.30981285,-121.8813057,95125,0.45594122,0.979313512,0.233490263,0,1,1,,,,,,,Medium,Low,Urban,High,
37.30981285,-121.8707879,95125,0.45594122,0.30833332,0.207882068,0,1,1,,,,,,,Medium,Low,Urban,High,
37.3125031,-121.8847763,95125,0.45594122,1.235181702,0.22377186,0,1,1,,,,,,,Medium,Low,Urban,High,
37.3125031,-121.8781538,95125,0.45594122,0.79938717,0.21636823,0,1,1,,,,,,,Medium,Low,Urban,High,
37.3125031,-121.8716268,95125,0.45594122,0.418246145,0.205455382,0,1,1,,,,,,,Medium,Low,Urban,High,
37.3125031,-121.869601,95125,0.45594122,0.337065249,0.164220967,0,1,1,,,,,,,Medium,Low,Urban,High,
37.3125031,-121.8636734,95125,0.45594122,0.399108012,0.102411587,0,1,1,,,,,,,Medium,Low,Urban,High,
37.31321872,-121.8842985,95125,0.45594122,1.210024965,0.067658063,0,1,1,,,,,,,Medium,Low,Urban,High,
37.31321872,-121.8825426,95125,0.45594122,1.093747183,0.066687937,0,1,1,,,,,,,Medium,Low,Urban,High,
37.31321872,-121.8788419,95125,0.45594122,0.853300478,0.072634948,0,1,1,,,,,,,Medium,Low,Urban,High,
37.31321872,-121.8778698,95125,0.45594122,0.791727747,0.073431519,0,1,1,,,,,,,Medium,Low,Urban,High,
37.31321872,-121.8752448,95125,0.45594122,0.631190084,0.116273557,0,1,1,,,,,,,Medium,Low,Urban,High,
37.31321872,-121.8709382,95125,0.45594122,0.407626368,0.022278669,0,1,1,,,,,,,Medium,Low,Urban,High,
37.31321872,-121.8667442,95125,0.45594122,0.331974517,0.097046619,0,1,1,,,,,,,Medium,Low,Urban,High,
37.31463554,-121.8818426,95125,0.45594122,1.065052637,0.226085838,0,1,1,,,,,,,Medium,Low,Urban,High,
37.31463554,-121.875214,95125,0.45594122,0.657831002,0.240230763,0,1,1,,,,,,,Medium,Low,Urban,High,
37.3149789,-121.8730009,95125,0.45594122,0.549185856,0.166402046,0,1,1,,,,,,,Medium,Low,Urban,High,
37.31650416,-121.8657801,95125,0.45594122,0.462792994,0.252662771,0,1,1,,,,,,,Medium,Low,Urban,High,
37.31837613,-121.8813273,95125,0.45594122,1.089571177,0.108106617,0,1,1,,,,,,,Medium,Low,Urban,High,
37.31837613,-121.8743735,95125,0.45594122,0.704371481,0.105005036,0,1,1,,,,,,,Medium,Low,Urban,High,
37.32058743,-121.880651,95125,0.45594122,1.090675754,0.192074265,0,1,1,,,,,,,Medium,Low,Urban,High,
37.32194949,-121.8718802,95125,0.45594122,0.71590668,0.267566544,0,1,1,,,,,,,Medium,Low,Urban,High,
37.32454467,-121.8694951,95125,0.45594122,0.755046055,0.193814955,0,1,1,,,,,,,Medium,Low,Urban,High,
37.3289879,-121.8714709,95125,0.45594122,0.945607759,0.097942708,0,1,1,,,,,,,Medium,Low,Urban,High,
37.33055368,-121.8793874,95125,0.45594122,1.266686618,0.190343721,0,1,1,,,,,,,Medium,Low,Urban,High,
37.33229121,-121.8755904,95125,0.45594122,1.168785989,0.196555045,0,1,1,,,,,,,Medium,Low,Urban,High,
37.2795579,-121.858692,95111,0.513237824,0.827034571,0.172522459,0,1,1,,,,,,,Medium,Low,Urban,High,
37.2795579,-121.8510025,95111,0.513237824,0.491556338,0.082065654,0,1,1,,,,,,,Medium,Low,Urban,High,
37.2795579,-121.8499332,95111,0.513237824,0.474162502,0.048504017,0,1,1,,,,,,,Medium,Low,Urban,High,
37.2795579,-121.8365594,95111,0.513237824,0.913360343,0.112174672,0,1,1,,,,,,,Medium,Low,Urban,High,
37.2795579,-121.8239557,95111,0.513237824,1.458897661,0.048412556,0,1,1,,,,,,,Medium,Low,Urban,High,
37.2795579,-121.8211229,95111,0.513237824,1.621122051,0.048234382,0,1,1,,,,,,,Medium,Low,Urban,High,
37.2795579,-121.817384,95111,0.513237824,1.845216485,0.04001536,0,1,1,,,,,,,Medium,Low,Urban,High,
37.28163919,-121.8604454,95111,0.513237824,0.893659667,0.089339945,0,1,1,,,,,,,Medium,Low,Urban,High,
37.28163919,-121.858065,95111,0.513237824,0.749332438,0.127829164,0,1,1,,,,,,,Medium,Low,Urban,High,
37.28163919,-121.8416463,95111,0.513237824,0.632131807,0.220407557,0,1,1,,,,,,,Medium,Low,Urban,High,
37.282985,-121.8553625,95111,0.513237824,0.567271134,0.225464105,0,1,1,,,,,,,Medium,Low,Urban,High,
37.282985,-121.8445477,95111,0.513237824,0.452647908,0.290587737,0,1,1,,,,,,,Medium,Low,Urban,High,
37.282985,-121.8404651,95111,0.513237824,0.671671096,0.309827149,0,1,1,,,,,,,Medium,Low,Urban,High,
37.282985,-121.8182736,95111,0.513237824,1.73457554,0.149198081,0,1,1,,,,,,,Medium,Low,Urban,High,
37.28388274,-121.8600617,95111,0.513237824,0.836231033,0.189368144,0,1,1,,,,,,,Medium,Low,Urban,High,
37.28388274,-121.8518853,95111,0.513237824,0.375511157,0.182457997,0,1,1,,,,,,,Medium,Low,Urban,High,
37.28388274,-121.8291943,95111,0.513237824,1.077047787,0.299556272,0,1,1,,,,,,,Medium,Low,Urban,High,
37.28388274,-121.8277392,95111,0.513237824,1.155134243,0.285909988,0,1,1,,,,,,,Medium,Low,Urban,High,
37.28646281,-121.8589097,95111,0.513237824,0.729697303,0.128705689,0,1,1,,,,,,,Medium,Low,Urban,High,
37.28646281,-121.8582276,95111,0.513237824,0.684823428,0.081980203,0,1,1,,,,,,,Medium,Low,Urban,High,
37.28646281,-121.8571005,95111,0.513237824,0.611418885,0.073276824,0,1,1,,,,,,,Medium,Low,Urban,High,
37.28646281,-121.8559486,95111,0.513237824,0.53770179,0.047481351,0,1,1,,,,,,,Medium,Low,Urban,High,
37.28646281,-121.8500572,95111,0.513237824,0.232358793,0.083736607,0,1,1,,,,,,,Medium,Low,Urban,High,
37.28646281,-121.8473768,95111,0.513237824,0.238139454,0.126214528,0,1,1,,,,,,,Medium,Low,Urban,High,
37.28646281,-121.8363409,95111,0.513237824,0.688623382,0.22016905,0,1,1,,,,,,,Medium,Low,Urban,High,
37.28646281,-121.8282641,95111,0.513237824,1.070467128,0.199249139,0,1,1,,,,,,,Medium,Low,Urban,High,
37.28646281,-121.8232088,95111,0.513237824,1.372326413,0.186624665,0,1,1,,,,,,,Medium,Low,Urban,High,
37.28886784,-121.8475134,95111,0.513237824,0.157145835,0.215191105,0,1,1,,,,,,,Medium,Low,Urban,High,
37.28886784,-121.8415879,95111,0.513237824,0.516191986,0.093767276,0,1,1,,,,,,,Medium,Low,Urban,High,
37.28886784,-121.8178337,95111,0.513237824,1.684064503,0.074549463,0,1,1,,,,,,,Medium,Low,Urban,High,
37.2890735,-121.8584557,95111,0.513237824,0.67647411,0.045413537,0,1,1,,,,,,,Medium,Low,Urban,High,
37.2890735,-121.8535952,95111,0.513237824,0.351210414,0.043947387,0,1,1,,,,,,,Medium,Low,Urban,High,
37.2890735,-121.8434652,95111,0.513237824,0.389494656,0.170160109,0,1,1,,,,,,,Medium,Low,Urban,High,
37.2890735,-121.842217,95111,0.513237824,0.472237888,0.236905297,0,1,1,,,,,,,Medium,Low,Urban,High,
37.2890735,-121.8394116,95111,0.513237824,0.52492153,0.268407345,0,1,1,,,,,,,Medium,Low,Urban,High,
37.2890735,-121.8272707,95111,0.513237824,1.079281809,0.155552536,0,1,1,,,,,,,Medium,Low,Urban,High,
37.2906222,-121.8403867,95111,0.513237824,0.458725918,0.300354375,0,1,1,,,,,,,Medium,Low,Urban,High,
37.29305965,-121.8387853,95111,0.513237824,0.398725032,0.11762844,0,1,1,,,,,,,Medium,Low,Urban,High,
37.29305965,-121.8342528,95111,0.513237824,0.594522274,0.125797857,0,1,1,,,,,,,Medium,Low,Urban,High,
37.29305965,-121.8338092,95111,0.513237824,0.618893659,0.127095437,0,1,1,,,,,,,Medium,Low,Urban,High,
37.29305965,-121.8267713,95111,0.513237824,1.050527007,0.153671127,0,1,1,,,,,,,Medium,Low,Urban,High,
37.29544619,-121.8571331,95111,0.513237824,0.584888775,0.174909789,0,1,1,,,,,,,Medium,Low,Urban,High,
37.29544619,-121.8550198,95111,0.513237824,0.442412742,0.180824691,0,1,1,,,,,,,Medium,Low,Urban,High,
37.29544619,-121.8499627,95111,0.513237824,0.136406621,0.182974092,0,1,1,,,,,,,Medium,Low,Urban,High,
37.29544619,-121.8272031,95111,0.513237824,0.994669474,0.253516785,0,1,1,,,,,,,Medium,Low,Urban,High,
37.29544619,-121.8225419,95111,0.513237824,1.30681099,0.254876364,0,1,1,,,,,,,Medium,Low,Urban,High,
37.2970086,-121.851376,95111,0.513237824,0.243839694,0.29954288,0,1,1,,,,,,,Medium,Low,Urban,High,
37.2970086,-121.8435758,95111,0.513237824,0.285462615,0.155857874,0,1,1,,,,,,,Medium,Low,Urban,High,
37.2970086,-121.8205727,95111,0.513237824,1.429985405,0.125826712,0,1,1,,,,,,,Medium,Low,Urban,High,
37.29948853,-121.8539119,95111,0.513237824,0.43658235,0.12712708,0,1,1,,,,,,,Medium,Low,Urban,High,
37.29948853,-121.8498997,95111,0.513237824,0.269263335,0.133681719,0,1,1,,,,,,,Medium,Low,Urban,High,
37.29948853,-121.838365,95111,0.513237824,0.226468648,0.183416865,0,1,1,,,,,,,Medium,Low,Urban,High,
37.29948853,-121.8268796,95111,0.513237824,0.985646047,0.217404567,0,1,1,,,,,,,Medium,Low,Urban,High,
37.29972048,-121.8539729,95111,0.513237824,0.445011727,0.145948607,0,1,1,,,,,,,Medium,Low,Urban,High,
37.29972048,-121.8323981,95111,0.513237824,0.608239443,0.100464281,0,1,1,,,,,,,Medium,Low,Urban,High,
37.29972048,-121.8309835,95111,0.513237824,0.704184416,0.076017304,0,1,1,,,,,,,Medium,Low,Urban,High,
37.29972048,-121.8268705,95111,0.513237824,0.985160782,0.047335086,0,1,1,,,,,,,Medium,Low,Urban,High,
37.29972048,-121.8252619,95111,0.513237824,1.095503304,0.045256425,0,1,1,,,,,,,Medium,Low,Urban,High,
37.29972048,-121.8202663,95111,0.513237824,1.438971305,0.041309968,0,1,1,,,,,,,Medium,Low,Urban,High,
37.29991058,-121.8510926,95111,0.513237824,0.315850082,0.104440795,0,1,1,,,,,,,Medium,Low,Urban,High,
37.29991058,-121.8411565,95111,0.513237824,0.118509173,0.278880366,0,1,1,,,,,,,Medium,Low,Urban,High,
37.29991058,-121.8216266,95111,0.513237824,1.34473214,0.14726952,0,1,1,,,,,,,Medium,Low,Urban,High,
37.30156605,-121.8493807,95111,0.513237824,0.336746578,0.143567309,0,1,1,,,,,,,Medium,Low,Urban,High,
37.30156605,-121.8492141,95111,0.513237824,0.335624297,0.142822781,0,1,1,,,,,,,Medium,Low,Urban,High,
37.30156605,-121.8434782,95111,0.513237824,0.179874618,0.151860784,0,1,1,,,,,,,Medium,Low,Urban,High,
37.30156605,-121.8276199,95111,0.513237824,0.927216207,0.245392051,0,1,1,,,,,,,Medium,Low,Urban,High,
37.30156605,-121.8257033,95111,0.513237824,1.059423676,0.260506573,0,1,1,,,,,,,Medium,Low,Urban,High,
37.30575103,-121.8502451,95111,0.513237824,0.496941097,0.13143923,0,1,1,,,,,,,Medium,Low,Urban,High,
37.30575103,-121.8460537,95111,0.513237824,0.360989217,0.136682943,0,1,1,,,,,,,Medium,Low,Urban,High,
37.30723791,-121.8478988,95111,0.513237824,0.498598767,0.208329755,0,1,1,,,,,,,Medium,Low,Urban,High,
37.30723791,-121.8274555,95111,0.513237824,0.948550061,0.281265188,0,1,1,,,,,,,Medium,Low,Urban,High,
37.30723791,-121.8259363,95111,0.513237824,1.052348909,0.287067995,0,1,1,,,,,,,Medium,Low,Urban,High,
37.30723791,-121.8204284,95111,0.513237824,1.430112416,0.295336673,0,1,1,,,,,,,Medium,Low,Urban,High,
37.30933908,-121.8251121,95111,0.513237824,1.121614106,0.065589981,0,1,1,,,,,,,Medium,Low,Urban,High,
37.30950653,-121.8482217,95111,0.513237824,0.549384014,0.074193361,0,1,1,,,,,,,Medium,Low,Urban,High,
37.30950653,-121.8407931,95111,0.513237824,0.232208776,0.127650553,0,1,1,,,,,,,Medium,Low,Urban,High,
37.30981285,-121.8352703,95111,0.513237824,0.465215301,0.139836046,0,1,1,,,,,,,Medium,Low,Urban,High,
37.30981285,-121.8287591,95111,0.513237824,0.88083631,0.058463567,0,1,1,,,,,,,Medium,Low,Urban,High,
37.30981285,-121.8228689,95111,0.513237824,1.276997649,0.043928468,0,1,1,,,,,,,Medium,Low,Urban,High,
37.3125031,-121.833915,95111,0.513237824,0.597289295,0.048215084,0,1,1,,,,,,,Medium,Low,Urban,High,
37.3125031,-121.8331765,95111,0.513237824,0.639850756,0.040163494,0,1,1,,,,,,,Medium,Low,Urban,High,
37.31321872,-121.8469133,95111,0.513237824,0.548602217,0.019162115,0,1,1,,,,,,,Medium,Low,Urban,High,
37.31321872,-121.8449901,95111,0.513237824,0.458537302,0.075540941,0,1,1,,,,,,,Medium,Low,Urban,High,
37.31321872,-121.8286261,95111,0.513237824,0.931244848,0.232689199,0,1,1,,,,,,,Medium,Low,Urban,High,
37.31463554,-121.8374777,95111,0.513237824,0.484710107,0.197578352,0,1,1,,,,,,,Medium,Low,Urban,High,
37.31463554,-121.826349,95111,0.513237824,1.096295675,0.177091336,0,1,1,,,,,,,Medium,Low,Urban,High,
37.3149789,-121.821111,95111,0.513237824,1.441149274,0.131464879,0,1,1,,,,,,,Medium,Low,Urban,High,
37.31650416,-121.8462384,95111,0.513237824,0.606123216,0.139755049,0,1,1,,,,,,,Medium,Low,Urban,High,
37.31650416,-121.8397702,95111,0.513237824,0.49430578,0.18758221,0,1,1,,,,,,,Medium,Low,Urban,High,
37.31650416,-121.8353751,95111,0.513237824,0.623447845,0.171097615,0,1,1,,,,,,,Medium,Low,Urban,High,
37.31837613,-121.842035,95111,0.513237824,0.559523918,0.240018204,0,1,1,,,,,,,Medium,Low,Urban,High,
37.31837613,-121.8355074,95111,0.513237824,0.672854614,0.265848548,0,1,1,,,,,,,Medium,Low,Urban,High,
37.31837613,-121.8221737,95111,0.513237824,1.415070196,0.264258768,0,1,1,,,,,,,Medium,Low,Urban,High,
37.31837613,-121.8204173,95111,0.513237824,1.527449729,0.201097148,0,1,1,,,,,,,Medium,Low,Urban,High,
37.32058743,-121.8375612,95111,0.513237824,0.678890065,0.089664807,0,1,1,,,,,,,Medium,Low,Urban,High,
37.32058743,-121.8240706,95111,0.513237824,1.332033926,0.112371566,0,1,1,,,,,,,Medium,Low,Urban,High,
37.32058743,-121.8215928,95111,0.513237824,1.484741809,0.167416133,0,1,1,,,,,,,Medium,Low,Urban,High,
37.32058743,-121.8202889,95111,0.513237824,1.566638713,0.221409861,0,1,1,,,,,,,Medium,Low,Urban,High,
37.32194949,-121.8321204,95111,0.513237824,0.920358959,0.179308088,0,1,1,,,,,,,Medium,Low,Urban,High,
37.32194949,-121.8262751,95111,0.513237824,1.227378549,0.214709104,0,1,1,,,,,,,Medium,Low,Urban,High,
37.32454467,-121.8385126,95111,0.513237824,0.7987821,0.131612381,0,1,1,,,,,,,Medium,Low,Urban,High,
37.32454467,-121.8268118,95111,0.513237824,1.253342952,0.031083606,0,1,1,,,,,,,Medium,Low,Urban,High,
37.32454467,-121.8262767,95111,0.513237824,1.282493101,0.030402394,0,1,1,,,,,,,Medium,Low,Urban,High,
37.32645688,-121.8389381,95111,0.513237824,0.861595704,0.020277957,0,1,1,,,,,,,Medium,Low,Urban,High,
37.32645688,-121.8378071,95111,0.513237824,0.877973813,0.054668211,0,1,1,,,,,,,Medium,Low,Urban,High,
37.32645688,-121.8346547,95111,0.513237824,0.95640963,0.110592858,0,1,1,,,,,,,Medium,Low,Urban,High,
37.32645688,-121.8287833,95111,0.513237824,1.198191908,0.056969235,0,1,1,,,,,,,Medium,Low,Urban,High,
37.3289879,-121.8410562,95111,0.513237824,0.941880219,0.085612545,0,1,1,,,,,,,Medium,Low,Urban,High,
37.3289879,-121.8403231,95111,0.513237824,0.943070638,0.159985488,0,1,1,,,,,,,Medium,Low,Urban,High,
37.3289879,-121.8366765,95111,0.513237824,0.988330415,0.183007301,0,1,1,,,,,,,Medium,Low,Urban,High,
37.33055368,-121.8356722,95111,0.513237824,1.064863752,0.19667978,0,1,1,,,,,,,Medium,Low,Urban,High,
37.33055368,-121.8315143,95111,0.513237824,1.195157296,0.192194342,0,1,1,,,,,,,Medium,Low,Urban,High,
37.33229121,-121.83608,95111,0.513237824,1.115563592,0.160064641,0,1,1,,,,,,,Medium,Low,Urban,High,
37.33229121,-121.8315079,95111,0.513237824,1.248800704,0.205948489,0,1,1,,,,,,,Medium,Low,Urban,High,
37.33229121,-121.8279843,95111,0.513237824,1.392292567,0.230506638,0,1,1,,,,,,,Medium,Low,Urban,High,
37.33229121,-121.8268709,95111,0.513237824,1.443218091,0.249527922,0,1,1,,,,,,,Medium,Low,Urban,High,
37.33306415,-121.8359796,95111,0.513237824,1.144510776,0.280384979,0,1,1,,,,,,,Medium,Low,Urban,High,
37.33306415,-121.8332827,95111,0.513237824,1.214149361,0.307078015,0,1,1,,,,,,,Medium,Low,Urban,High,
37.3354207,-121.8289521,95111,0.513237824,1.441485482,0.141092187,0,1,1,,,,,,,Medium,Low,Urban,High,
37.3354207,-121.8278405,95111,0.513237824,1.487197518,0.151915322,0,1,1,,,,,,,Medium,Low,Urban,High,
37.2795579,-121.8145385,95123,0.546262158,1.778594417,0.155621925,0,1,1,,,,,,,Medium,Low,Urban,High,
37.28163919,-121.8138363,95123,0.546262158,1.800147373,0.153090665,0,1,1,,,,,,,Medium,Low,Urban,High,
37.282985,-121.8117835,95123,0.546262158,1.746809606,0.231069793,0,1,1,,,,,,,Medium,Low,Urban,High,
37.28163919,-121.9880943,95051,0.476904035,1.764321635,0.28490199,0,1,1,,,,,,,Medium,Low,Urban,High,
37.282985,-121.9893081,95051,0.476904035,1.692224433,0.275409607,0,1,1,,,,,,,Medium,Low,Urban,High,
37.28646281,-121.9913349,95051,0.476904035,1.533874125,0.111458321,0,1,1,,,,,,,Medium,Low,Urban,High,
37.28646281,-121.9908065,95051,0.476904035,1.542268711,0.11898126,0,1,1,,,,,,,Medium,Low,Urban,High,
37.2890735,-121.9865191,95051,0.476904035,1.552346396,0.118397434,0,1,1,,,,,,,Medium,Low,Urban,High,
37.2906222,-121.9933874,95051,0.476904035,1.358349585,0.189888128,0,1,1,,,,,,,Medium,Low,Urban,High,
37.2906222,-121.9813037,95051,0.476904035,1.692815273,0.113739032,0,1,1,,,,,,,Medium,Low,Urban,High,
37.29305965,-121.9869368,95051,0.476904035,1.408708411,0.065772495,0,1,1,,,,,,,Medium,Low,Urban,High,
37.29305965,-121.9803882,95051,0.476904035,1.663689591,0.067525357,0,1,1,,,,,,,Medium,Low,Urban,High,
37.29544619,-121.9974732,95051,0.476904035,1.171214647,0.073065623,0,1,1,,,,,,,Medium,Low,Urban,High,
37.29544619,-121.9936186,95051,0.476904035,1.181309547,0.044676568,0,1,1,,,,,,,Medium,Low,Urban,High,
37.29544619,-121.9804831,95051,0.476904035,1.594351733,0.261940908,0,1,1,,,,,,,Medium,Low,Urban,High,
37.29544619,-121.9803624,95051,0.476904035,1.600041064,0.208371969,0,1,1,,,,,,,Medium,Low,Urban,High,
37.29544619,-121.9782025,95051,0.476904035,1.59738161,0.094620963,0,1,1,,,,,,,Medium,Low,Urban,High,
37.2970086,-121.9903142,95051,0.476904035,1.182573131,0.248440917,0,1,1,,,,,,,Medium,Low,Urban,High,
37.2970086,-121.9848448,95051,0.476904035,1.359506535,0.298782818,0,1,1,,,,,,,Medium,Low,Urban,High,
37.29948853,-121.9756187,95051,0.476904035,1.462256178,0.1851935,0,1,1,,,,,,,Medium,Low,Urban,High,
37.29948853,-121.9683433,95051,0.476904035,1.607962559,0.15066998,0,1,1,,,,,,,Medium,Low,Urban,High,
37.29972048,-121.991636,95051,0.476904035,1.059232966,0.160544124,0,1,1,,,,,,,Medium,Low,Urban,High,
37.29972048,-121.9746436,95051,0.476904035,1.464338812,0.188413993,0,1,1,,,,,,,Medium,Low,Urban,High,
37.29991058,-121.9913587,95051,0.476904035,1.058478995,0.305340965,0,1,1,,,,,,,Medium,Low,Urban,High,
37.29991058,-121.989374,95051,0.476904035,1.109408485,0.159997457,0,1,1,,,,,,,Medium,Low,Urban,High,
37.29991058,-121.9750145,95051,0.476904035,1.453124795,0.205260366,0,1,1,,,,,,,Medium,Low,Urban,High,
37.30156605,-122.0005675,95051,0.476904035,0.991029866,0.130136057,0,1,1,,,,,,,Medium,Low,Urban,High,
37.30156605,-121.979086,95051,0.476904035,1.374129549,0.186936835,0,1,1,,,,,,,Medium,Low,Urban,High,
37.30156605,-121.9739645,95051,0.476904035,1.407457867,0.103065123,0,1,1,,,,,,,Medium,Low,Urban,High,
37.30156605,-121.9629869,95051,0.476904035,1.738803257,0.032140587,0,1,1,,,,,,,Medium,Low,Urban,High,
37.30337946,-121.9878111,95051,0.476904035,1.051314881,0.0650276,0,1,1,,,,,,,Medium,Low,Urban,High,
37.30337946,-121.9744546,95051,0.476904035,1.335432367,0.040730007,0,1,1,,,,,,,Medium,Low,Urban,High,
37.30575103,-122.0032273,95051,0.476904035,0.928030209,0.167000268,0,1,1,,,,,,,Medium,Low,Urban,High,
37.30575103,-121.997168,95051,0.476904035,0.793439892,0.229967067,0,1,1,,,,,,,Medium,Low,Urban,High,
37.30575103,-121.9945117,95051,0.476904035,0.799069057,0.232041937,0,1,1,,,,,,,Medium,Low,Urban,High,
37.30575103,-121.9867984,95051,0.476904035,1.022948271,0.185290961,0,1,1,,,,,,,Medium,Low,Urban,High,
37.30575103,-121.9849877,95051,0.476904035,1.106578946,0.125361844,0,1,1,,,,,,,Medium,Low,Urban,High,
37.30575103,-121.974621,95051,0.476904035,1.248161615,0.118502634,0,1,1,,,,,,,Medium,Low,Urban,High,
37.30575103,-121.972253,95051,0.476904035,1.292528052,0.182912447,0,1,1,,,,,,,Medium,Low,Urban,High,
37.30575103,-121.9665481,95051,0.476904035,1.470401942,0.268570005,0,1,1,,,,,,,Medium,Low,Urban,High,
37.30723791,-121.9866225,95051,0.476904035,0.989576594,0.155825098,0,1,1,,,,,,,Medium,Low,Urban,High,
37.30723791,-121.9743147,95051,0.476904035,1.199859039,0.16141965,0,1,1,,,,,,,Medium,Low,Urban,High,
37.30723791,-121.9688551,95051,0.476904035,1.340196013,0.126992218,0,1,1,,,,,,,Medium,Low,Urban,High,
37.30933908,-122.0003101,95051,0.476904035,0.717951315,0.185434432,0,1,1,,,,,,,Medium,Low,Urban,High,
37.30933908,-121.9997722,95051,0.476904035,0.70405453,0.185369474,0,1,1,,,,,,,Medium,Low,Urban,High,
37.30933908,-121.9898169,95051,0.476904035,0.792913598,0.24307032,0,1,1,,,,,,,Medium,Low,Urban,High,
37.30933908,-121.9828862,95051,0.476904035,1.131407566,0.149418895,0,1,1,,,,,,,Medium,Low,Urban,High,
37.30933908,-121.9766196,95051,0.476904035,1.096020162,0.125612365,0,1,1,,,,,,,Medium,Low,Urban,High,
37.30933908,-121.9687318,95051,0.476904035,1.278335936,0.200017033,0,1,1,,,,,,,Medium,Low,Urban,High,
37.30933908,-121.9656708,95051,0.476904035,1.400765362,0.215458082,0,1,1,,,,,,,Medium,Low,Urban,High,
37.30933908,-121.9616129,95051,0.476904035,1.592134131,0.168613207,0,1,1,,,,,,,Medium,Low,Urban,High,
37.30950653,-121.9981695,95051,0.476904035,0.667193719,0.126696169,0,1,1,,,,,,,Medium,Low,Urban,High,
37.30950653,-121.9914937,95051,0.476904035,0.729374261,0.175480798,0,1,1,,,,,,,Medium,Low,Urban,High,
37.30950653,-121.9844561,95051,0.476904035,1.041304201,0.169057399,0,1,1,,,,,,,Medium,Low,Urban,High,
37.30950653,-121.9809329,95051,0.476904035,1.096587692,0.125274284,0,1,1,,,,,,,Medium,Low,Urban,High,
37.30950653,-121.9765525,95051,0.476904035,1.090472709,0.055481267,0,1,1,,,,,,,Medium,Low,Urban,High,
37.30950653,-121.963489,95051,0.476904035,1.495742751,0.06218562,0,1,1,,,,,,,Medium,Low,Urban,High,
37.30981285,-121.9734064,95051,0.476904035,1.126248253,0.24192759,0,1,1,,,,,,,Medium,Low,Urban,High,
37.30981285,-121.9733529,95051,0.476904035,1.127391519,0.251662512,0,1,1,,,,,,,Medium,Low,Urban,High,
37.3125031,-121.9948812,95051,0.476904035,0.550889993,0.15697011,0,1,1,,,,,,,Medium,Low,Urban,High,
37.3125031,-121.992164,95051,0.476904035,0.610572816,0.19195446,0,1,1,,,,,,,Medium,Low,Urban,High,
37.3125031,-121.9919564,95051,0.476904035,0.617247376,0.239093291,0,1,1,,,,,,,Medium,Low,Urban,High,
37.3125031,-121.9854625,95051,0.476904035,0.919307069,0.297317229,0,1,1,,,,,,,Medium,Low,Urban,High,
37.3125031,-121.9792305,95051,0.476904035,0.974725556,0.325167701,0,1,1,,,,,,,Medium,Low,Urban,High,
37.31321872,-122.0086509,95051,0.476904035,1.004141642,0.147503028,0,1,1,,,,,,,Medium,Low,Urban,High,
37.31321872,-122.0060721,95051,0.476904035,0.856335432,0.1513385,0,1,1,,,,,,,Medium,Low,Urban,High,
37.31321872,-122.0020045,95051,0.476904035,0.654705847,0.181750151,0,1,1,,,,,,,Medium,Low,Urban,High,
37.31321872,-121.9990903,95051,0.476904035,0.554530518,0.173068439,0,1,1,,,,,,,Medium,Low,Urban,High,
37.31321872,-121.9957212,95051,0.476904035,0.518199427,0.158338814,0,1,1,,,,,,,Medium,Low,Urban,High,
37.31321872,-121.9856699,95051,0.476904035,0.892355859,0.094454308,0,1,1,,,,,,,Medium,Low,Urban,High,
37.31321872,-121.9748127,95051,0.476904035,0.979264261,0.106009383,0,1,1,,,,,,,Medium,Low,Urban,High,
37.31321872,-121.9682305,95051,0.476904035,1.180161718,0.176368925,0,1,1,,,,,,,Medium,Low,Urban,High,
37.31321872,-121.9633321,95051,0.476904035,1.40859087,0.178993622,0,1,1,,,,,,,Medium,Low,Urban,High,
37.31463554,-121.9995987,95051,0.476904035,0.521372432,0.181103323,0,1,1,,,,,,,Medium,Low,Urban,High,
37.31463554,-121.9916247,95051,0.476904035,0.562319318,0.136555304,0,1,1,,,,,,,Medium,Low,Urban,High,
37.31463554,-121.9802187,95051,0.476904035,0.90364422,0.163754636,0,1,1,,,,,,,Medium,Low,Urban,High,
37.31463554,-121.9768472,95051,0.476904035,0.901702314,0.168821557,0,1,1,,,,,,,Medium,Low,Urban,High,
37.31463554,-121.9701857,95051,0.476904035,1.060774002,0.203320248,0,1,1,,,,,,,Medium,Low,Urban,High,
37.31463554,-121.9637935,95051,0.476904035,1.350254427,0.212632594,0,1,1,,,,,,,Medium,Low,Urban,High,
37.3149789,-122.0090657,95051,0.476904035,0.997965366,0.106746045,0,1,1,,,,,,,Medium,Low,Urban,High,
37.3149789,-122.0046536,95051,0.476904035,0.739325481,0.107881314,0,1,1,,,,,,,Medium,Low,Urban,High,
37.3149789,-121.9990006,95051,0.476904035,0.492496856,0.113876818,0,1,1,,,,,,,Medium,Low,Urban,High,
37.3149789,-121.9961943,95051,0.476904035,0.45272287,0.162598852,0,1,1,,,,,,,Medium,Low,Urban,High,
37.3149789,-121.9765873,95051,0.476904035,0.89160978,0.071356507,0,1,1,,,,,,,Medium,Low,Urban,High,
37.3149789,-121.9606693,95051,0.476904035,1.511269273,0.068023907,0,1,1,,,,,,,Medium,Low,Urban,High,
37.31650416,-122.0064348,95051,0.476904035,0.811276357,0.068502663,0,1,1,,,,,,,Medium,Low,Urban,High,
37.31650416,-122.0031405,95051,0.476904035,0.62278247,0.090188579,0,1,1,,,,,,,Medium,Low,Urban,High,
37.31650416,-121.9796343,95051,0.476904035,0.830930948,0.102534003,0,1,1,,,,,,,Medium,Low,Urban,High,
37.31650416,-121.969936,95051,0.476904035,1.01364295,0.229032202,0,1,1,,,,,,,Medium,Low,Urban,High,
37.31650416,-121.9642621,95051,0.476904035,1.281045352,0.207677787,0,1,1,,,,,,,Medium,Low,Urban,High,
37.31650416,-121.9582356,95051,0.476904035,1.621565425,0.083670611,0,1,1,,,,,,,Medium,Low,Urban,High,
37.31837613,-122.0076901,95051,0.476904035,0.859487636,0.064705503,0,1,1,,,,,,,Medium,Low,Urban,High,
37.31837613,-122.0014176,95051,0.476904035,0.48789963,0.139579413,0,1,1,,,,,,,Medium,Low,Urban,High,
37.31837613,-121.9992821,95051,0.476904035,0.391556938,0.194955898,0,1,1,,,,,,,Medium,Low,Urban,High,
37.31837613,-121.9694833,95051,0.476904035,0.978058807,0.146030756,0,1,1,,,,,,,Medium,Low,Urban,High,
37.32058743,-122.0051484,95051,0.476904035,0.666290264,0.09294768,0,1,1,,,,,,,Medium,Low,Urban,High,
37.32058743,-122.0019281,95051,0.476904035,0.467045755,0.088761769,0,1,1,,,,,,,Medium,Low,Urban,High,
37.32058743,-121.9847386,95051,0.476904035,0.805628855,0.153915117,0,1,1,,,,,,,Medium,Low,Urban,High,
37.32058743,-121.978286,95051,0.476904035,0.677359298,0.169048823,0,1,1,,,,,,,Medium,Low,Urban,High,
37.32058743,-121.9745015,95051,0.476904035,0.729536165,0.169207454,0,1,1,,,,,,,Medium,Low,Urban,High,
37.32058743,-121.9595526,95051,0.476904035,1.469437564,0.261095647,0,1,1,,,,,,,Medium,Low,Urban,High,
37.32194949,-122.003149,95051,0.476904035,0.519516491,0.241204869,0,1,1,,,,,,,Medium,Low,Urban,High,
37.32194949,-121.9831948,95051,0.476904035,0.708733843,0.172432811,0,1,1,,,,,,,Medium,Low,Urban,High,
37.32194949,-121.9685128,95051,0.476904035,0.928878212,0.198888938,0,1,1,,,,,,,Medium,Low,Urban,High,
37.32194949,-121.9599014,95051,0.476904035,1.425472151,0.188133776,0,1,1,,,,,,,Medium,Low,Urban,High,
37.32454467,-122.0017848,95051,0.476904035,0.39960593,0.124358606,0,1,1,,,,,,,Medium,Low,Urban,High,
37.32454467,-121.9950089,95051,0.476904035,0.131238852,0.144805097,0,1,1,,,,,,,Medium,Low,Urban,High,
37.32454467,-121.9891737,95051,0.476904035,0.495868789,0.173741544,0,1,1,,,,,,,Medium,Low,Urban,High,
37.32454467,-121.9864942,95051,0.476904035,0.678098039,0.204824552,0,1,1,,,,,,,Medium,Low,Urban,High,
37.32454467,-121.9773929,95051,0.476904035,0.537239372,0.147114248,0,1,1,,,,,,,Medium,Low,Urban,High,
37.32454467,-121.9586351,95051,0.476904035,1.467487262,0.069507243,0,1,1,,,,,,,Medium,Low,Urban,High,
37.32645688,-122.0073626,95051,0.476904035,0.772331113,0.059110895,0,1,1,,,,,,,Medium,Low,Urban,High,
37.32645688,-121.9685433,95051,0.476904035,0.824743091,0.072678348,0,1,1,,,,,,,Medium,Low,Urban,High,
37.3289879,-122.0083733,95051,0.476904035,0.843633988,0.248821098,0,1,1,,,,,,,Medium,Low,Urban,High,
37.3289879,-122.0026318,95051,0.476904035,0.448813864,0.17520541,0,1,1,,,,,,,Medium,Low,Urban,High,
37.3289879,-121.97624,95051,0.476904035,0.399536373,0.116889115,0,1,1,,,,,,,Medium,Low,Urban,High,
37.33055368,-122.0009931,95051,0.476904035,0.351740694,0.155372501,0,1,1,,,,,,,Medium,Low,Urban,High,
37.33055368,-121.9980648,95051,0.476904035,0.174638522,0.164039616,0,1,1,,,,,,,Medium,Low,Urban,High,
37.33055368,-121.9928817,95051,0.476904035,0.25733881,0.10592843,0,1,1,,,,,,,Medium,Low,Urban,High,
37.33055368,-121.9917678,95051,0.476904035,0.327704309,0.105050235,0,1,1,,,,,,,Medium,Low,Urban,High,
37.33055368,-121.981049,95051,0.476904035,0.361325126,0.090986802,0,1,1,,,,,,,Medium,Low,Urban,High,
37.33229121,-122.0074093,95051,0.476904035,0.795766612,0.183242439,0,1,1,,,,,,,Medium,Low,Urban,High,
37.33229121,-121.9992731,95051,0.476904035,0.279358021,0.278438086,0,1,1,,,,,,,Medium,Low,Urban,High,
37.33229121,-121.9608596,95051,0.476904035,1.239088011,0.206503152,0,1,1,,,,,,,Medium,Low,Urban,High,
37.33306415,-122.0010869,95051,0.476904035,0.3976356,0.173682116,0,1,1,,,,,,,Medium,Low,Urban,High,
37.33306415,-121.9885174,95051,0.476904035,0.570340489,0.092539425,0,1,1,,,,,,,Medium,Low,Urban,High,
37.33306415,-121.9857287,95051,0.476904035,0.550743285,0.103235641,0,1,1,,,,,,,Medium,Low,Urban,High,
37.33306415,-121.9818091,95051,0.476904035,0.321486144,0.155795124,0,1,1,,,,,,,Medium,Low,Urban,High,
37.33306415,-121.9801149,95051,0.476904035,0.249660798,0.222402824,0,1,1,,,,,,,Medium,Low,Urban,High,
37.33306415,-121.9744975,95051,0.476904035,0.349872423,0.183842509,0,1,1,,,,,,,Medium,Low,Urban,High,
37.33306415,-121.971142,95051,0.476904035,0.549592281,0.113076371,0,1,1,,,,,,,Medium,Low,Urban,High,
37.3354207,-121.9986606,95051,0.476904035,0.341270436,0.077317145,0,1,1,,,,,,,Medium,Low,Urban,High,
37.3354207,-121.9952178,95051,0.476904035,0.303306305,0.079489174,0,1,1,,,,,,,Medium,Low,Urban,High,
37.3354207,-121.9766277,95051,0.476904035,0.183115557,0.082930141,0,1,1,,,,,,,Medium,Low,Urban,High,
37.3354207,-121.9624154,95051,0.476904035,1.114461427,0.232319734,0,1,1,,,,,,,Medium,Low,Urban,High,
37.33694709,-122.0028516,95051,0.476904035,0.578951619,0.217014108,0,1,1,,,,,,,Medium,Low,Urban,High,
37.33694709,-121.9930365,95051,0.476904035,0.413802644,0.14871117,0,1,1,,,,,,,Medium,Low,Urban,High,
37.33694709,-121.9812994,95051,0.476904035,0.213521626,0.080210172,0,1,1,,,,,,,Medium,Low,Urban,High,
37.33694709,-121.9803005,95051,0.476904035,0.151496955,0.05112284,0,1,1,,,,,,,Medium,Low,Urban,High,
37.33694709,-121.9788771,95051,0.476904035,0.084568109,0.04875117,0,1,1,,,,,,,Medium,Low,Urban,High,
37.33694709,-121.973387,95051,0.476904035,0.3569754,0.080964631,0,1,1,,,,,,,Medium,Low,Urban,High,
37.33847727,-122.0076448,95051,0.476904035,0.890004639,0.188406456,0,1,1,,,,,,,Medium,Low,Urban,High,
37.33847727,-122.0071065,95051,0.476904035,0.857108794,0.231626347,0,1,1,,,,,,,Medium,Low,Urban,High,
37.33847727,-121.9967615,95051,0.476904035,0.409483173,0.310137346,0,1,1,,,,,,,Medium,Low,Urban,High,
37.33847727,-121.9837622,95051,0.476904035,0.369384787,0.129972921,0,1,1,,,,,,,Medium,Low,Urban,High,
37.33847727,-121.9789001,95051,0.476904035,0.039792318,0.131262075,0,1,1,,,,,,,Medium,Low,Urban,High,
37.33847727,-121.974744,95051,0.476904035,0.255449109,0.151760255,0,1,1,,,,,,,Medium,Low,Urban,High,
37.33847727,-121.9694946,95051,0.476904035,0.617580423,0.172305321,0,1,1,,,,,,,Medium,Low,Urban,High,
37.33972225,-121.9986622,95051,0.476904035,0.48420296,0.077360076,0,1,1,,,,,,,Medium,Low,Urban,High,
37.33972225,-121.9902711,95051,0.476904035,0.610654175,0.165026944,0,1,1,,,,,,,Medium,Low,Urban,High,
37.33972225,-121.9884134,95051,0.476904035,0.690458533,0.158849189,0,1,1,,,,,,,Medium,Low,Urban,High,
37.33972225,-121.9710039,95051,0.476904035,0.513389032,0.261688973,0,1,1,,,,,,,Medium,Low,Urban,High,
37.33972225,-121.9638169,95051,0.476904035,1.009741445,0.230367757,0,1,1,,,,,,,Medium,Low,Urban,High,
37.34144029,-122.0003042,95051,0.476904035,0.589061253,0.147819806,0,1,1,,,,,,,Medium,Low,Urban,High,
37.34144029,-121.9978683,95051,0.476904035,0.52889133,0.174302862,0,1,1,,,,,,,Medium,Low,Urban,High,
37.34144029,-121.9959362,95051,0.476904035,0.51639624,0.198911543,0,1,1,,,,,,,Medium,Low,Urban,High,
37.34144029,-121.9834258,95051,0.476904035,0.355943711,0.105144945,0,1,1,,,,,,,Medium,Low,Urban,High,
37.34144029,-121.9786621,95051,0.476904035,0.087332281,0.08229102,0,1,1,,,,,,,Medium,Low,Urban,High,
37.34144029,-121.9748605,95051,0.476904035,0.260905033,0.125597391,0,1,1,,,,,,,Medium,Low,Urban,High,
37.34215097,-122.0059224,95051,0.476904035,0.863552775,0.180118536,0,1,1,,,,,,,Medium,Low,Urban,High,
37.34215097,-122.0033844,95051,0.476904035,0.735332318,0.153589851,0,1,1,,,,,,,Medium,Low,Urban,High,
37.34215097,-122.0031797,95051,0.476904035,0.725850731,0.094157559,0,1,1,,,,,,,Medium,Low,Urban,High,
37.34215097,-122.0027251,95051,0.476904035,0.705352696,0.06763096,0,1,1,,,,,,,Medium,Low,Urban,High,
37.34215097,-121.9879086,95051,0.476904035,0.664670835,0.087812038,0,1,1,,,,,,,Medium,Low,Urban,High,
37.34215097,-121.9717853,95051,0.476904035,0.472305957,0.08201367,0,1,1,,,,,,,Medium,Low,Urban,High,
37.34215097,-121.9687597,95051,0.476904035,0.677236087,0.079083187,0,1,1,,,,,,,Medium,Low,Urban,High,
37.34449653,-121.9982468,95051,0.476904035,0.643804555,0.168583878,0,1,1,,,,,,,Medium,Low,Urban,High,
37.34449653,-121.9834736,95051,0.476904035,0.400865582,0.230205522,0,1,1,,,,,,,Medium,Low,Urban,High,
37.34452043,-122.0046588,95051,0.476904035,0.858820575,0.136338252,0,1,1,,,,,,,Medium,Low,Urban,High,
37.34452043,-121.9728186,95051,0.476904035,0.435369793,0.179106657,0,1,1,,,,,,,Medium,Low,Urban,High,
37.34667353,-122.0046739,95051,0.476904035,0.918792239,0.266504167,0,1,1,,,,,,,Medium,Low,Urban,High,
37.34667353,-121.9850146,95051,0.476904035,0.533053097,0.130569603,0,1,1,,,,,,,Medium,Low,Urban,High,
37.34667353,-121.9806129,95051,0.476904035,0.315798505,0.164976324,0,1,1,,,,,,,Medium,Low,Urban,High,
37.34667353,-121.9671454,95051,0.476904035,0.827332128,0.10697323,0,1,1,,,,,,,Medium,Low,Urban,High,
37.34902014,-122.0026008,95051,0.476904035,0.908752116,0.068524312,0,1,1,,,,,,,Medium,Low,Urban,High,
37.34902014,-121.9971745,95051,0.476904035,0.796494624,0.075954585,0,1,1,,,,,,,Medium,Low,Urban,High,
37.34902014,-121.9898372,95051,0.476904035,0.868105547,0.143218953,0,1,1,,,,,,,Medium,Low,Urban,High,
37.34902014,-121.9831585,95051,0.476904035,0.488701554,0.142488163,0,1,1,,,,,,,Medium,Low,Urban,High,
37.34902014,-121.974809,95051,0.476904035,0.440864465,0.211032505,0,1,1,,,,,,,Medium,Low,Urban,High,
37.34902014,-121.9731877,95051,0.476904035,0.512746832,0.221599165,0,1,1,,,,,,,Medium,Low,Urban,High,
37.35085624,-121.9851419,95051,0.476904035,0.632906369,0.249173849,0,1,1,,,,,,,Medium,Low,Urban,High,
37.35085624,-121.9757978,95051,0.476904035,0.46711077,0.174905372,0,1,1,,,,,,,Medium,Low,Urban,High,
37.35214756,-121.9938273,95051,0.476904035,0.922696429,0.17169321,0,1,1,,,,,,,Medium,Low,Urban,High,
37.35214756,-121.9825509,95051,0.476904035,0.556210925,0.111978053,0,1,1,,,,,,,Medium,Low,Urban,High,
37.35214756,-121.9667255,95051,0.476904035,0.939003342,0.175562784,0,1,1,,,,,,,Medium,Low,Urban,High,
37.35476489,-121.989351,95051,0.476904035,0.948002223,0.079113626,0,1,1,,,,,,,Medium,Low,Urban,High,
37.35476489,-121.9764931,95051,0.476904035,0.588741442,0.101509778,0,1,1,,,,,,,Medium,Low,Urban,High,
37.35476489,-121.9727137,95051,0.476904035,0.640030546,0.103451767,0,1,1,,,,,,,Medium,Low,Urban,High,
37.35476489,-121.9693281,95051,0.476904035,0.76057619,0.104072288,0,1,1,,,,,,,Medium,Low,Urban,High,
37.35687459,-122.0014923,95051,0.476904035,0.779941663,0.093814912,0,1,1,,,,,,,Medium,Low,Urban,High,
37.35687459,-121.9953351,95051,0.476904035,0.759694762,0.084601073,0,1,1,,,,,,,Medium,Low,Urban,High,
37.35687459,-121.9889926,95051,0.476904035,0.961011176,0.119443554,0,1,1,,,,,,,Medium,Low,Urban,High,
37.35687459,-121.9858554,95051,0.476904035,0.828780435,0.178860551,0,1,1,,,,,,,Medium,Low,Urban,High,
37.35687459,-121.9814914,95051,0.476904035,0.629474372,0.208070933,0,1,1,,,,,,,Medium,Low,Urban,High,
37.35687459,-121.9813527,95051,0.476904035,0.624002783,0.251997588,0,1,1,,,,,,,Medium,Low,Urban,High,
37.3581442,-122.0018911,95051,0.476904035,0.74582747,0.061280158,0,1,1,,,,,,,Medium,Low,Urban,High,
37.3581442,-121.9762627,95051,0.476904035,0.468086085,0.199898868,0,1,1,,,,,,,Medium,Low,Urban,High,
37.3581442,-121.972845,95051,0.476904035,0.523694106,0.201337245,0,1,1,,,,,,,Medium,Low,Urban,High,
37.35870644,-122.0020554,95051,0.476904035,0.73115173,0.274312145,0,1,1,,,,,,,Medium,Low,Urban,High,
37.35870644,-122.0019061,95051,0.476904035,0.727146458,0.283365615,0,1,1,,,,,,,Medium,Low,Urban,High,
37.35870644,-122.000881,95051,0.476904035,0.703125963,0.292492284,0,1,1,,,,,,,Medium,Low,Urban,High,
37.3591481,-121.999053,95051,0.476904035,0.66072084,0.148191643,0,1,1,,,,,,,Medium,Low,Urban,High,
37.3591481,-121.9820628,95051,0.476904035,0.589683848,0.066709009,0,1,1,,,,,,,Medium,Low,Urban,High,
37.36073365,-121.9971455,95051,0.476904035,0.599884462,0.131127131,0,1,1,,,,,,,Medium,Low,Urban,High,
37.36073365,-121.988263,95051,0.476904035,0.89398267,0.190232221,0,1,1,,,,,,,Medium,Low,Urban,High,
37.36073365,-121.9693953,95051,0.476904035,0.588361196,0.282922096,0,1,1,,,,,,,Medium,Low,Urban,High,
37.36073365,-121.9675537,95051,0.476904035,0.668493742,0.251910681,0,1,1,,,,,,,Medium,Low,Urban,High,
37.3623667,-122.0007701,95051,0.476904035,0.57368769,0.231489179,0,1,1,,,,,,,Medium,Low,Urban,High,
37.36454465,-121.9931229,95051,0.476904035,0.56406898,0.170091312,0,1,1,,,,,,,Medium,Low,Urban,High,
37.36454465,-121.9886385,95051,0.476904035,0.786183942,0.122857211,0,1,1,,,,,,,Medium,Low,Urban,High,
37.36454465,-121.9821332,95051,0.476904035,0.469337841,0.082297776,0,1,1,,,,,,,Medium,Low,Urban,High,
37.36454465,-121.9815656,95051,0.476904035,0.435773017,0.065571683,0,1,1,,,,,,,Medium,Low,Urban,High,
37.36744695,-121.9805066,95051,0.476904035,0.320996591,0.172642636,0,1,1,,,,,,,Medium,Low,Urban,High,
37.36744695,-121.9748965,95051,0.476904035,0.15803761,0.26450654,0,1,1,,,,,,,Medium,Low,Urban,High,
37.36744695,-121.9718644,95051,0.476904035,0.289323308,0.153467777,0,1,1,,,,,,,Medium,Low,Urban,High,
37.36744695,-121.9678293,95051,0.476904035,0.501522761,0.07212396,0,1,1,,,,,,,Medium,Low,Urban,High,
37.3689157,-122.0002645,95051,0.476904035,0.340470161,0.02710553,0,1,1,,,,,,,Medium,Low,Urban,High,
37.3689157,-121.9989068,95051,0.476904035,0.30638144,0.060407995,0,1,1,,,,,,,Medium,Low,Urban,High,
37.3689157,-121.9857251,95051,0.476904035,0.659253631,0.153482824,0,1,1,,,,,,,Medium,Low,Urban,High,
37.3704072,-122.0001818,95051,0.476904035,0.290674646,0.079854177,0,1,1,,,,,,,Medium,Low,Urban,High,
37.3704072,-121.9941114,95051,0.476904035,0.35677662,0.072763219,0,1,1,,,,,,,Medium,Low,Urban,High,
37.37090691,-121.9843413,95051,0.476904035,0.559477266,0.201233226,0,1,1,,,,,,,Medium,Low,Urban,High,
37.37090691,-121.9835395,95051,0.476904035,0.504074936,0.188789932,0,1,1,,,,,,,Medium,Low,Urban,High,
37.37090691,-121.9819476,95051,0.476904035,0.394078809,0.181344652,0,1,1,,,,,,,Medium,Low,Urban,High,
37.37236348,-121.9814934,95051,0.476904035,0.366434521,0.070385719,0,1,1,,,,,,,Medium,Low,Urban,High,
37.37236348,-121.9751252,95051,0.476904035,0.087646078,0.058576718,0,1,1,,,,,,,Medium,Low,Urban,High,
37.37236348,-121.9678809,95051,0.476904035,0.44091941,0.127047767,0,1,1,,,,,,,Medium,Low,Urban,High,
37.37402157,-122.0012927,95051,0.476904035,0.260391115,0.136182554,0,1,1,,,,,,,Medium,Low,Urban,High,
37.37402157,-121.9973065,95051,0.476904035,0.118154895,0.190958943,0,1,1,,,,,,,Medium,Low,Urban,High,
37.37402157,-121.9934552,95051,0.476904035,0.325661249,0.212684107,0,1,1,,,,,,,Medium,Low,Urban,High,
37.37731751,-121.9921505,95051,0.476904035,0.39636064,0.118354055,0,1,1,,,,,,,Medium,Low,Urban,High,
37.37991662,-121.9953793,95051,0.476904035,0.20231395,0.174036349,0,1,1,,,,,,,Medium,Low,Urban,High,
37.37991662,-121.971068,95051,0.476904035,0.306038972,0.271330673,0,1,1,,,,,,,Medium,Low,Urban,High,
37.38150858,-122.0013284,95051,0.476904035,0.288375762,0.256632288,0,1,1,,,,,,,Medium,Low,Urban,High,
37.38150858,-122.0001361,95051,0.476904035,0.225264906,0.236694149,0,1,1,,,,,,,Medium,Low,Urban,High,
37.38150858,-121.9884429,95051,0.476904035,0.672467422,0.159888383,0,1,1,,,,,,,Medium,Low,Urban,High,
37.38150858,-121.9742575,95051,0.476904035,0.274510413,0.134138924,0,1,1,,,,,,,Medium,Low,Urban,High,
37.38150858,-121.9725733,95051,0.476904035,0.296663488,0.060216497,0,1,1,,,,,,,Medium,Low,Urban,High,
37.38172833,-122.0007878,95051,0.476904035,0.263567164,0.011901984,0,1,1,,,,,,,Medium,Low,Urban,High,
37.38172833,-121.9945528,95051,0.476904035,0.286794805,0.067742351,0,1,1,,,,,,,Medium,Low,Urban,High,
37.38172833,-121.9922007,95051,0.476904035,0.42837751,0.102665995,0,1,1,,,,,,,Medium,Low,Urban,High,
37.38254026,-122.0015513,95051,0.476904035,0.323210816,0.189776088,0,1,1,,,,,,,Medium,Low,Urban,High,
37.38254026,-121.9978338,95051,0.476904035,0.200748027,0.281995032,0,1,1,,,,,,,Medium,Low,Urban,High,
37.38254026,-121.9936305,95051,0.476904035,0.355961003,0.282578075,0,1,1,,,,,,,Medium,Low,Urban,High,
37.38518162,-121.998104,95051,0.476904035,0.297812602,0.129442522,0,1,1,,,,,,,Medium,Low,Urban,High,
37.38761416,-121.9948181,95051,0.476904035,0.440765854,0.057743356,0,1,1,,,,,,,Medium,Low,Urban,High,
37.39013772,-122.0011775,95051,0.476904035,0.53019945,0.121940285,0,1,1,,,,,,,Medium,Low,Urban,High,
37.39216313,-121.9893657,95051,0.476904035,0.807664604,0.23680658,0,1,1,,,,,,,Medium,Low,Urban,High,
37.39468838,-121.9966516,95051,0.476904035,0.651099459,0.228228976,0,1,1,,,,,,,Medium,Low,Urban,High,
37.39468838,-121.9921501,95051,0.476904035,0.757395033,0.20746315,0,1,1,,,,,,,Medium,Low,Urban,High,
37.39634043,-121.9974908,95051,0.476904035,0.706517625,0.197029623,0,1,1,,,,,,,Medium,Low,Urban,High,
37.39634043,-121.9900048,95051,0.476904035,0.891521978,0.190063687,0,1,1,,,,,,,Medium,Low,Urban,High,
37.30156605,-121.8579616,95112,0.490949472,0.643568923,0.045755605,0,1,1,,,,,,,Medium,Low,Urban,High,
37.30575103,-121.8566894,95112,0.490949472,0.492211995,0.072381099,0,1,1,,,,,,,Medium,Low,Urban,High,
37.30723791,-121.8593185,95112,0.490949472,0.455284179,0.05375527,0,1,1,,,,,,,Medium,Low,Urban,High,
37.30933908,-121.8549691,95112,0.490949472,0.396244985,0.211249385,0,1,1,,,,,,,Medium,Low,Urban,High,
37.30950653,-121.8542162,95112,0.490949472,0.415742497,0.321115907,0,1,1,,,,,,,Medium,Low,Urban,High,
37.30981285,-121.8592828,95112,0.490949472,0.365580451,0.281983826,0,1,1,,,,,,,Medium,Low,Urban,High,
37.3125031,-121.8620258,95112,0.490949472,0.401857365,0.242004409,0,1,1,,,,,,,Medium,Low,Urban,High,
37.31321872,-121.8558622,95112,0.490949472,0.241976882,0.244410475,0,1,1,,,,,,,Medium,Low,Urban,High,
37.31321872,-121.8525818,95112,0.490949472,0.397598816,0.305093452,0,1,1,,,,,,,Medium,Low,Urban,High,
37.31463554,-121.8513063,95112,0.490949472,0.452476332,0.106482787,0,1,1,,,,,,,Medium,Low,Urban,High,
37.3149789,-121.8502902,95112,0.490949472,0.514578863,0.125657176,0,1,1,,,,,,,Medium,Low,Urban,High,
37.31650416,-121.8539587,95112,0.490949472,0.257007391,0.078429357,0,1,1,,,,,,,Medium,Low,Urban,High,
37.31650416,-121.8489579,95112,0.490949472,0.591407479,0.079433437,0,1,1,,,,,,,Medium,Low,Urban,High,
37.32194949,-121.8655014,95112,0.490949472,0.56885432,0.03102658,0,1,1,,,,,,,Medium,Low,Urban,High,
37.32194949,-121.8501019,95112,0.490949472,0.514266213,0.073799249,0,1,1,,,,,,,Medium,Low,Urban,High,
37.32454467,-121.8635262,95112,0.490949472,0.466362411,0.074256339,0,1,1,,,,,,,Medium,Low,Urban,High,
37.32454467,-121.8566592,95112,0.490949472,0.202219666,0.034794324,0,1,1,,,,,,,Medium,Low,Urban,High,
37.32454467,-121.8564608,95112,0.490949472,0.206114562,0.030600181,0,1,1,,,,,,,Medium,Low,Urban,High,
37.32454467,-121.8540969,95112,0.490949472,0.300585879,0.064434116,0,1,1,,,,,,,Medium,Low,Urban,High,
37.32645688,-121.8598242,95112,0.490949472,0.31384699,0.114604411,0,1,1,,,,,,,Medium,Low,Urban,High,
37.33055368,-121.8683527,95112,0.490949472,0.863077015,0.220177343,0,1,1,,,,,,,Medium,Low,Urban,High,
37.33229121,-121.8691592,95112,0.490949472,0.942850459,0.14724381,0,1,1,,,,,,,Medium,Low,Urban,High,
37.33306415,-121.8695212,95112,0.490949472,0.978778296,0.114355028,0,1,1,,,,,,,Medium,Low,Urban,High,
37.32194949,-121.8460743,95122,0.496374522,0.747904978,0.084723048,0,1,1,,,,,,,Medium,Low,Urban,High,
37.32454467,-121.8442651,95122,0.496374522,0.805387835,0.092654221,0,1,1,,,,,,,Medium,Low,Urban,High,
37.32645688,-121.8532582,95122,0.496374522,0.302051783,0.117124163,0,1,1,,,,,,,Medium,Low,Urban,High,
37.32645688,-121.8516224,95122,0.496374522,0.356469492,0.171811962,0,1,1,,,,,,,Medium,Low,Urban,High,
37.33055368,-121.858393,95122,0.496374522,0.286529477,0.123900987,0,1,1,,,,,,,Medium,Low,Urban,High,
37.33055368,-121.8506173,95122,0.496374522,0.314863789,0.054672371,0,1,1,,,,,,,Medium,Low,Urban,High,
37.33229121,-121.8530456,95122,0.496374522,0.136894241,0.050953533,0,1,1,,,,,,,Medium,Low,Urban,High,
37.33229121,-121.8438496,95122,0.496374522,0.75552802,0.068309001,0,1,1,,,,,,,Medium,Low,Urban,High,
37.33229121,-121.8409651,95122,0.496374522,0.954131087,0.111888747,0,1,1,,,,,,,Medium,Low,Urban,High,
37.33306415,-121.8628929,95122,0.496374522,0.565377109,0.124705985,0,1,1,,,,,,,Medium,Low,Urban,High,
37.33306415,-121.8602075,95122,0.496374522,0.380634894,0.148851236,0,1,1,,,,,,,Medium,Low,Urban,High,
37.3354207,-121.8642073,95122,0.496374522,0.655917791,0.321768681,0,1,1,,,,,,,Medium,Low,Urban,High,
37.3354207,-121.8606287,95122,0.496374522,0.409481561,0.308827476,0,1,1,,,,,,,Medium,Low,Urban,High,
37.33694709,-121.865995,95122,0.496374522,0.784239617,0.308265198,0,1,1,,,,,,,Medium,Low,Urban,High,
37.33694709,-121.8396694,95122,0.496374522,1.045599691,0.040944159,0,1,1,,,,,,,Medium,Low,Urban,High,
37.33972225,-121.8530189,95122,0.496374522,0.232020475,0.078026313,0,1,1,,,,,,,Medium,Low,Urban,High,
37.34144029,-121.8601481,95122,0.496374522,0.456752456,0.016298478,0,1,1,,,,,,,Medium,Low,Urban,High,
37.34215097,-121.8636687,95122,0.496374522,0.681216705,0.092537964,0,1,1,,,,,,,Medium,Low,Urban,High,
37.34215097,-121.8561274,95122,0.496374522,0.303674115,0.086641808,0,1,1,,,,,,,Medium,Low,Urban,High,
37.34449653,-121.8530888,95122,0.496374522,0.390474163,0.153087673,0,1,1,,,,,,,Medium,Low,Urban,High,
37.34667353,-121.8548882,95122,0.496374522,0.453068681,0.191386203,0,1,1,,,,,,,Medium,Low,Urban,High,
37.34902014,-121.8567769,95122,0.496374522,0.556714803,0.142341284,0,1,1,,,,,,,Medium,Low,Urban,High,
37.35085624,-121.8528013,95122,0.496374522,0.620023534,0.124326498,0,1,1,,,,,,,Medium,Low,Urban,High,
37.35214756,-121.8526491,95122,0.496374522,0.668271796,0.125227953,0,1,1,,,,,,,Medium,Low,Urban,High,
37.2795579,-121.8657674,95125,0.45594122,0.906941204,0.137543278,0,0.7,1,,,,,,,Medium,Low,Urban,Medium,
37.28163919,-121.872829,95125,0.45594122,0.903800306,0.149928249,0,0.7,1,,,,,,,Medium,Low,Urban,Medium,
37.28163919,-121.8664106,95125,0.45594122,0.826682937,0.255854388,0,0.7,1,,,,,,,Medium,Low,Urban,Medium,
37.28646281,-121.8745075,95125,0.45594122,0.810987166,0.075133166,0,0.7,1,,,,,,,Medium,Low,Urban,Medium,
37.28646281,-121.8722715,95125,0.45594122,0.728517195,0.101423856,0,0.7,1,,,,,,,Medium,Low,Urban,Medium,
37.28646281,-121.8680005,95125,0.45594122,0.648778803,0.200443692,0,0.7,1,,,,,,,Medium,Low,Urban,Medium,
37.28886784,-121.8796156,95125,0.45594122,1.010383749,0.219791514,0,0.7,1,,,,,,,Medium,Low,Urban,Medium,
37.28886784,-121.8745421,95125,0.45594122,0.74436162,0.221683255,0,0.7,1,,,,,,,Medium,Low,Urban,Medium,
37.28886784,-121.8647732,95125,0.45594122,0.589516896,0.240052064,0,0.7,1,,,,,,,Medium,Low,Urban,Medium,
37.2890735,-121.8657193,95125,0.45594122,0.565097438,0.251734606,0,0.7,1,,,,,,,Medium,Low,Urban,Medium,
37.2906222,-121.8708613,95125,0.45594122,0.549255807,0.193625551,0,0.7,1,,,,,,,Medium,Low,Urban,Medium,
37.2906222,-121.8626654,95125,0.45594122,0.595756551,0.107191616,0,0.7,1,,,,,,,Medium,Low,Urban,Medium,
37.29305965,-121.8841586,95125,0.45594122,1.224552487,0.049718851,0,0.7,1,,,,,,,Medium,Low,Urban,Medium,
37.29305965,-121.8804883,95125,0.45594122,0.988957996,0.0187673,0,0.7,1,,,,,,,Medium,Low,Urban,Medium,
37.29305965,-121.8686369,95125,0.45594122,0.415243429,0.111628175,0,0.7,1,,,,,,,Medium,Low,Urban,Medium,
37.29305965,-121.8641799,95125,0.45594122,0.465293681,0.190638904,0,0.7,1,,,,,,,Medium,Low,Urban,Medium,
37.29544619,-121.8842366,95125,0.45594122,1.203616372,0.252251918,0,0.7,1,,,,,,,Medium,Low,Urban,Medium,
37.29544619,-121.8840071,95125,0.45594122,1.188336373,0.225475284,0,0.7,1,,,,,,,Medium,Low,Urban,Medium,
37.29544619,-121.8822802,95125,0.45594122,1.073897756,0.222033806,0,0.7,1,,,,,,,Medium,Low,Urban,Medium,
37.29544619,-121.8708464,95125,0.45594122,0.397007076,0.208300206,0,0.7,1,,,,,,,Medium,Low,Urban,Medium,
37.29544619,-121.8588226,95125,0.45594122,0.676191498,0.104877042,0,0.7,1,,,,,,,Medium,Low,Urban,Medium,
37.2970086,-121.8753573,95125,0.45594122,0.606705032,0.074082209,0,0.7,1,,,,,,,Medium,Low,Urban,Medium,
37.2970086,-121.8732517,95125,0.45594122,0.479745616,0.079549081,0,0.7,1,,,,,,,Medium,Low,Urban,Medium,
37.29948853,-121.8852776,95125,0.45594122,1.244245753,0.003461715,0,0.7,1,,,,,,,Medium,Low,Urban,Medium,
37.29948853,-121.8815094,95125,0.45594122,0.987045107,0.04060289,0,0.7,1,,,,,,,Medium,Low,Urban,Medium,
37.29948853,-121.8674672,95125,0.45594122,0.172457921,0.106296056,0,0.7,1,,,,,,,Medium,Low,Urban,Medium,
37.29948853,-121.8609766,95125,0.45594122,0.479021722,0.181458089,0,0.7,1,,,,,,,Medium,Low,Urban,Medium,
37.29972048,-121.8856026,95125,0.45594122,1.265364563,0.242130123,0,0.7,1,,,,,,,Medium,Low,Urban,Medium,
37.29991058,-121.8791258,95125,0.45594122,0.822299023,0.176349986,0,0.7,1,,,,,,,Medium,Low,Urban,Medium,
37.29991058,-121.8660517,95125,0.45594122,0.184189041,0.197201515,0,0.7,1,,,,,,,Medium,Low,Urban,Medium,
37.30337946,-121.8617475,95125,0.45594122,0.394822239,0.129549108,0,0.7,1,,,,,,,Medium,Low,Urban,Medium,
37.30575103,-121.8829773,95125,0.45594122,1.07474689,0.203863747,0,0.7,1,,,,,,,Medium,Low,Urban,Medium,
37.30575103,-121.8756424,95125,0.45594122,0.569224783,0.202473908,0,0.7,1,,,,,,,Medium,Low,Urban,Medium,
37.30575103,-121.8753911,95125,0.45594122,0.551947463,0.202437099,0,0.7,1,,,,,,,Medium,Low,Urban,Medium,
37.30575103,-121.8723808,95125,0.45594122,0.34566171,0.204231773,0,0.7,1,,,,,,,Medium,Low,Urban,Medium,
37.30575103,-121.8610961,95125,0.45594122,0.442212758,0.264735367,0,0.7,1,,,,,,,Medium,Low,Urban,Medium,
37.30933908,-121.8766297,95125,0.45594122,0.661636467,0.268665804,0,0.7,1,,,,,,,Medium,Low,Urban,Medium,
37.30933908,-121.8754451,95125,0.45594122,0.583575452,0.269618615,0,0.7,1,,,,,,,Medium,Low,Urban,Medium,
37.30933908,-121.8636267,95125,0.45594122,0.323289275,0.129581601,0,0.7,1,,,,,,,Medium,Low,Urban,Medium,
37.30950653,-121.8859509,95125,0.45594122,1.293246117,0.087281695,0,0.7,1,,,,,,,Medium,Low,Urban,Medium,
37.30950653,-121.8814968,95125,0.45594122,0.989991649,0.059856423,0,0.7,1,,,,,,,Medium,Low,Urban,Medium,
37.30950653,-121.8674934,95125,0.45594122,0.193040706,0.124745284,0,0.7,1,,,,,,,Medium,Low,Urban,Medium,
37.30950653,-121.8642162,95125,0.45594122,0.294967718,0.175451025,0,0.7,1,,,,,,,Medium,Low,Urban,Medium,
37.30981285,-121.8775554,95125,0.45594122,0.727880014,0.213304069,0,0.7,1,,,,,,,Medium,Low,Urban,Medium,
37.30981285,-121.8711422,95125,0.45594122,0.327079337,0.206691269,0,0.7,1,,,,,,,Medium,Low,Urban,Medium,
37.3125031,-121.8762757,95125,0.45594122,0.681024719,0.208116149,0,0.7,1,,,,,,,Medium,Low,Urban,Medium,
37.3125031,-121.8704076,95125,0.45594122,0.365146376,0.18552773,0,0.7,1,,,,,,,Medium,Low,Urban,Medium,
37.31321872,-121.8694149,95125,0.45594122,0.355546072,0.050178577,0,0.7,1,,,,,,,Medium,Low,Urban,Medium,
37.31463554,-121.8818297,95125,0.45594122,1.064220029,0.287377728,0,0.7,1,,,,,,,Medium,Low,Urban,Medium,
37.31463554,-121.8696235,95125,0.45594122,0.408865674,0.19229702,0,0.7,1,,,,,,,Medium,Low,Urban,Medium,
37.31463554,-121.8653978,95125,0.45594122,0.405562255,0.186334789,0,0.7,1,,,,,,,Medium,Low,Urban,Medium,
37.31463554,-121.8650106,95125,0.45594122,0.415646467,0.172649113,0,0.7,1,,,,,,,Medium,Low,Urban,Medium,
37.3149789,-121.8814255,95125,0.45594122,1.04283435,0.170393547,0,0.7,1,,,,,,,Medium,Low,Urban,Medium,
37.31837613,-121.8775213,95125,0.45594122,0.867033782,0.101539514,0,0.7,1,,,,,,,Medium,Low,Urban,Medium,
37.32058743,-121.8759755,95125,0.45594122,0.83921077,0.192907992,0,0.7,1,,,,,,,Medium,Low,Urban,Medium,
37.32058743,-121.8717546,95125,0.45594122,0.667418185,0.204451806,0,0.7,1,,,,,,,Medium,Low,Urban,Medium,
37.32194949,-121.8728704,95125,0.45594122,0.747768351,0.260646484,0,0.7,1,,,,,,,Medium,Low,Urban,Medium,
37.32454467,-121.8765407,95125,0.45594122,0.972202562,0.274072296,0,0.7,1,,,,,,,Medium,Low,Urban,Medium,
37.32454467,-121.8735605,95125,0.45594122,0.853625315,0.272072621,0,0.7,1,,,,,,,Medium,Low,Urban,Medium,
37.32645688,-121.878855,95125,0.45594122,1.131447605,0.156801564,0,0.7,1,,,,,,,Medium,Low,Urban,Medium,
37.32645688,-121.8744387,95125,0.45594122,0.944465555,0.116539892,0,0.7,1,,,,,,,Medium,Low,Urban,Medium,
37.3289879,-121.8787034,95125,0.45594122,1.19254751,0.03393465,0,0.7,1,,,,,,,Medium,Low,Urban,Medium,
37.33229121,-121.8797031,95125,0.45594122,1.329228445,0.21306701,0,0.7,1,,,,,,,Medium,Low,Urban,Medium,
37.33229121,-121.8746016,95125,0.45594122,1.137446759,0.197476741,0,0.7,1,,,,,,,Medium,Low,Urban,Medium,
37.33306415,-121.8803439,95125,0.45594122,1.379280456,0.203170493,0,0.7,1,,,,,,,Medium,Low,Urban,Medium,
37.33306415,-121.8740297,95125,0.45594122,1.146651657,0.226526871,0,0.7,1,,,,,,,Medium,Low,Urban,Medium,
37.3354207,-121.8802664,95125,0.45594122,1.442670791,0.2337406,0,0.7,1,,,,,,,Medium,Low,Urban,Medium,
37.2795579,-121.8553502,95111,0.513237824,0.649901043,0.104173602,0,0.7,1,,,,,,,Medium,Low,Urban,Medium,
37.2795579,-121.8311446,95111,0.513237824,1.097437243,0.063351218,0,0.7,1,,,,,,,Medium,Low,Urban,Medium,
37.28163919,-121.8541383,95111,0.513237824,0.537194395,0.213473524,0,0.7,1,,,,,,,Medium,Low,Urban,Medium,
37.28163919,-121.8490754,95111,0.513237824,0.392414292,0.247534689,0,0.7,1,,,,,,,Medium,Low,Urban,Medium,
37.28163919,-121.8444233,95111,0.513237824,0.496088453,0.225523709,0,0.7,1,,,,,,,Medium,Low,Urban,Medium,
37.28163919,-121.8385242,95111,0.513237824,0.802752558,0.202175038,0,0.7,1,,,,,,,Medium,Low,Urban,Medium,
37.28163919,-121.8368122,95111,0.513237824,0.836097458,0.169867837,0,0.7,1,,,,,,,Medium,Low,Urban,Medium,
37.28163919,-121.8316242,95111,0.513237824,1.017631344,0.160775641,0,0.7,1,,,,,,,Medium,Low,Urban,Medium,
37.28163919,-121.8283149,95111,0.513237824,1.176642218,0.170555828,0,0.7,1,,,,,,,Medium,Low,Urban,Medium,
37.28163919,-121.8253612,95111,0.513237824,1.335751105,0.175695667,0,0.7,1,,,,,,,Medium,Low,Urban,Medium,
37.28163919,-121.818805,95111,0.513237824,1.723139167,0.175350313,0,0.7,1,,,,,,,Medium,Low,Urban,Medium,
37.282985,-121.8230757,95111,0.513237824,1.440909042,0.121942129,0,0.7,1,,,,,,,Medium,Low,Urban,Medium,
37.28388274,-121.8556868,95111,0.513237824,0.566714041,0.188412176,0,0.7,1,,,,,,,Medium,Low,Urban,Medium,
37.28388274,-121.8481325,95111,0.513237824,0.313872144,0.177545621,0,0.7,1,,,,,,,Medium,Low,Urban,Medium,
37.28388274,-121.844085,95111,0.513237824,0.451025867,0.249813147,0,0.7,1,,,,,,,Medium,Low,Urban,Medium,
37.28388274,-121.8241524,95111,0.513237824,1.360269419,0.197258011,0,0.7,1,,,,,,,Medium,Low,Urban,Medium,
37.28388274,-121.8211358,95111,0.513237824,1.542533069,0.185904352,0,0.7,1,,,,,,,Medium,Low,Urban,Medium,
37.28388274,-121.8182971,95111,0.513237824,1.719488526,0.150190066,0,0.7,1,,,,,,,Medium,Low,Urban,Medium,
37.28646281,-121.8560141,95111,0.513237824,0.541848952,0.063203266,0,0.7,1,,,,,,,Medium,Low,Urban,Medium,
37.28646281,-121.8429528,95111,0.513237824,0.459630897,0.181302012,0,0.7,1,,,,,,,Medium,Low,Urban,Medium,
37.28886784,-121.8589252,95111,0.513237824,0.70973556,0.248854943,0,0.7,1,,,,,,,Medium,Low,Urban,Medium,
37.28886784,-121.8336176,95111,0.513237824,0.729464642,0.028556425,0,0.7,1,,,,,,,Medium,Low,Urban,Medium,
37.28886784,-121.8309613,95111,0.513237824,0.867966114,0.047588439,0,0.7,1,,,,,,,Medium,Low,Urban,Medium,
37.28886784,-121.8243887,95111,0.513237824,1.261116452,0.081939599,0,0.7,1,,,,,,,Medium,Low,Urban,Medium,
37.28886784,-121.8242056,95111,0.513237824,1.272650453,0.110399378,0,0.7,1,,,,,,,Medium,Low,Urban,Medium,
37.2890735,-121.8477116,95111,0.513237824,0.143292982,0.037961528,0,0.7,1,,,,,,,Medium,Low,Urban,Medium,
37.2890735,-121.8470022,95111,0.513237824,0.174547121,0.107877226,0,0.7,1,,,,,,,Medium,Low,Urban,Medium,
37.2890735,-121.8334588,95111,0.513237824,0.731917411,0.237776936,0,0.7,1,,,,,,,Medium,Low,Urban,Medium,
37.2890735,-121.8224491,95111,0.513237824,1.381489383,0.1447781,0,0.7,1,,,,,,,Medium,Low,Urban,Medium,
37.2890735,-121.8177187,95111,0.513237824,1.689332399,0.146352868,0,0.7,1,,,,,,,Medium,Low,Urban,Medium,
37.2906222,-121.8476616,95111,0.513237824,0.102974518,0.251488539,0,0.7,1,,,,,,,Medium,Low,Urban,Medium,
37.2906222,-121.8416742,95111,0.513237824,0.458970597,0.260653012,0,0.7,1,,,,,,,Medium,Low,Urban,Medium,
37.29305965,-121.8297295,95111,0.513237824,0.862038079,0.129953396,0,0.7,1,,,,,,,Medium,Low,Urban,Medium,
37.29305965,-121.8214788,95111,0.513237824,1.398948578,0.175959595,0,0.7,1,,,,,,,Medium,Low,Urban,Medium,
37.29544619,-121.8448447,95111,0.513237824,0.296627554,0.206105171,0,0.7,1,,,,,,,Medium,Low,Urban,Medium,
37.2970086,-121.8580547,95111,0.513237824,0.659711911,0.268393408,0,0.7,1,,,,,,,Medium,Low,Urban,Medium,
37.2970086,-121.8536285,95111,0.513237824,0.372274136,0.298027076,0,0.7,1,,,,,,,Medium,Low,Urban,Medium,
37.2970086,-121.8454476,95111,0.513237824,0.287669524,0.240452416,0,0.7,1,,,,,,,Medium,Low,Urban,Medium,
37.2970086,-121.8435996,95111,0.513237824,0.286485817,0.196562751,0,0.7,1,,,,,,,Medium,Low,Urban,Medium,
37.2970086,-121.8341959,95111,0.513237824,0.521519718,0.087894243,0,0.7,1,,,,,,,Medium,Low,Urban,Medium,
37.2970086,-121.8307663,95111,0.513237824,0.742551935,0.050574937,0,0.7,1,,,,,,,Medium,Low,Urban,Medium,
37.2970086,-121.8255623,95111,0.513237824,1.090803983,0.056977797,0,0.7,1,,,,,,,Medium,Low,Urban,Medium,
37.29948853,-121.8483499,95111,0.513237824,0.260843667,0.20521067,0,0.7,1,,,,,,,Medium,Low,Urban,Medium,
37.29948853,-121.8437454,95111,0.513237824,0.231233941,0.214592869,0,0.7,1,,,,,,,Medium,Low,Urban,Medium,
37.29948853,-121.8430376,95111,0.513237824,0.193369454,0.183223203,0,0.7,1,,,,,,,Medium,Low,Urban,Medium,
37.29972048,-121.8500468,95111,0.513237824,0.280298225,0.137340679,0,0.7,1,,,,,,,Medium,Low,Urban,Medium,
37.29991058,-121.8530184,95111,0.513237824,0.399000793,0.046964642,0,0.7,1,,,,,,,Medium,Low,Urban,Medium,
37.29991058,-121.8499677,95111,0.513237824,0.28535179,0.121148075,0,0.7,1,,,,,,,Medium,Low,Urban,Medium,
37.29991058,-121.8440218,95111,0.513237824,0.239113886,0.170075608,0,0.7,1,,,,,,,Medium,Low,Urban,Medium,
37.29991058,-121.8411762,95111,0.513237824,0.118631011,0.24909944,0,0.7,1,,,,,,,Medium,Low,Urban,Medium,
37.29991058,-121.8309577,95111,0.513237824,0.70474494,0.194337727,0,0.7,1,,,,,,,Medium,Low,Urban,Medium,
37.29991058,-121.8245668,95111,0.513237824,1.142495645,0.166138308,0,0.7,1,,,,,,,Medium,Low,Urban,Medium,
37.30156605,-121.8522947,95111,0.513237824,0.411651093,0.144213248,0,0.7,1,,,,,,,Medium,Low,Urban,Medium,
37.30156605,-121.8399335,95111,0.513237824,0.094318982,0.161332756,0,0.7,1,,,,,,,Medium,Low,Urban,Medium,
37.30156605,-121.8379216,95111,0.513237824,0.221261702,0.195503446,0,0.7,1,,,,,,,Medium,Low,Urban,Medium,
37.30156605,-121.8338234,95111,0.513237824,0.500114362,0.21399359,0,0.7,1,,,,,,,Medium,Low,Urban,Medium,
37.30156605,-121.8224515,95111,0.513237824,1.283839605,0.281569243,0,0.7,1,,,,,,,Medium,Low,Urban,Medium,
37.30575103,-121.8393237,95111,0.513237824,0.150368619,0.175529318,0,0.7,1,,,,,,,Medium,Low,Urban,Medium,
37.30575103,-121.8365813,95111,0.513237824,0.320546798,0.17889419,0,0.7,1,,,,,,,Medium,Low,Urban,Medium,
37.30575103,-121.8219048,95111,0.513237824,1.323714671,0.185755983,0,0.7,1,,,,,,,Medium,Low,Urban,Medium,
37.30723791,-121.8510874,95111,0.513237824,0.563505793,0.191711355,0,0.7,1,,,,,,,Medium,Low,Urban,Medium,
37.30723791,-121.8196709,95111,0.513237824,1.482178958,0.303319881,0,0.7,1,,,,,,,Medium,Low,Urban,Medium,
37.30933908,-121.8485393,95111,0.513237824,0.566899979,0.272116641,0,0.7,1,,,,,,,Medium,Low,Urban,Medium,
37.30933908,-121.8389999,95111,0.513237824,0.265031142,0.195199394,0,0.7,1,,,,,,,Medium,Low,Urban,Medium,
37.30933908,-121.8186372,95111,0.513237824,1.562463532,0.052616805,0,0.7,1,,,,,,,Medium,Low,Urban,Medium,
37.30950653,-121.8308528,95111,0.513237824,0.739272371,0.21951857,0,0.7,1,,,,,,,Medium,Low,Urban,Medium,
37.30950653,-121.8274182,95111,0.513237824,0.967500011,0.193874086,0,0.7,1,,,,,,,Medium,Low,Urban,Medium,
37.30950653,-121.821897,95111,0.513237824,1.341015103,0.186524916,0,0.7,1,,,,,,,Medium,Low,Urban,Medium,
37.30981285,-121.8461611,95111,0.513237824,0.43075074,0.181966397,0,0.7,1,,,,,,,Medium,Low,Urban,Medium,
37.30981285,-121.8419526,95111,0.513237824,0.251413396,0.188461467,0,0.7,1,,,,,,,Medium,Low,Urban,Medium,
37.30981285,-121.8390364,95111,0.513237824,0.278633779,0.2200384,0,0.7,1,,,,,,,Medium,Low,Urban,Medium,
37.30981285,-121.8339766,95111,0.513237824,0.543464661,0.084515816,0,0.7,1,,,,,,,Medium,Low,Urban,Medium,
37.30981285,-121.8210912,95111,0.513237824,1.397785488,0.030599212,0,0.7,1,,,,,,,Medium,Low,Urban,Medium,
37.3125031,-121.8416824,95111,0.513237824,0.344076104,0.068005237,0,0.7,1,,,,,,,Medium,Low,Urban,Medium,
37.3125031,-121.8267497,95111,0.513237824,1.04283236,0.023133177,0,0.7,1,,,,,,,Medium,Low,Urban,Medium,
37.31321872,-121.8378875,95111,0.513237824,0.425837091,0.121245681,0,0.7,1,,,,,,,Medium,Low,Urban,Medium,
37.31463554,-121.8432253,95111,0.513237824,0.445732774,0.246500012,0,0.7,1,,,,,,,Medium,Low,Urban,Medium,
37.31463554,-121.8329066,95111,0.513237824,0.699276899,0.191159578,0,0.7,1,,,,,,,Medium,Low,Urban,Medium,
37.3149789,-121.838587,95111,0.513237824,0.462618187,0.172658515,0,0.7,1,,,,,,,Medium,Low,Urban,Medium,
37.3149789,-121.8358794,95111,0.513237824,0.558320721,0.20331439,0,0.7,1,,,,,,,Medium,Low,Urban,Medium,
37.3149789,-121.8304944,95111,0.513237824,0.845050499,0.2346574,0,0.7,1,,,,,,,Medium,Low,Urban,Medium,
37.3149789,-121.828331,95111,0.513237824,0.976594221,0.14632816,0,0.7,1,,,,,,,Medium,Low,Urban,Medium,
37.3149789,-121.8255187,95111,0.513237824,1.154143275,0.12948508,0,0.7,1,,,,,,,Medium,Low,Urban,Medium,
37.31650416,-121.8446294,95111,0.513237824,0.547218135,0.181538243,0,0.7,1,,,,,,,Medium,Low,Urban,Medium,
37.31650416,-121.8338456,95111,0.513237824,0.694395851,0.163825213,0,0.7,1,,,,,,,Medium,Low,Urban,Medium,
37.31650416,-121.8277835,95111,0.513237824,1.035610116,0.187347081,0,0.7,1,,,,,,,Medium,Low,Urban,Medium,
37.31837613,-121.8452674,95111,0.513237824,0.62811778,0.237808287,0,0.7,1,,,,,,,Medium,Low,Urban,Medium,
37.31837613,-121.8289752,95111,0.513237824,0.999902466,0.30131037,0,0.7,1,,,,,,,Medium,Low,Urban,Medium,
37.32058743,-121.8371967,95111,0.513237824,0.688139183,0.087329489,0,0.7,1,,,,,,,Medium,Low,Urban,Medium,
37.32058743,-121.8352877,95111,0.513237824,0.748650043,0.086890195,0,0.7,1,,,,,,,Medium,Low,Urban,Medium,
37.32058743,-121.8296915,95111,0.513237824,1.007906148,0.063874375,0,0.7,1,,,,,,,Medium,Low,Urban,Medium,
37.32194949,-121.8374445,95111,0.513237824,0.72827366,0.171308278,0,0.7,1,,,,,,,Medium,Low,Urban,Medium,
37.32454467,-121.8328916,95111,0.513237824,0.960732418,0.04948381,0,0.7,1,,,,,,,Medium,Low,Urban,Medium,
37.32645688,-121.831276,95111,0.513237824,1.083644813,0.070208084,0,0.7,1,,,,,,,Medium,Low,Urban,Medium,
37.32645688,-121.8310059,95111,0.513237824,1.095327258,0.057164663,0,0.7,1,,,,,,,Medium,Low,Urban,Medium,
37.3289879,-121.8260752,95111,0.513237824,1.397173488,0.264279334,0,0.7,1,,,,,,,Medium,Low,Urban,Medium,
37.3289879,-121.8221946,95111,0.513237824,1.605434148,0.27729452,0,0.7,1,,,,,,,Medium,Low,Urban,Medium,
37.33055368,-121.8383536,95111,0.513237824,1.015674322,0.261569547,0,0.7,1,,,,,,,Medium,Low,Urban,Medium,
37.33055368,-121.8272766,95111,0.513237824,1.377818964,0.131192576,0,0.7,1,,,,,,,Medium,Low,Urban,Medium,
37.33055368,-121.8235848,95111,0.513237824,1.564479006,0.131568403,0,0.7,1,,,,,,,Medium,Low,Urban,Medium,
37.33306415,-121.8379021,95111,0.513237824,1.11140311,0.253446447,0,0.7,1,,,,,,,Medium,Low,Urban,Medium,
37.33694709,-121.8262011,95111,0.513237824,1.601462703,0.176381533,0,0.7,1,,,,,,,Medium,Low,Urban,Medium,
37.282985,-121.8121469,95123,0.546262158,1.762242666,0.226744436,0,0.7,1,,,,,,,Medium,Low,Urban,Medium,
37.28646281,-121.992619,95051,0.476904035,1.516946949,0.198059146,0,0.7,1,,,,,,,Medium,Low,Urban,Medium,
37.28886784,-121.9897337,95051,0.476904035,1.477644124,0.176216005,0,0.7,1,,,,,,,Medium,Low,Urban,Medium,
37.28886784,-121.9895237,95051,0.476904035,1.482089061,0.207422827,0,0.7,1,,,,,,,Medium,Low,Urban,Medium,
37.28886784,-121.985655,95051,0.476904035,1.585650467,0.187703046,0,0.7,1,,,,,,,Medium,Low,Urban,Medium,
37.2890735,-121.9919582,95051,0.476904035,1.43135446,0.133078639,0,0.7,1,,,,,,,Medium,Low,Urban,Medium,
37.2906222,-121.9854144,95051,0.476904035,1.536873197,0.185384835,0,0.7,1,,,,,,,Medium,Low,Urban,Medium,
37.29305965,-121.9977314,95051,0.476904035,1.259743527,0.100145956,0,0.7,1,,,,,,,Medium,Low,Urban,Medium,
37.29305965,-121.9933335,95051,0.476904035,1.270664547,0.091409792,0,0.7,1,,,,,,,Medium,Low,Urban,Medium,
37.29305965,-121.9891444,95051,0.476904035,1.346349701,0.031617823,0,0.7,1,,,,,,,Medium,Low,Urban,Medium,
37.29305965,-121.9876507,95051,0.476904035,1.3870149,0.054821289,0,0.7,1,,,,,,,Medium,Low,Urban,Medium,
37.29544619,-121.9990132,95051,0.476904035,1.184027249,0.09724219,0,0.7,1,,,,,,,Medium,Low,Urban,Medium,
37.29544619,-121.9884907,95051,0.476904035,1.283356737,0.106997423,0,0.7,1,,,,,,,Medium,Low,Urban,Medium,
37.29544619,-121.9819139,95051,0.476904035,1.528763815,0.193836768,0,0.7,1,,,,,,,Medium,Low,Urban,Medium,
37.29544619,-121.9806045,95051,0.476904035,1.58865302,0.270603633,0,0.7,1,,,,,,,Medium,Low,Urban,Medium,
37.29544619,-121.9784202,95051,0.476904035,1.597311607,0.142083397,0,0.7,1,,,,,,,Medium,Low,Urban,Medium,
37.2970086,-121.9968155,95051,0.476904035,1.111492571,0.156685089,0,0.7,1,,,,,,,Medium,Low,Urban,Medium,
37.2970086,-121.9945718,95051,0.476904035,1.11628042,0.211043802,0,0.7,1,,,,,,,Medium,Low,Urban,Medium,
37.2970086,-121.9815383,95051,0.476904035,1.502901561,0.308837311,0,0.7,1,,,,,,,Medium,Low,Urban,Medium,
37.29948853,-121.9879368,95051,0.476904035,1.168542776,0.18319839,0,0.7,1,,,,,,,Medium,Low,Urban,Medium,
37.29948853,-121.9713116,95051,0.476904035,1.530355493,0.192042195,0,0.7,1,,,,,,,Medium,Low,Urban,Medium,
37.29972048,-121.9979878,95051,0.476904035,1.018950781,0.114787879,0,0.7,1,,,,,,,Medium,Low,Urban,Medium,
37.29972048,-121.9870601,95051,0.476904035,1.192067919,0.179852085,0,0.7,1,,,,,,,Medium,Low,Urban,Medium,
37.29972048,-121.9826949,95051,0.476904035,1.375737509,0.189478819,0,0.7,1,,,,,,,Medium,Low,Urban,Medium,
37.29972048,-121.9740539,95051,0.476904035,1.472146476,0.189969955,0,0.7,1,,,,,,,Medium,Low,Urban,Medium,
37.29972048,-121.9672975,95051,0.476904035,1.633055866,0.247620892,0,0.7,1,,,,,,,Medium,Low,Urban,Medium,
37.29991058,-121.9906389,95051,0.476904035,1.075208544,0.204071506,0,0.7,1,,,,,,,Medium,Low,Urban,Medium,
37.29991058,-121.9803136,95051,0.476904035,1.439896073,0.126181623,0,0.7,1,,,,,,,Medium,Low,Urban,Medium,
37.29991058,-121.9690884,95051,0.476904035,1.572252205,0.15195839,0,0.7,1,,,,,,,Medium,Low,Urban,Medium,
37.29991058,-121.9664031,95051,0.476904035,1.657013503,0.121086027,0,0.7,1,,,,,,,Medium,Low,Urban,Medium,
37.30156605,-122.0039589,95051,0.476904035,1.085696025,0.117109526,0,0.7,1,,,,,,,Medium,Low,Urban,Medium,
37.30156605,-121.9947199,95051,0.476904035,0.949266613,0.151962805,0,0.7,1,,,,,,,Medium,Low,Urban,Medium,
37.30156605,-121.986642,95051,0.476904035,1.151626118,0.220205169,0,0.7,1,,,,,,,Medium,Low,Urban,Medium,
37.30156605,-121.9838758,95051,0.476904035,1.270844634,0.223723733,0,0.7,1,,,,,,,Medium,Low,Urban,Medium,
37.30156605,-121.9756314,95051,0.476904035,1.386820449,0.170916826,0,0.7,1,,,,,,,Medium,Low,Urban,Medium,
37.30156605,-121.968493,95051,0.476904035,1.535156486,0.03936336,0,0.7,1,,,,,,,Medium,Low,Urban,Medium,
37.30337946,-122.0037596,95051,0.476904035,1.021373845,0.049889543,0,0.7,1,,,,,,,Medium,Low,Urban,Medium,
37.30337946,-121.977018,95051,0.476904035,1.310593122,0.094192065,0,0.7,1,,,,,,,Medium,Low,Urban,Medium,
37.30337946,-121.9665837,95051,0.476904035,1.541850688,0.090507439,0,0.7,1,,,,,,,Medium,Low,Urban,Medium,
37.30337946,-121.9625841,95051,0.476904035,1.704636372,0.12725808,0,0.7,1,,,,,,,Medium,Low,Urban,Medium,
37.30575103,-121.979393,95051,0.476904035,1.222058668,0.087536527,0,0.7,1,,,,,,,Medium,Low,Urban,Medium,
37.30575103,-121.9757453,95051,0.476904035,1.234153576,0.087911978,0,0.7,1,,,,,,,Medium,Low,Urban,Medium,
37.30575103,-121.9609943,95051,0.476904035,1.714368544,0.294566238,0,0.7,1,,,,,,,Medium,Low,Urban,Medium,
37.30723791,-121.9861469,95051,0.476904035,1.01183417,0.157616933,0,0.7,1,,,,,,,Medium,Low,Urban,Medium,
37.30723791,-121.9823199,95051,0.476904035,1.196505793,0.158284728,0,0.7,1,,,,,,,Medium,Low,Urban,Medium,
37.30723791,-121.9785005,95051,0.476904035,1.16581701,0.185970025,0,0.7,1,,,,,,,Medium,Low,Urban,Medium,
37.30723791,-121.9736873,95051,0.476904035,1.21084702,0.143734703,0,0.7,1,,,,,,,Medium,Low,Urban,Medium,
37.30723791,-121.9590329,95051,0.476904035,1.775973357,0.110328138,0,0.7,1,,,,,,,Medium,Low,Urban,Medium,
37.30933908,-121.9963535,95051,0.476904035,0.659301581,0.194842812,0,0.7,1,,,,,,,Medium,Low,Urban,Medium,
37.30933908,-121.9932613,95051,0.476904035,0.689649208,0.229838577,0,0.7,1,,,,,,,Medium,Low,Urban,Medium,
37.30933908,-121.991389,95051,0.476904035,0.738093637,0.300558596,0,0.7,1,,,,,,,Medium,Low,Urban,Medium,
37.30933908,-121.9886674,95051,0.476904035,0.839653036,0.215507422,0,0.7,1,,,,,,,Medium,Low,Urban,Medium,
37.30933908,-121.9806112,95051,0.476904035,1.099361793,0.114744104,0,0.7,1,,,,,,,Medium,Low,Urban,Medium,
37.30933908,-121.9702493,95051,0.476904035,1.226665324,0.147379888,0,0.7,1,,,,,,,Medium,Low,Urban,Medium,
37.30933908,-121.9589926,95051,0.476904035,1.728663719,0.151945335,0,0.7,1,,,,,,,Medium,Low,Urban,Medium,
37.30950653,-122.0045937,95051,0.476904035,0.873719995,0.117524625,0,0.7,1,,,,,,,Medium,Low,Urban,Medium,
37.30950653,-121.986603,95051,0.476904035,0.930424287,0.216511384,0,0.7,1,,,,,,,Medium,Low,Urban,Medium,
37.30950653,-121.9767079,95051,0.476904035,1.089252234,0.1207139,0,0.7,1,,,,,,,Medium,Low,Urban,Medium,
37.30950653,-121.9750575,95051,0.476904035,1.107476415,0.035089849,0,0.7,1,,,,,,,Medium,Low,Urban,Medium,
37.30950653,-121.9705079,95051,0.476904035,1.213070201,0.034161975,0,0.7,1,,,,,,,Medium,Low,Urban,Medium,
37.30950653,-121.9648943,95051,0.476904035,1.430480442,0.048503933,0,0.7,1,,,,,,,Medium,Low,Urban,Medium,
37.30950653,-121.9596533,95051,0.476904035,1.689519604,0.067672596,0,0.7,1,,,,,,,Medium,Low,Urban,Medium,
37.30950653,-121.9593114,95051,0.476904035,1.707721749,0.090908315,0,0.7,1,,,,,,,Medium,Low,Urban,Medium,
37.30950653,-121.9583068,95051,0.476904035,1.761949773,0.073533981,0,0.7,1,,,,,,,Medium,Low,Urban,Medium,
37.30981285,-122.0014575,95051,0.476904035,0.737745602,0.048949268,0,0.7,1,,,,,,,Medium,Low,Urban,Medium,
37.30981285,-121.9992789,95051,0.476904035,0.676335012,0.054756291,0,0.7,1,,,,,,,Medium,Low,Urban,Medium,
37.30981285,-121.9959709,95051,0.476904035,0.642048712,0.079535433,0,0.7,1,,,,,,,Medium,Low,Urban,Medium,
37.30981285,-121.9793185,95051,0.476904035,1.073361973,0.220894323,0,0.7,1,,,,,,,Medium,Low,Urban,Medium,
37.30981285,-121.9776267,95051,0.476904035,1.072988938,0.239631554,0,0.7,1,,,,,,,Medium,Low,Urban,Medium,
37.30981285,-121.9670619,95051,0.476904035,1.328361863,0.207019658,0,0.7,1,,,,,,,Medium,Low,Urban,Medium,
37.30981285,-121.963769,95051,0.476904035,1.474297301,0.137006305,0,0.7,1,,,,,,,Medium,Low,Urban,Medium,
37.30981285,-121.9586846,95051,0.476904035,1.734486041,0.121690916,0,0.7,1,,,,,,,Medium,Low,Urban,Medium,
37.3125031,-122.0084087,95051,0.476904035,1.003776523,0.097025158,0,0.7,1,,,,,,,Medium,Low,Urban,Medium,
37.3125031,-122.0083841,95051,0.476904035,1.002347728,0.08070599,0,0.7,1,,,,,,,Medium,Low,Urban,Medium,
37.31321872,-121.9913023,95051,0.476904035,0.617838091,0.095715831,0,0.7,1,,,,,,,Medium,Low,Urban,Medium,
37.31321872,-121.9811337,95051,0.476904035,0.965278341,0.104847115,0,0.7,1,,,,,,,Medium,Low,Urban,Medium,
37.31321872,-121.9747613,95051,0.476904035,0.98017523,0.158608239,0,0.7,1,,,,,,,Medium,Low,Urban,Medium,
37.31321872,-121.974204,95051,0.476904035,0.990816176,0.16825848,0,0.7,1,,,,,,,Medium,Low,Urban,Medium,
37.31463554,-122.0020539,95051,0.476904035,0.616782488,0.271660336,0,0.7,1,,,,,,,Medium,Low,Urban,Medium,
37.31463554,-122.0010867,95051,0.476904035,0.57512677,0.257589059,0,0.7,1,,,,,,,Medium,Low,Urban,Medium,
37.31463554,-121.9998966,95051,0.476904035,0.530977132,0.206785097,0,0.7,1,,,,,,,Medium,Low,Urban,Medium,
37.31463554,-121.9837945,95051,0.476904035,0.968968218,0.136769276,0,0.7,1,,,,,,,Medium,Low,Urban,Medium,
37.3149789,-122.009563,95051,0.476904035,1.028706481,0.114277008,0,0.7,1,,,,,,,Medium,Low,Urban,Medium,
37.3149789,-121.9837494,95051,0.476904035,0.956167799,0.13772611,0,0.7,1,,,,,,,Medium,Low,Urban,Medium,
37.31650416,-122.00569,95051,0.476904035,0.766804553,0.041734588,0,0.7,1,,,,,,,Medium,Low,Urban,Medium,
37.31650416,-121.9994496,95051,0.476904035,0.456177553,0.103238994,0,0.7,1,,,,,,,Medium,Low,Urban,Medium,
37.31650416,-121.9952707,95051,0.476904035,0.40198169,0.097212939,0,0.7,1,,,,,,,Medium,Low,Urban,Medium,
37.31650416,-121.9932929,95051,0.476904035,0.444651554,0.067566172,0,0.7,1,,,,,,,Medium,Low,Urban,Medium,
37.31650416,-121.9852197,95051,0.476904035,0.85591808,0.078056988,0,0.7,1,,,,,,,Medium,Low,Urban,Medium,
37.31650416,-121.9654329,95051,0.476904035,1.220364141,0.257413923,0,0.7,1,,,,,,,Medium,Low,Urban,Medium,
37.31650416,-121.9617053,95051,0.476904035,1.420583747,0.136100271,0,0.7,1,,,,,,,Medium,Low,Urban,Medium,
37.31650416,-121.9600946,95051,0.476904035,1.512479068,0.112166196,0,0.7,1,,,,,,,Medium,Low,Urban,Medium,
37.31837613,-121.9932624,95051,0.476904035,0.385828956,0.267733971,0,0.7,1,,,,,,,Medium,Low,Urban,Medium,
37.31837613,-121.9668729,95051,0.476904035,1.100914259,0.181683141,0,0.7,1,,,,,,,Medium,Low,Urban,Medium,
37.31837613,-121.9610041,95051,0.476904035,1.42261475,0.147642737,0,0.7,1,,,,,,,Medium,Low,Urban,Medium,
37.31837613,-121.9609379,95051,0.476904035,1.42648727,0.112532175,0,0.7,1,,,,,,,Medium,Low,Urban,Medium,
37.31837613,-121.9581159,95051,0.476904035,1.595026057,0.09562446,0,0.7,1,,,,,,,Medium,Low,Urban,Medium,
37.31837613,-121.95749,95051,0.476904035,1.63320483,0.095088247,0,0.7,1,,,,,,,Medium,Low,Urban,Medium,
37.32058743,-121.9956695,95051,0.476904035,0.25003184,0.090695254,0,0.7,1,,,,,,,Medium,Low,Urban,Medium,
37.32058743,-121.99117,95051,0.476904035,0.42632448,0.106112246,0,0.7,1,,,,,,,Medium,Low,Urban,Medium,
37.32058743,-121.9718303,95051,0.476904035,0.816314392,0.171060404,0,0.7,1,,,,,,,Medium,Low,Urban,Medium,
37.32058743,-121.9658682,95051,0.476904035,1.10069851,0.204031897,0,0.7,1,,,,,,,Medium,Low,Urban,Medium,
37.32058743,-121.9625834,95051,0.476904035,1.287212792,0.243809174,0,0.7,1,,,,,,,Medium,Low,Urban,Medium,
37.32194949,-121.9865684,95051,0.476904035,0.693878953,0.175087779,0,0.7,1,,,,,,,Medium,Low,Urban,Medium,
37.32194949,-121.9795473,95051,0.476904035,0.632219847,0.169479349,0,0.7,1,,,,,,,Medium,Low,Urban,Medium,
37.32454467,-122.0062776,95051,0.476904035,0.704178193,0.128145124,0,0.7,1,,,,,,,Medium,Low,Urban,Medium,
37.32454467,-122.0051855,95051,0.476904035,0.629616222,0.10234088,0,0.7,1,,,,,,,Medium,Low,Urban,Medium,
37.32454467,-122.0023443,95051,0.476904035,0.437085135,0.094359734,0,0.7,1,,,,,,,Medium,Low,Urban,Medium,
37.32454467,-121.995353,95051,0.476904035,0.11786199,0.124600519,0,0.7,1,,,,,,,Medium,Low,Urban,Medium,
37.32454467,-121.9938131,95051,0.476904035,0.193895014,0.145589186,0,0.7,1,,,,,,,Medium,Low,Urban,Medium,
37.32454467,-121.9845022,95051,0.476904035,0.678110763,0.209232103,0,0.7,1,,,,,,,Medium,Low,Urban,Medium,
37.32454467,-121.9736795,95051,0.476904035,0.625364328,0.108437282,0,0.7,1,,,,,,,Medium,Low,Urban,Medium,
37.32454467,-121.9704104,95051,0.476904035,0.76828448,0.084172909,0,0.7,1,,,,,,,Medium,Low,Urban,Medium,
37.32645688,-122.0024259,95051,0.476904035,0.431757502,0.056333685,0,0.7,1,,,,,,,Medium,Low,Urban,Medium,
37.32645688,-121.9968744,95051,0.476904035,0.057084908,0.069226011,0,0.7,1,,,,,,,Medium,Low,Urban,Medium,
37.32645688,-121.994752,95051,0.476904035,0.104873618,0.040662038,0,0.7,1,,,,,,,Medium,Low,Urban,Medium,
37.32645688,-121.9774814,95051,0.476904035,0.467084783,0.078372566,0,0.7,1,,,,,,,Medium,Low,Urban,Medium,
37.32645688,-121.9749746,95051,0.476904035,0.52036237,0.066025741,0,0.7,1,,,,,,,Medium,Low,Urban,Medium,
37.32645688,-121.9608541,95051,0.476904035,1.299267163,0.160687012,0,0.7,1,,,,,,,Medium,Low,Urban,Medium,
37.3289879,-122.0063057,95051,0.476904035,0.701205812,0.242926636,0,0.7,1,,,,,,,Medium,Low,Urban,Medium,
37.3289879,-121.9928152,95051,0.476904035,0.241170798,0.076320034,0,0.7,1,,,,,,,Medium,Low,Urban,Medium,
37.3289879,-121.98807,95051,0.476904035,0.564640034,0.060037526,0,0.7,1,,,,,,,Medium,Low,Urban,Medium,
37.3289879,-121.9713121,95051,0.476904035,0.615173677,0.163538773,0,0.7,1,,,,,,,Medium,Low,Urban,Medium,
37.33055368,-122.0055181,95051,0.476904035,0.654828586,0.143987654,0,0.7,1,,,,,,,Medium,Low,Urban,Medium,
37.33055368,-121.9864984,95051,0.476904035,0.639392809,0.098674754,0,0.7,1,,,,,,,Medium,Low,Urban,Medium,
37.33055368,-121.9749595,95051,0.476904035,0.393810281,0.08801294,0,0.7,1,,,,,,,Medium,Low,Urban,Medium,
37.33055368,-121.9655582,95051,0.476904035,0.942487554,0.167255932,0,0.7,1,,,,,,,Medium,Low,Urban,Medium,
37.33055368,-121.9614505,95051,0.476904035,1.213910015,0.155880804,0,0.7,1,,,,,,,Medium,Low,Urban,Medium,
37.33229121,-122.0050637,95051,0.476904035,0.639010832,0.233650817,0,0.7,1,,,,,,,Medium,Low,Urban,Medium,
37.33229121,-122.0048368,95051,0.476904035,0.623991366,0.240303615,0,0.7,1,,,,,,,Medium,Low,Urban,Medium,
37.33229121,-121.9797445,95051,0.476904035,0.265140645,0.177843695,0,0.7,1,,,,,,,Medium,Low,Urban,Medium,
37.33229121,-121.9753404,95051,0.476904035,0.327820135,0.165461404,0,0.7,1,,,,,,,Medium,Low,Urban,Medium,
37.33306415,-121.993847,95051,0.476904035,0.264910943,0.086110138,0,0.7,1,,,,,,,Medium,Low,Urban,Medium,
37.33306415,-121.9753864,95051,0.476904035,0.304689496,0.183987494,0,0.7,1,,,,,,,Medium,Low,Urban,Medium,
37.3354207,-121.9988354,95051,0.476904035,0.347458096,0.035979974,0,0.7,1,,,,,,,Medium,Low,Urban,Medium,
37.3354207,-121.9873884,95051,0.476904035,0.63369039,0.107268849,0,0.7,1,,,,,,,Medium,Low,Urban,Medium,
37.3354207,-121.9849419,95051,0.476904035,0.469865268,0.076142863,0,0.7,1,,,,,,,Medium,Low,Urban,Medium,
37.3354207,-121.9795047,95051,0.476904035,0.153744029,0.07695552,0,0.7,1,,,,,,,Medium,Low,Urban,Medium,
37.3354207,-121.9649317,95051,0.476904035,0.942095342,0.241981283,0,0.7,1,,,,,,,Medium,Low,Urban,Medium,
37.33694709,-121.9988983,95051,0.476904035,0.398130102,0.168095941,0,0.7,1,,,,,,,Medium,Low,Urban,Medium,
37.33694709,-121.9637401,95051,0.476904035,1.01782794,0.155889947,0,0.7,1,,,,,,,Medium,Low,Urban,Medium,
37.33847727,-121.9726486,95051,0.476904035,0.399872727,0.177658394,0,0.7,1,,,,,,,Medium,Low,Urban,Medium,
37.33972225,-122.0069516,95051,0.476904035,0.87055021,0.084286078,0,0.7,1,,,,,,,Medium,Low,Urban,Medium,
37.33972225,-122.0028305,95051,0.476904035,0.644693232,0.08076005,0,0.7,1,,,,,,,Medium,Low,Urban,Medium,
37.33972225,-121.9953693,95051,0.476904035,0.456759569,0.112079566,0,0.7,1,,,,,,,Medium,Low,Urban,Medium,
37.33972225,-121.9880461,95051,0.476904035,0.665093523,0.1537852,0,0.7,1,,,,,,,Medium,Low,Urban,Medium,
37.33972225,-121.9837604,95051,0.476904035,0.369279199,0.177885195,0,0.7,1,,,,,,,Medium,Low,Urban,Medium,
37.33972225,-121.9710023,95051,0.476904035,0.513499478,0.281006934,0,0.7,1,,,,,,,Medium,Low,Urban,Medium,
37.33972225,-121.9693325,95051,0.476904035,0.628784646,0.243763316,0,0.7,1,,,,,,,Medium,Low,Urban,Medium,
37.34144029,-121.9918017,95051,0.476904035,0.59872452,0.199296523,0,0.7,1,,,,,,,Medium,Low,Urban,Medium,
37.34144029,-121.9679966,95051,0.476904035,0.725762008,0.203775333,0,0.7,1,,,,,,,Medium,Low,Urban,Medium,
37.34215097,-121.9979673,95051,0.476904035,0.555779241,0.040162317,0,0.7,1,,,,,,,Medium,Low,Urban,Medium,
37.34215097,-121.9767787,95051,0.476904035,0.159569609,0.089110466,0,0.7,1,,,,,,,Medium,Low,Urban,Medium,
37.34215097,-121.9704839,95051,0.476904035,0.560078307,0.075502077,0,0.7,1,,,,,,,Medium,Low,Urban,Medium,
37.34215097,-121.9667377,95051,0.476904035,0.815360565,0.09574825,0,0.7,1,,,,,,,Medium,Low,Urban,Medium,
37.34449653,-122.0029343,95051,0.476904035,0.781843609,0.145677647,0,0.7,1,,,,,,,Medium,Low,Urban,Medium,
37.34449653,-121.9963222,95051,0.476904035,0.628046339,0.199501202,0,0.7,1,,,,,,,Medium,Low,Urban,Medium,
37.34449653,-121.973563,95051,0.476904035,0.389852996,0.171142866,0,0.7,1,,,,,,,Medium,Low,Urban,Medium,
37.34449653,-121.9679187,95051,0.476904035,0.752468244,0.157768303,0,0.7,1,,,,,,,Medium,Low,Urban,Medium,
37.34452043,-121.9977803,95051,0.476904035,0.638340432,0.112081719,0,0.7,1,,,,,,,Medium,Low,Urban,Medium,
37.34452043,-121.9935063,95051,0.476904035,0.655706852,0.05942793,0,0.7,1,,,,,,,Medium,Low,Urban,Medium,
37.34452043,-121.9884154,95051,0.476904035,0.718203936,0.061510542,0,0.7,1,,,,,,,Medium,Low,Urban,Medium,
37.34452043,-121.9859664,95051,0.476904035,0.557541919,0.0807025,0,0.7,1,,,,,,,Medium,Low,Urban,Medium,
37.34452043,-121.9726596,95051,0.476904035,0.445175938,0.190522474,0,0.7,1,,,,,,,Medium,Low,Urban,Medium,
37.34452043,-121.9675235,95051,0.476904035,0.779072183,0.194541165,0,0.7,1,,,,,,,Medium,Low,Urban,Medium,
37.34452043,-121.9645668,95051,0.476904035,0.978015769,0.240857437,0,0.7,1,,,,,,,Medium,Low,Urban,Medium,
37.34667353,-122.0013145,95051,0.476904035,0.791217761,0.290884119,0,0.7,1,,,,,,,Medium,Low,Urban,Medium,
37.34667353,-122.0005076,95051,0.476904035,0.767904699,0.319666093,0,0.7,1,,,,,,,Medium,Low,Urban,Medium,
37.34667353,-121.9751145,95051,0.476904035,0.359528656,0.139796421,0,0.7,1,,,,,,,Medium,Low,Urban,Medium,
37.34667353,-121.9710374,95051,0.476904035,0.580995691,0.132052369,0,0.7,1,,,,,,,Medium,Low,Urban,Medium,
37.34902014,-121.9950853,95051,0.476904035,0.797287682,0.123288193,0,0.7,1,,,,,,,Medium,Low,Urban,Medium,
37.34902014,-121.981845,95051,0.476904035,0.433254068,0.144525697,0,0.7,1,,,,,,,Medium,Low,Urban,Medium,
37.34902014,-121.9765673,95051,0.476904035,0.385218058,0.175035321,0,0.7,1,,,,,,,Medium,Low,Urban,Medium,
37.35085624,-122.0014318,95051,0.476904035,0.933842988,0.245897541,0,0.7,1,,,,,,,Medium,Low,Urban,Medium,
37.35085624,-121.9949638,95051,0.476904035,0.865006837,0.28089528,0,0.7,1,,,,,,,Medium,Low,Urban,Medium,
37.35085624,-121.9915599,95051,0.476904035,0.918426797,0.266282085,0,0.7,1,,,,,,,Medium,Low,Urban,Medium,
37.35085624,-121.9711408,95051,0.476904035,0.662274851,0.160434141,0,0.7,1,,,,,,,Medium,Low,Urban,Medium,
37.35214756,-122.002027,95051,0.476904035,0.955978907,0.155332153,0,0.7,1,,,,,,,Medium,Low,Urban,Medium,
37.35214756,-121.999913,95051,0.476904035,0.92280727,0.170399564,0,0.7,1,,,,,,,Medium,Low,Urban,Medium,
37.35214756,-121.9832704,95051,0.476904035,0.583253026,0.171100362,0,0.7,1,,,,,,,Medium,Low,Urban,Medium,
37.35214756,-121.9823806,95051,0.476904035,0.550273359,0.072911704,0,0.7,1,,,,,,,Medium,Low,Urban,Medium,
37.35214756,-121.9732648,95051,0.476904035,0.596064186,0.195511178,0,0.7,1,,,,,,,Medium,Low,Urban,Medium,
37.35476489,-121.9958064,95051,0.476904035,0.828767873,0.108375128,0,0.7,1,,,,,,,Medium,Low,Urban,Medium,
37.35476489,-121.9913432,95051,0.476904035,0.932991586,0.081069645,0,0.7,1,,,,,,,Medium,Low,Urban,Medium,
37.35476489,-121.9801284,95051,0.476904035,0.585350582,0.016403684,0,0.7,1,,,,,,,Medium,Low,Urban,Medium,
37.35476489,-121.9772518,95051,0.476904035,0.579107431,0.043279361,0,0.7,1,,,,,,,Medium,Low,Urban,Medium,
37.35687459,-121.9735981,95051,0.476904035,0.546048176,0.184202201,0,0.7,1,,,,,,,Medium,Low,Urban,Medium,
37.35687459,-121.9718371,95051,0.476904035,0.597880595,0.141564276,0,0.7,1,,,,,,,Medium,Low,Urban,Medium,
37.3581442,-121.9904139,95051,0.476904035,0.863706877,0.048766387,0,0.7,1,,,,,,,Medium,Low,Urban,Medium,
37.3581442,-121.9823333,95051,0.476904035,0.629406434,0.159385964,0,0.7,1,,,,,,,Medium,Low,Urban,Medium,
37.35870644,-121.9683609,95051,0.476904035,0.690137955,0.116226629,0,0.7,1,,,,,,,Medium,Low,Urban,Medium,
37.35870644,-121.9666646,95051,0.476904035,0.764613454,0.156252511,0,0.7,1,,,,,,,Medium,Low,Urban,Medium,
37.3591481,-121.9785088,95051,0.476904035,0.458863437,0.125330787,0,0.7,1,,,,,,,Medium,Low,Urban,Medium,
37.36073365,-121.9919068,95051,0.476904035,0.72652428,0.134129506,0,0.7,1,,,,,,,Medium,Low,Urban,Medium,
37.36073365,-121.988572,95051,0.476904035,0.878221355,0.168838913,0,0.7,1,,,,,,,Medium,Low,Urban,Medium,
37.36073365,-121.9836035,95051,0.476904035,0.630851199,0.226060753,0,0.7,1,,,,,,,Medium,Low,Urban,Medium,
37.36073365,-121.9790391,95051,0.476904035,0.420330288,0.246251208,0,0.7,1,,,,,,,Medium,Low,Urban,Medium,
37.36073365,-121.9737228,95051,0.476904035,0.411976774,0.246925545,0,0.7,1,,,,,,,Medium,Low,Urban,Medium,
37.36073365,-121.968143,95051,0.476904035,0.641195972,0.274840154,0,0.7,1,,,,,,,Medium,Low,Urban,Medium,
37.36073365,-121.9671504,95051,0.476904035,0.687940808,0.23376055,0,0.7,1,,,,,,,Medium,Low,Urban,Medium,
37.3623667,-121.9911214,95051,0.476904035,0.712545821,0.19181692,0,0.7,1,,,,,,,Medium,Low,Urban,Medium,
37.3623667,-121.9884236,95051,0.476904035,0.846575313,0.178148912,0,0.7,1,,,,,,,Medium,Low,Urban,Medium,
37.3623667,-121.9836757,95051,0.476904035,0.601678106,0.18557534,0,0.7,1,,,,,,,Medium,Low,Urban,Medium,
37.3623667,-121.979743,95051,0.476904035,0.395953988,0.186377148,0,0.7,1,,,,,,,Medium,Low,Urban,Medium,
37.3623667,-121.9735343,95051,0.476904035,0.365224258,0.189334111,0,0.7,1,,,,,,,Medium,Low,Urban,Medium,
37.36454465,-121.9984703,95051,0.476904035,0.459958738,0.183026978,0,0.7,1,,,,,,,Medium,Low,Urban,Medium,
37.36454465,-121.988883,95051,0.476904035,0.772517852,0.133592656,0,0.7,1,,,,,,,Medium,Low,Urban,Medium,
37.36454465,-121.9766923,95051,0.476904035,0.235920314,0.075921456,0,0.7,1,,,,,,,Medium,Low,Urban,Medium,
37.36454465,-121.9725447,95051,0.476904035,0.346476845,0.11633931,0,0.7,1,,,,,,,Medium,Low,Urban,Medium,
37.36619785,-121.9985805,95051,0.476904035,0.400540434,0.197411058,0,0.7,1,,,,,,,Medium,Low,Urban,Medium,
37.36619785,-121.9835079,95051,0.476904035,0.531001746,0.09515036,0,0.7,1,,,,,,,Medium,Low,Urban,Medium,
37.36619785,-121.977112,95051,0.476904035,0.183459769,0.08899291,0,0.7,1,,,,,,,Medium,Low,Urban,Medium,
37.36619785,-121.9709245,95051,0.476904035,0.364602885,0.00416501,0,0.7,1,,,,,,,Medium,Low,Urban,Medium,
37.36619785,-121.9665291,95051,0.476904035,0.602282483,0.004934731,0,0.7,1,,,,,,,Medium,Low,Urban,Medium,
37.36744695,-121.9942701,95051,0.476904035,0.431534063,0.117772337,0,0.7,1,,,,,,,Medium,Low,Urban,Medium,
37.36744695,-121.9855415,95051,0.476904035,0.654975772,0.095957767,0,0.7,1,,,,,,,Medium,Low,Urban,Medium,
37.36744695,-121.9813789,95051,0.476904035,0.37706015,0.114293538,0,0.7,1,,,,,,,Medium,Low,Urban,Medium,
37.36744695,-121.9788629,95051,0.476904035,0.221448999,0.244937445,0,0.7,1,,,,,,,Medium,Low,Urban,Medium,
37.36744695,-121.9728756,95051,0.476904035,0.256936048,0.229565037,0,0.7,1,,,,,,,Medium,Low,Urban,Medium,
37.36744695,-121.969897,95051,0.476904035,0.382241138,0.089023863,0,0.7,1,,,,,,,Medium,Low,Urban,Medium,
37.3689157,-121.999985,95051,0.476904035,0.331574671,0.02986641,0,0.7,1,,,,,,,Medium,Low,Urban,Medium,
37.3689157,-121.9908343,95051,0.476904035,0.571159236,0.102905339,0,0.7,1,,,,,,,Medium,Low,Urban,Medium,
37.3689157,-121.9813648,95051,0.476904035,0.361450979,0.200048554,0,0.7,1,,,,,,,Medium,Low,Urban,Medium,
37.3689157,-121.9807487,95051,0.476904035,0.31989863,0.264385162,0,0.7,1,,,,,,,Medium,Low,Urban,Medium,
37.3689157,-121.97932,95051,0.476904035,0.225011526,0.274247893,0,0.7,1,,,,,,,Medium,Low,Urban,Medium,
37.3689157,-121.9760572,95051,0.476904035,0.075058161,0.288191594,0,0.7,1,,,,,,,Medium,Low,Urban,Medium,
37.3689157,-121.9668693,95051,0.476904035,0.539851795,0.150660971,0,0.7,1,,,,,,,Medium,Low,Urban,Medium,
37.3704072,-122.0017458,95051,0.476904035,0.361210985,0.114549416,0,0.7,1,,,,,,,Medium,Low,Urban,Medium,
37.3704072,-121.9919219,95051,0.476904035,0.478615414,0.138812999,0,0.7,1,,,,,,,Medium,Low,Urban,Medium,
37.3704072,-121.9876953,95051,0.476904035,0.745003385,0.116476911,0,0.7,1,,,,,,,Medium,Low,Urban,Medium,
37.3704072,-121.9769189,95051,0.476904035,0.05046692,0.190194652,0,0.7,1,,,,,,,Medium,Low,Urban,Medium,
37.3704072,-121.9669904,95051,0.476904035,0.515440928,0.294565728,0,0.7,1,,,,,,,Medium,Low,Urban,Medium,
37.37090691,-121.9992732,95051,0.476904035,0.244802962,0.271081478,0,0.7,1,,,,,,,Medium,Low,Urban,Medium,
37.37090691,-121.9955324,95051,0.476904035,0.277761217,0.261347133,0,0.7,1,,,,,,,Medium,Low,Urban,Medium,
37.37090691,-121.9937241,95051,0.476904035,0.365220437,0.248490489,0,0.7,1,,,,,,,Medium,Low,Urban,Medium,
37.37090691,-121.9904629,95051,0.476904035,0.560123037,0.210011749,0,0.7,1,,,,,,,Medium,Low,Urban,Medium,
37.37090691,-121.9727117,95051,0.476904035,0.153216451,0.172691529,0,0.7,1,,,,,,,Medium,Low,Urban,Medium,
37.37236348,-121.993818,95051,0.476904035,0.329425002,0.119896093,0,0.7,1,,,,,,,Medium,Low,Urban,Medium,
37.37402157,-121.9728996,95051,0.476904035,0.09002193,0.144660751,0,0.7,1,,,,,,,Medium,Low,Urban,Medium,
37.37555722,-122.0008444,95051,0.476904035,0.211738393,0.114745825,0,0.7,1,,,,,,,Medium,Low,Urban,Medium,
37.37555722,-121.9951531,95051,0.476904035,0.196611925,0.084134797,0,0.7,1,,,,,,,Medium,Low,Urban,Medium,
37.37555722,-121.9921091,95051,0.476904035,0.402873503,0.014354554,0,0.7,1,,,,,,,Medium,Low,Urban,Medium,
37.37555722,-121.9779141,95051,0.476904035,0.20470354,0.05015317,0,0.7,1,,,,,,,Medium,Low,Urban,Medium,
37.37555722,-121.97661,95051,0.476904035,0.170967588,0.102845929,0,0.7,1,,,,,,,Medium,Low,Urban,Medium,
37.37731751,-121.9975827,95051,0.476904035,0.02294956,0.116743469,0,0.7,1,,,,,,,Medium,Low,Urban,Medium,
37.37991662,-121.9907987,95051,0.476904035,0.500710116,0.230478008,0,0.7,1,,,,,,,Medium,Low,Urban,Medium,
37.37991662,-121.9739844,95051,0.476904035,0.216757699,0.25706964,0,0.7,1,,,,,,,Medium,Low,Urban,Medium,
37.38172833,-121.9945456,95051,0.476904035,0.287194369,0.086315473,0,0.7,1,,,,,,,Medium,Low,Urban,Medium,
37.38172833,-121.973224,95051,0.476904035,0.290496675,0.12370176,0,0.7,1,,,,,,,Medium,Low,Urban,Medium,
37.38427138,-121.9974484,95051,0.476904035,0.265816703,0.078613718,0,0.7,1,,,,,,,Medium,Low,Urban,Medium,
37.39216313,-121.9992704,95051,0.476904035,0.561281477,0.1602749,0,0.7,1,,,,,,,Medium,Low,Urban,Medium,
37.39216313,-121.9941855,95051,0.476904035,0.609244953,0.210443411,0,0.7,1,,,,,,,Medium,Low,Urban,Medium,
37.39634043,-121.9927945,95051,0.476904035,0.788724438,0.193504947,0,0.7,1,,,,,,,Medium,Low,Urban,Medium,
37.39902539,-121.9924226,95051,0.476904035,0.888408471,0.192017651,0,0.7,1,,,,,,,Medium,Low,Urban,Medium,
37.39908159,-121.9902643,95051,0.476904035,0.962997503,0.166290478,0,0.7,1,,,,,,,Medium,Low,Urban,Medium,
37.40095093,-121.9910159,95051,0.476904035,0.99520051,0.159970609,0,0.7,1,,,,,,,Medium,Low,Urban,Medium,
37.30337946,-121.8581914,95112,0.490949472,0.578853565,0.065340749,0,0.7,1,,,,,,,Medium,Low,Urban,Medium,
37.30723791,-121.8589856,95112,0.490949472,0.449122634,0.060093597,0,0.7,1,,,,,,,Medium,Low,Urban,Medium,
37.30723791,-121.8524032,95112,0.490949472,0.555748557,0.083571761,0,0.7,1,,,,,,,Medium,Low,Urban,Medium,
37.30950653,-121.8552831,95112,0.490949472,0.381901103,0.308825356,0,0.7,1,,,,,,,Medium,Low,Urban,Medium,
37.3125031,-121.8506455,95112,0.490949472,0.526393176,0.230346779,0,0.7,1,,,,,,,Medium,Low,Urban,Medium,
37.31321872,-121.8531526,95112,0.490949472,0.365214374,0.281593998,0,0.7,1,,,,,,,Medium,Low,Urban,Medium,
37.31463554,-121.848686,95112,0.490949472,0.624480122,0.113599643,0,0.7,1,,,,,,,Medium,Low,Urban,Medium,
37.3149789,-121.850318,95112,0.490949472,0.512745401,0.123323299,0,0.7,1,,,,,,,Medium,Low,Urban,Medium,
37.3149789,-121.850205,95112,0.490949472,0.520201892,0.159589336,0,0.7,1,,,,,,,Medium,Low,Urban,Medium,
37.31650416,-121.8487943,95112,0.490949472,0.602559746,0.125178942,0,0.7,1,,,,,,,Medium,Low,Urban,Medium,
37.31837613,-121.8619983,95112,0.490949472,0.319109477,0.117790706,0,0.7,1,,,,,,,Medium,Low,Urban,Medium,
37.31837613,-121.8505939,95112,0.490949472,0.471170685,0.065055289,0,0.7,1,,,,,,,Medium,Low,Urban,Medium,
37.32058743,-121.8644757,95112,0.490949472,0.491628094,0.066044572,0,0.7,1,,,,,,,Medium,Low,Urban,Medium,
37.32058743,-121.8566331,95112,0.490949472,0.073749573,0.041237943,0,0.7,1,,,,,,,Medium,Low,Urban,Medium,
37.32194949,-121.8595255,95112,0.490949472,0.178266401,0.116422631,0,0.7,1,,,,,,,Medium,Low,Urban,Medium,
37.32194949,-121.8520238,95112,0.490949472,0.384938199,0.075323303,0,0.7,1,,,,,,,Medium,Low,Urban,Medium,
37.32645688,-121.8653206,95112,0.490949472,0.608279954,0.069678334,0,0.7,1,,,,,,,Medium,Low,Urban,Medium,
37.32645688,-121.8587084,95112,0.490949472,0.280372178,0.120478032,0,0.7,1,,,,,,,Medium,Low,Urban,Medium,
37.3289879,-121.8667834,95112,0.490949472,0.740536775,0.182226409,0,0.7,1,,,,,,,Medium,Low,Urban,Medium,
37.33055368,-121.862532,95112,0.490949472,0.545751766,0.151974509,0,0.7,1,,,,,,,Medium,Low,Urban,Medium,
37.32194949,-121.8485095,95122,0.496374522,0.621533317,0.081467991,0,0.7,1,,,,,,,Medium,Low,Urban,Medium,
37.32645688,-121.8441915,95122,0.496374522,0.782005376,0.186876376,0,0.7,1,,,,,,,Medium,Low,Urban,Medium,
37.3289879,-121.8500826,95122,0.496374522,0.374420868,0.155225683,0,0.7,1,,,,,,,Medium,Low,Urban,Medium,
37.33229121,-121.8460897,95122,0.496374522,0.601616613,0.01542356,0,0.7,1,,,,,,,Medium,Low,Urban,Medium,
37.33229121,-121.8431568,95122,0.496374522,0.803196513,0.079176266,0,0.7,1,,,,,,,Medium,Low,Urban,Medium,
37.33306415,-121.8563655,95122,0.496374522,0.120737586,0.210286965,0,0.7,1,,,,,,,Medium,Low,Urban,Medium,
37.33306415,-121.8459259,95122,0.496374522,0.6102086,0.256828742,0,0.7,1,,,,,,,Medium,Low,Urban,Medium,
37.33306415,-121.8425005,95122,0.496374522,0.846464357,0.264058444,0,0.7,1,,,,,,,Medium,Low,Urban,Medium,
37.3354207,-121.8546176,95122,0.496374522,0.043343443,0.300842291,0,0.7,1,,,,,,,Medium,Low,Urban,Medium,
37.3354207,-121.8502413,95122,0.496374522,0.313389071,0.296609107,0,0.7,1,,,,,,,Medium,Low,Urban,Medium,
37.3354207,-121.8471331,95122,0.496374522,0.526975028,0.293262496,0,0.7,1,,,,,,,Medium,Low,Urban,Medium,
37.33694709,-121.8422856,95122,0.496374522,0.865792972,0.061424747,0,0.7,1,,,,,,,Medium,Low,Urban,Medium,
37.33694709,-121.840872,95122,0.496374522,0.962902217,0.049141974,0,0.7,1,,,,,,,Medium,Low,Urban,Medium,
37.33847727,-121.8656296,95122,0.496374522,0.768415624,0.060652574,0,0.7,1,,,,,,,Medium,Low,Urban,Medium,
37.33847727,-121.86453,95122,0.496374522,0.694145516,0.081868847,0,0.7,1,,,,,,,Medium,Low,Urban,Medium,
37.33847727,-121.8609259,95122,0.496374522,0.45469205,0.110546685,0,0.7,1,,,,,,,Medium,Low,Urban,Medium,
37.33847727,-121.8579056,95122,0.496374522,0.267839657,0.128256045,0,0.7,1,,,,,,,Medium,Low,Urban,Medium,
37.33847727,-121.8526384,95122,0.496374522,0.211448338,0.063289127,0,0.7,1,,,,,,,Medium,Low,Urban,Medium,
37.33847727,-121.8480444,95122,0.496374522,0.487270078,0.026988502,0,0.7,1,,,,,,,Medium,Low,Urban,Medium,
37.33972225,-121.8642797,95122,0.496374522,0.689041725,0.026485135,0,0.7,1,,,,,,,Medium,Low,Urban,Medium,
37.33972225,-121.8551755,95122,0.496374522,0.201761493,0.101757489,0,0.7,1,,,,,,,Medium,Low,Urban,Medium,
37.33972225,-121.8469219,95122,0.496374522,0.57550331,0.03488958,0,0.7,1,,,,,,,Medium,Low,Urban,Medium,
37.33972225,-121.8425334,95122,0.496374522,0.866343103,0.005338887,0,0.7,1,,,,,,,Medium,Low,Urban,Medium,
37.33972225,-121.8425045,95122,0.496374522,0.868286506,0.012262277,0,0.7,1,,,,,,,Medium,Low,Urban,Medium,
37.34144029,-121.8444569,95122,0.496374522,0.756980882,0.102872771,0,0.7,1,,,,,,,Medium,Low,Urban,Medium,
37.34215097,-121.8627071,95122,0.496374522,0.621638456,0.072549991,0,0.7,1,,,,,,,Medium,Low,Urban,Medium,
37.34215097,-121.8541769,95122,0.496374522,0.290582725,0.104684771,0,0.7,1,,,,,,,Medium,Low,Urban,Medium,
37.34215097,-121.8477819,95122,0.496374522,0.56012756,0.105403976,0,0.7,1,,,,,,,Medium,Low,Urban,Medium,
37.34449653,-121.8617879,95122,0.496374522,0.614075774,0.102567187,0,0.7,1,,,,,,,Medium,Low,Urban,Medium,
37.34449653,-121.8585188,95122,0.496374522,0.455988003,0.107097492,0,0.7,1,,,,,,,Medium,Low,Urban,Medium,
37.34449653,-121.8473015,95122,0.496374522,0.635070834,0.176844031,0,0.7,1,,,,,,,Medium,Low,Urban,Medium,
37.34452043,-121.8598527,95122,0.496374522,0.515050333,0.191249559,0,0.7,1,,,,,,,Medium,Low,Urban,Medium,
37.34452043,-121.8583294,95122,0.496374522,0.44933699,0.215430629,0,0.7,1,,,,,,,Medium,Low,Urban,Medium,
37.34452043,-121.8471012,95122,0.496374522,0.646818856,0.200782998,0,0.7,1,,,,,,,Medium,Low,Urban,Medium,
37.34667353,-121.8578711,95122,0.496374522,0.502137898,0.197405753,0,0.7,1,,,,,,,Medium,Low,Urban,Medium,
37.34902014,-121.8518577,95122,0.496374522,0.574019091,0.10730644,0,0.7,1,,,,,,,Medium,Low,Urban,Medium,
37.34902014,-121.8518453,95122,0.496374522,0.574316295,0.096419215,0,0.7,1,,,,,,,Medium,Low,Urban,Medium,
37.35085624,-121.855922,95122,0.496374522,0.611019351,0.060062677,0,0.7,1,,,,,,,Medium,Low,Urban,Medium,
37.35476489,-121.8528205,95122,0.496374522,0.759598976,0.089551218,0,0.7,1,,,,,,,Medium,Low,Urban,Medium,
37.2795579,-121.862589,95125,0.45594122,0.960000306,0.134831799,0,0.3,1,,,,,,,Medium,Low,Urban,Low,
37.28886784,-121.8706364,95125,0.45594122,0.601798054,0.232970871,0,0.3,1,,,,,,,Medium,Low,Urban,Low,
37.2890735,-121.8823337,95125,0.45594122,1.167787814,0.243829642,0,0.3,1,,,,,,,Medium,Low,Urban,Low,
37.2890735,-121.8775638,95125,0.45594122,0.891148151,0.26925972,0,0.3,1,,,,,,,Medium,Low,Urban,Low,
37.2890735,-121.8710064,95125,0.45594122,0.604772288,0.259613827,0,0.3,1,,,,,,,Medium,Low,Urban,Low,
37.2906222,-121.8729273,95125,0.45594122,0.624086883,0.261710257,0,0.3,1,,,,,,,Medium,Low,Urban,Low,
37.29544619,-121.8804134,95125,0.45594122,0.95153931,0.217514723,0,0.3,1,,,,,,,Medium,Low,Urban,Low,
37.29544619,-121.8641798,95125,0.45594122,0.391435928,0.208294606,0,0.3,1,,,,,,,Medium,Low,Urban,Low,
37.29544619,-121.8633821,95125,0.45594122,0.425587856,0.211761838,0,0.3,1,,,,,,,Medium,Low,Urban,Low,
37.2970086,-121.8640366,95125,0.45594122,0.352939807,0.095384402,0,0.3,1,,,,,,,Medium,Low,Urban,Low,
37.29948853,-121.8749561,95125,0.45594122,0.546944576,0.067957217,0,0.3,1,,,,,,,Medium,Low,Urban,Low,
37.29948853,-121.8642197,95125,0.45594122,0.281753154,0.148635762,0,0.3,1,,,,,,,Medium,Low,Urban,Low,
37.29972048,-121.8794646,95125,0.45594122,0.846606545,0.298908604,0,0.3,1,,,,,,,Medium,Low,Urban,Low,
37.29972048,-121.8593114,95125,0.45594122,0.585403494,0.198799039,0,0.3,1,,,,,,,Medium,Low,Urban,Low,
37.29991058,-121.8789666,95125,0.45594122,0.81150391,0.153860554,0,0.3,1,,,,,,,Medium,Low,Urban,Low,
37.29991058,-121.871877,95125,0.45594122,0.344205804,0.150672435,0,0.3,1,,,,,,,Medium,Low,Urban,Low,
37.29991058,-121.8704564,95125,0.45594122,0.260735022,0.163781326,0,0.3,1,,,,,,,Medium,Low,Urban,Low,
37.29991058,-121.8583156,95125,0.45594122,0.650031182,0.265863354,0,0.3,1,,,,,,,Medium,Low,Urban,Low,
37.30337946,-121.8809734,95125,0.45594122,0.935319081,0.092194044,0,0.3,1,,,,,,,Medium,Low,Urban,Low,
37.30337946,-121.876362,95125,0.45594122,0.616939563,0.092150621,0,0.3,1,,,,,,,Medium,Low,Urban,Low,
37.30337946,-121.8710164,95125,0.45594122,0.248695022,0.096328553,0,0.3,1,,,,,,,Medium,Low,Urban,Low,
37.30575103,-121.8662626,95125,0.45594122,0.09902073,0.222001656,0,0.3,1,,,,,,,Medium,Low,Urban,Low,
37.30723791,-121.873844,95125,0.45594122,0.455736178,0.276156452,0,0.3,1,,,,,,,Medium,Low,Urban,Low,
37.30723791,-121.8671709,95125,0.45594122,0.111858055,0.277147158,0,0.3,1,,,,,,,Medium,Low,Urban,Low,
37.30933908,-121.8849518,95125,0.45594122,1.224079197,0.276684056,0,0.3,1,,,,,,,Medium,Low,Urban,Low,
37.30933908,-121.8830102,95125,0.45594122,1.091684634,0.272145631,0,0.3,1,,,,,,,Medium,Low,Urban,Low,
37.30933908,-121.8827368,95125,0.45594122,1.073077152,0.263313391,0,0.3,1,,,,,,,Medium,Low,Urban,Low,
37.30933908,-121.8746745,95125,0.45594122,0.533406242,0.272615569,0,0.3,1,,,,,,,Medium,Low,Urban,Low,
37.30950653,-121.8756713,95125,0.45594122,0.600339363,0.088257771,0,0.3,1,,,,,,,Medium,Low,Urban,Low,
37.30950653,-121.8693722,95125,0.45594122,0.234518956,0.092115491,0,0.3,1,,,,,,,Medium,Low,Urban,Low,
37.30981285,-121.8771599,95125,0.45594122,0.701691075,0.206796917,0,0.3,1,,,,,,,Medium,Low,Urban,Low,
37.30981285,-121.8681531,95125,0.45594122,0.209977444,0.209733637,0,0.3,1,,,,,,,Medium,Low,Urban,Low,
37.30981285,-121.8676435,95125,0.45594122,0.204648936,0.210649685,0,0.3,1,,,,,,,Medium,Low,Urban,Low,
37.30981285,-121.8645252,95125,0.45594122,0.287010564,0.225260544,0,0.3,1,,,,,,,Medium,Low,Urban,Low,
37.31321872,-121.8727427,95125,0.45594122,0.491846959,0.100374651,0,0.3,1,,,,,,,Medium,Low,Urban,Low,
37.31321872,-121.8713575,95125,0.45594122,0.425427644,0.075564732,0,0.3,1,,,,,,,Medium,Low,Urban,Low,
37.31321872,-121.8691057,95125,0.45594122,0.347923214,0.053579784,0,0.3,1,,,,,,,Medium,Low,Urban,Low,
37.31321872,-121.8660944,95125,0.45594122,0.341417288,0.171731394,0,0.3,1,,,,,,,Medium,Low,Urban,Low,
37.3149789,-121.8790109,95125,0.45594122,0.890487952,0.174736272,0,0.3,1,,,,,,,Medium,Low,Urban,Low,
37.3149789,-121.86661,95125,0.45594122,0.396851432,0.167304857,0,0.3,1,,,,,,,Medium,Low,Urban,Low,
37.31650416,-121.8806498,95125,0.45594122,1.016672015,0.176102881,0,0.3,1,,,,,,,Medium,Low,Urban,Low,
37.31650416,-121.8792683,95125,0.45594122,0.931945522,0.187788305,0,0.3,1,,,,,,,Medium,Low,Urban,Low,
37.31650416,-121.8738671,95125,0.45594122,0.630833152,0.199866417,0,0.3,1,,,,,,,Medium,Low,Urban,Low,
37.31650416,-121.8696736,95125,0.45594122,0.47402583,0.216258285,0,0.3,1,,,,,,,Medium,Low,Urban,Low,
37.31837613,-121.8739716,95125,0.45594122,0.685795443,0.123854541,0,0.3,1,,,,,,,Medium,Low,Urban,Low,
37.31837613,-121.8703757,95125,0.45594122,0.554887216,0.154812459,0,0.3,1,,,,,,,Medium,Low,Urban,Low,
37.31837613,-121.8683544,95125,0.45594122,0.52039758,0.198572119,0,0.3,1,,,,,,,Medium,Low,Urban,Low,
37.31837613,-121.8666437,95125,0.45594122,0.519526799,0.196687662,0,0.3,1,,,,,,,Medium,Low,Urban,Low,
37.32058743,-121.866255,95125,0.45594122,0.602865572,0.235261923,0,0.3,1,,,,,,,Medium,Low,Urban,Low,
37.32194949,-121.8779999,95125,0.45594122,0.974995136,0.26023187,0,0.3,1,,,,,,,Medium,Low,Urban,Low,
37.32454467,-121.8824651,95125,0.45594122,1.275711769,0.271704779,0,0.3,1,,,,,,,Medium,Low,Urban,Low,
37.32454467,-121.8747056,95125,0.45594122,0.895450132,0.273353499,0,0.3,1,,,,,,,Medium,Low,Urban,Low,
37.32454467,-121.8742856,95125,0.45594122,0.87951418,0.279362637,0,0.3,1,,,,,,,Medium,Low,Urban,Low,
37.32454467,-121.8719532,95125,0.45594122,0.804435026,0.195884031,0,0.3,1,,,,,,,Medium,Low,Urban,Low,
37.32645688,-121.8717241,95125,0.45594122,0.8636232,0.049804668,0,0.3,1,,,,,,,Medium,Low,Urban,Low,
37.3289879,-121.8724204,95125,0.45594122,0.966957819,0.084146199,0,0.3,1,,,,,,,Medium,Low,Urban,Low,
37.3289879,-121.8699956,95125,0.45594122,0.920765065,0.133011264,0,0.3,1,,,,,,,Medium,Low,Urban,Low,
37.33055368,-121.8784171,95125,0.45594122,1.224054274,0.236432662,0,0.3,1,,,,,,,Medium,Low,Urban,Low,
37.33055368,-121.8748977,95125,0.45594122,1.090229426,0.240284519,0,0.3,1,,,,,,,Medium,Low,Urban,Low,
37.33229121,-121.8787853,95125,0.45594122,1.28973154,0.211669962,0,0.3,1,,,,,,,Medium,Low,Urban,Low,
37.3354207,-121.8799815,95125,0.45594122,1.430662076,0.235360156,0,0.3,1,,,,,,,Medium,Low,Urban,Low,
37.2795579,-121.8463677,95111,0.513237824,0.49771471,0.059984454,0,0.3,1,,,,,,,Medium,Low,Urban,Low,
37.2795579,-121.8399079,95111,0.513237824,0.773558391,0.113403901,0,0.3,1,,,,,,,Medium,Low,Urban,Low,
37.2795579,-121.8298637,95111,0.513237824,1.154502419,0.040986417,0,0.3,1,,,,,,,Medium,Low,Urban,Low,
37.2795579,-121.8293726,95111,0.513237824,1.177412727,0.04861868,0,0.3,1,,,,,,,Medium,Low,Urban,Low,
37.28163919,-121.8551897,95111,0.513237824,0.589254301,0.188471679,0,0.3,1,,,,,,,Medium,Low,Urban,Low,
37.28163919,-121.845312,95111,0.513237824,0.461018965,0.266533722,0,0.3,1,,,,,,,Medium,Low,Urban,Low,
37.28163919,-121.8314579,95111,0.513237824,1.024993527,0.163691247,0,0.3,1,,,,,,,Medium,Low,Urban,Low,
37.282985,-121.8595631,95111,0.513237824,0.817525684,0.19280866,0,0.3,1,,,,,,,Medium,Low,Urban,Low,
37.282985,-121.8496443,95111,0.513237824,0.347619424,0.251927049,0,0.3,1,,,,,,,Medium,Low,Urban,Low,
37.282985,-121.8476422,95111,0.513237824,0.352529074,0.271618617,0,0.3,1,,,,,,,Medium,Low,Urban,Low,
37.282985,-121.8201105,95111,0.513237824,1.620504235,0.117645571,0,0.3,1,,,,,,,Medium,Low,Urban,Low,
37.282985,-121.8180332,95111,0.513237824,1.749635381,0.166237413,0,0.3,1,,,,,,,Medium,Low,Urban,Low,
37.28388274,-121.8473755,95111,0.513237824,0.325950755,0.184867235,0,0.3,1,,,,,,,Medium,Low,Urban,Low,
37.28388274,-121.8462345,95111,0.513237824,0.358094951,0.202008644,0,0.3,1,,,,,,,Medium,Low,Urban,Low,
37.28388274,-121.8410932,95111,0.513237824,0.617674018,0.253154127,0,0.3,1,,,,,,,Medium,Low,Urban,Low,
37.28388274,-121.8352935,95111,0.513237824,0.805858081,0.265012532,0,0.3,1,,,,,,,Medium,Low,Urban,Low,
37.28388274,-121.834618,95111,0.513237824,0.829739584,0.278526559,0,0.3,1,,,,,,,Medium,Low,Urban,Low,
37.28388274,-121.8311251,95111,0.513237824,0.979774885,0.293315705,0,0.3,1,,,,,,,Medium,Low,Urban,Low,
37.28388274,-121.8268189,95111,0.513237824,1.206239277,0.257329597,0,0.3,1,,,,,,,Medium,Low,Urban,Low,
37.28646281,-121.8380393,95111,0.513237824,0.64204634,0.183891537,0,0.3,1,,,,,,,Medium,Low,Urban,Low,
37.28646281,-121.8335132,95111,0.513237824,0.799060434,0.216601883,0,0.3,1,,,,,,,Medium,Low,Urban,Low,
37.28646281,-121.8273942,95111,0.513237824,1.12044749,0.181518133,0,0.3,1,,,,,,,Medium,Low,Urban,Low,
37.28646281,-121.8191838,95111,0.513237824,1.626307431,0.203265617,0,0.3,1,,,,,,,Medium,Low,Urban,Low,
37.28886784,-121.852682,95111,0.513237824,0.29595595,0.236124291,0,0.3,1,,,,,,,Medium,Low,Urban,Low,
37.28886784,-121.846099,95111,0.513237824,0.227900282,0.170403733,0,0.3,1,,,,,,,Medium,Low,Urban,Low,
37.28886784,-121.8366381,95111,0.513237824,0.602000292,0.047146004,0,0.3,1,,,,,,,Medium,Low,Urban,Low,
37.2890735,-121.8519085,95111,0.513237824,0.24510322,0.038791327,0,0.3,1,,,,,,,Medium,Low,Urban,Low,
37.2890735,-121.8481259,95111,0.513237824,0.130208045,0.032197834,0,0.3,1,,,,,,,Medium,Low,Urban,Low,
37.2890735,-121.828795,95111,0.513237824,0.987892329,0.186870397,0,0.3,1,,,,,,,Medium,Low,Urban,Low,
37.2906222,-121.8575266,95111,0.513237824,0.604819325,0.159050963,0,0.3,1,,,,,,,Medium,Low,Urban,Low,
37.2906222,-121.8568698,95111,0.513237824,0.559715705,0.191624571,0,0.3,1,,,,,,,Medium,Low,Urban,Low,
37.2906222,-121.8515572,95111,0.513237824,0.199605966,0.207828207,0,0.3,1,,,,,,,Medium,Low,Urban,Low,
37.2906222,-121.8502257,95111,0.513237824,0.116397201,0.24447123,0,0.3,1,,,,,,,Medium,Low,Urban,Low,
37.2906222,-121.8364156,95111,0.513237824,0.556272915,0.324448389,0,0.3,1,,,,,,,Medium,Low,Urban,Low,
37.29305965,-121.8238779,95111,0.513237824,1.239775912,0.185425351,0,0.3,1,,,,,,,Medium,Low,Urban,Low,
37.29544619,-121.8389109,95111,0.513237824,0.316159677,0.238088287,0,0.3,1,,,,,,,Medium,Low,Urban,Low,
37.29544619,-121.8339044,95111,0.513237824,0.565776874,0.25067252,0,0.3,1,,,,,,,Medium,Low,Urban,Low,
37.29544619,-121.8173526,95111,0.513237824,1.658792207,0.261396113,0,0.3,1,,,,,,,Medium,Low,Urban,Low,
37.2970086,-121.857949,95111,0.513237824,0.652652809,0.282896157,0,0.3,1,,,,,,,Medium,Low,Urban,Low,
37.2970086,-121.8398327,95111,0.513237824,0.238263201,0.089346848,0,0.3,1,,,,,,,Medium,Low,Urban,Low,
37.2970086,-121.8234446,95111,0.513237824,1.234382192,0.113663769,0,0.3,1,,,,,,,Medium,Low,Urban,Low,
37.29948853,-121.8321322,95111,0.513237824,0.627973849,0.187476144,0,0.3,1,,,,,,,Medium,Low,Urban,Low,
37.29948853,-121.8212954,95111,0.513237824,1.368943943,0.240756738,0,0.3,1,,,,,,,Medium,Low,Urban,Low,
37.29948853,-121.8186662,95111,0.513237824,1.549850903,0.218868607,0,0.3,1,,,,,,,Medium,Low,Urban,Low,
37.29972048,-121.8491774,95111,0.513237824,0.268361089,0.109159037,0,0.3,1,,,,,,,Medium,Low,Urban,Low,
37.29972048,-121.8440738,95111,0.513237824,0.24569775,0.042433245,0,0.3,1,,,,,,,Medium,Low,Urban,Low,
37.29972048,-121.8374165,95111,0.513237824,0.278170874,0.043274739,0,0.3,1,,,,,,,Medium,Low,Urban,Low,
37.29991058,-121.842136,95111,0.513237824,0.141313807,0.18928999,0,0.3,1,,,,,,,Medium,Low,Urban,Low,
37.29991058,-121.8348444,95111,0.513237824,0.442276116,0.273428106,0,0.3,1,,,,,,,Medium,Low,Urban,Low,
37.29991058,-121.8331815,95111,0.513237824,0.553857203,0.224607963,0,0.3,1,,,,,,,Medium,Low,Urban,Low,
37.30337946,-121.8253928,95111,0.513237824,1.079336644,0.118834648,0,0.3,1,,,,,,,Medium,Low,Urban,Low,
37.30337946,-121.8217493,95111,0.513237824,1.331087572,0.120959696,0,0.3,1,,,,,,,Medium,Low,Urban,Low,
37.30575103,-121.8419813,95111,0.513237824,0.116051511,0.148133888,0,0.3,1,,,,,,,Medium,Low,Urban,Low,
37.30575103,-121.8400337,95111,0.513237824,0.116473293,0.188031272,0,0.3,1,,,,,,,Medium,Low,Urban,Low,
37.30575103,-121.8331791,95111,0.513237824,0.549528801,0.1828428,0,0.3,1,,,,,,,Medium,Low,Urban,Low,
37.30575103,-121.8284136,95111,0.513237824,0.875720107,0.184019792,0,0.3,1,,,,,,,Medium,Low,Urban,Low,
37.30723791,-121.8451873,95111,0.513237824,0.324668893,0.223830951,0,0.3,1,,,,,,,Medium,Low,Urban,Low,
37.30723791,-121.8398713,95111,0.513237824,0.168599075,0.234694634,0,0.3,1,,,,,,,Medium,Low,Urban,Low,
37.30723791,-121.8339352,95111,0.513237824,0.511239448,0.249260473,0,0.3,1,,,,,,,Medium,Low,Urban,Low,
37.30723791,-121.8337519,95111,0.513237824,0.523368095,0.249202703,0,0.3,1,,,,,,,Medium,Low,Urban,Low,
37.30723791,-121.8289467,95111,0.513237824,0.846945839,0.251564043,0,0.3,1,,,,,,,Medium,Low,Urban,Low,
37.30723791,-121.8279268,95111,0.513237824,0.916403009,0.272308173,0,0.3,1,,,,,,,Medium,Low,Urban,Low,
37.30933908,-121.8462774,95111,0.513237824,0.428061095,0.267312281,0,0.3,1,,,,,,,Medium,Low,Urban,Low,
37.30933908,-121.8431955,95111,0.513237824,0.27138332,0.197286705,0,0.3,1,,,,,,,Medium,Low,Urban,Low,
37.30933908,-121.8326096,95111,0.513237824,0.622921401,0.164244867,0,0.3,1,,,,,,,Medium,Low,Urban,Low,
37.30933908,-121.8263053,95111,0.513237824,1.040984102,0.108152837,0,0.3,1,,,,,,,Medium,Low,Urban,Low,
37.30950653,-121.8420412,95111,0.513237824,0.242367204,0.103245064,0,0.3,1,,,,,,,Medium,Low,Urban,Low,
37.30950653,-121.8341428,95111,0.513237824,0.528224294,0.192037729,0,0.3,1,,,,,,,Medium,Low,Urban,Low,
37.30950653,-121.8220721,95111,0.513237824,1.329099743,0.190730625,0,0.3,1,,,,,,,Medium,Low,Urban,Low,
37.30981285,-121.8478387,95111,0.513237824,0.530526407,0.178102517,0,0.3,1,,,,,,,Medium,Low,Urban,Low,
37.30981285,-121.8387308,95111,0.513237824,0.289567992,0.215872878,0,0.3,1,,,,,,,Medium,Low,Urban,Low,
37.30981285,-121.8379329,95111,0.513237824,0.322916011,0.141715842,0,0.3,1,,,,,,,Medium,Low,Urban,Low,
37.30981285,-121.821285,95111,0.513237824,1.384600036,0.043707872,0,0.3,1,,,,,,,Medium,Low,Urban,Low,
37.3125031,-121.8475641,95111,0.513237824,0.566732002,0.062303539,0,0.3,1,,,,,,,Medium,Low,Urban,Low,
37.3125031,-121.8439411,95111,0.513237824,0.396479372,0.111718157,0,0.3,1,,,,,,,Medium,Low,Urban,Low,
37.3125031,-121.8366144,95111,0.513237824,0.456725029,0.053525873,0,0.3,1,,,,,,,Medium,Low,Urban,Low,
37.3125031,-121.8225014,95111,0.513237824,1.323731086,0.019183331,0,0.3,1,,,,,,,Medium,Low,Urban,Low,
37.31321872,-121.839208,95111,0.513237824,0.387633134,0.094971,0,0.3,1,,,,,,,Medium,Low,Urban,Low,
37.31321872,-121.8312798,95111,0.513237824,0.766139546,0.197472953,0,0.3,1,,,,,,,Medium,Low,Urban,Low,
37.31321872,-121.8228449,95111,0.513237824,1.307887351,0.278695,0,0.3,1,,,,,,,Medium,Low,Urban,Low,
37.31463554,-121.8386095,95111,0.513237824,0.450399624,0.211890837,0,0.3,1,,,,,,,Medium,Low,Urban,Low,
37.31463554,-121.8227961,95111,0.513237824,1.326501566,0.154742884,0,0.3,1,,,,,,,Medium,Low,Urban,Low,
37.31463554,-121.8213139,95111,0.513237824,1.424049689,0.149004809,0,0.3,1,,,,,,,Medium,Low,Urban,Low,
37.3149789,-121.8440458,95111,0.513237824,0.479447089,0.143518502,0,0.3,1,,,,,,,Medium,Low,Urban,Low,
37.3149789,-121.8424212,95111,0.513237824,0.442052934,0.154553266,0,0.3,1,,,,,,,Medium,Low,Urban,Low,
37.3149789,-121.8245206,95111,0.513237824,1.21838793,0.130579846,0,0.3,1,,,,,,,Medium,Low,Urban,Low,
37.31650416,-121.8250854,95111,0.513237824,1.20335671,0.194092317,0,0.3,1,,,,,,,Medium,Low,Urban,Low,
37.31650416,-121.821159,95111,0.513237824,1.455614514,0.199062879,0,0.3,1,,,,,,,Medium,Low,Urban,Low,
37.31837613,-121.8468167,95111,0.513237824,0.684798547,0.219822874,0,0.3,1,,,,,,,Medium,Low,Urban,Low,
37.31837613,-121.8357158,95111,0.513237824,0.664820832,0.243611879,0,0.3,1,,,,,,,Medium,Low,Urban,Low,
37.31837613,-121.8235901,95111,0.513237824,1.325599122,0.304839507,0,0.3,1,,,,,,,Medium,Low,Urban,Low,
37.32058743,-121.8450885,95111,0.513237824,0.695274531,0.18451513,0,0.3,1,,,,,,,Medium,Low,Urban,Low,
37.32058743,-121.8438553,95111,0.513237824,0.665326319,0.13146449,0,0.3,1,,,,,,,Medium,Low,Urban,Low,
37.32058743,-121.8297759,95111,0.513237824,1.003387053,0.060274198,0,0.3,1,,,,,,,Medium,Low,Urban,Low,
37.32194949,-121.841347,95111,0.513237824,0.685693086,0.183823207,0,0.3,1,,,,,,,Medium,Low,Urban,Low,
37.32194949,-121.8383751,95111,0.513237824,0.709098552,0.182201321,0,0.3,1,,,,,,,Medium,Low,Urban,Low,
37.32194949,-121.8341153,95111,0.513237824,0.834682228,0.167869171,0,0.3,1,,,,,,,Medium,Low,Urban,Low,
37.32194949,-121.8238519,95111,0.513237824,1.369480674,0.209415188,0,0.3,1,,,,,,,Medium,Low,Urban,Low,
37.32454467,-121.8380928,95111,0.513237824,0.805549197,0.112811541,0,0.3,1,,,,,,,Medium,Low,Urban,Low,
37.32645688,-121.8270068,95111,0.513237824,1.287693118,0.029847924,0,0.3,1,,,,,,,Medium,Low,Urban,Low,
37.32645688,-121.8249334,95111,0.513237824,1.398548848,0.014949781,0,0.3,1,,,,,,,Medium,Low,Urban,Low,
37.32645688,-121.8212998,95111,0.513237824,1.60524482,0.037054822,0,0.3,1,,,,,,,Medium,Low,Urban,Low,
37.3289879,-121.8323814,95111,0.513237824,1.114727158,0.22208574,0,0.3,1,,,,,,,Medium,Low,Urban,Low,
37.33055368,-121.8308936,95111,0.513237824,1.219229654,0.153428389,0,0.3,1,,,,,,,Medium,Low,Urban,Low,
37.33055368,-121.8281668,95111,0.513237824,1.336199599,0.135705152,0,0.3,1,,,,,,,Medium,Low,Urban,Low,
37.33055368,-121.8259388,95111,0.513237824,1.443040818,0.131272785,0,0.3,1,,,,,,,Medium,Low,Urban,Low,
37.33055368,-121.8232108,95111,0.513237824,1.584453427,0.145608526,0,0.3,1,,,,,,,Medium,Low,Urban,Low,
37.3354207,-121.8313453,95111,0.513237824,1.352664429,0.150789182,0,0.3,1,,,,,,,Medium,Low,Urban,Low,
37.3354207,-121.827636,95111,0.513237824,1.495884529,0.161314155,0,0.3,1,,,,,,,Medium,Low,Urban,Low,
37.28163919,-121.8113225,95123,0.546262158,1.688543588,0.171827355,0,0.3,1,,,,,,,Medium,Low,Urban,Low,
37.282985,-121.8136647,95123,0.546262158,1.829021797,0.181595284,0,0.3,1,,,,,,,Medium,Low,Urban,Low,
37.282985,-121.8133226,95123,0.546262158,1.813655576,0.217124431,0,0.3,1,,,,,,,Medium,Low,Urban,Low,
37.28388274,-121.988316,95051,0.476904035,1.681616607,0.241387191,0,0.3,1,,,,,,,Medium,Low,Urban,Low,
37.28646281,-121.9918582,95051,0.476904035,1.526376029,0.139012517,0,0.3,1,,,,,,,Medium,Low,Urban,Low,
37.28646281,-121.9847734,95051,0.476904035,1.691872948,0.122875054,0,0.3,1,,,,,,,Medium,Low,Urban,Low,
37.28886784,-121.9931448,95051,0.476904035,1.424328495,0.130176145,0,0.3,1,,,,,,,Medium,Low,Urban,Low,
37.28886784,-121.9833336,95051,0.476904035,1.66539173,0.138339373,0,0.3,1,,,,,,,Medium,Low,Urban,Low,
37.2890735,-121.9848248,95051,0.476904035,1.606218615,0.119452333,0,0.3,1,,,,,,,Medium,Low,Urban,Low,
37.2906222,-121.9963312,95051,0.476904035,1.344512043,0.133686569,0,0.3,1,,,,,,,Medium,Low,Urban,Low,
37.2906222,-121.9942019,95051,0.476904035,1.351475095,0.167616682,0,0.3,1,,,,,,,Medium,Low,Urban,Low,
37.2906222,-121.9918433,95051,0.476904035,1.377612928,0.211679422,0,0.3,1,,,,,,,Medium,Low,Urban,Low,
37.2906222,-121.989675,95051,0.476904035,1.417836096,0.18862503,0,0.3,1,,,,,,,Medium,Low,Urban,Low,
37.29305965,-121.9924529,95051,0.476904035,1.281528256,0.071991414,0,0.3,1,,,,,,,Medium,Low,Urban,Low,
37.29544619,-121.9974321,95051,0.476904035,1.171003263,0.045782698,0,0.3,1,,,,,,,Medium,Low,Urban,Low,
37.29544619,-121.9822495,95051,0.476904035,1.513903361,0.179796345,0,0.3,1,,,,,,,Medium,Low,Urban,Low,
37.2970086,-122.0004406,95051,0.476904035,1.148807828,0.087965515,0,0.3,1,,,,,,,Medium,Low,Urban,Low,
37.2970086,-121.9997792,95051,0.476904035,1.137985949,0.104105253,0,0.3,1,,,,,,,Medium,Low,Urban,Low,
37.29948853,-121.9915023,95051,0.476904035,1.070104728,0.159019718,0,0.3,1,,,,,,,Medium,Low,Urban,Low,
37.29948853,-121.9814166,95051,0.476904035,1.443069915,0.183300184,0,0.3,1,,,,,,,Medium,Low,Urban,Low,
37.29972048,-121.9953804,95051,0.476904035,1.012922059,0.114706738,0,0.3,1,,,,,,,Medium,Low,Urban,Low,
37.29972048,-121.9922789,95051,0.476904035,1.046889594,0.125534483,0,0.3,1,,,,,,,Medium,Low,Urban,Low,
37.29972048,-121.9763466,95051,0.476904035,1.448005038,0.188201466,0,0.3,1,,,,,,,Medium,Low,Urban,Low,
37.29972048,-121.9719051,95051,0.476904035,1.509587467,0.191374916,0,0.3,1,,,,,,,Medium,Low,Urban,Low,
37.29972048,-121.9701622,95051,0.476904035,1.549770865,0.209762382,0,0.3,1,,,,,,,Medium,Low,Urban,Low,
37.29991058,-122.0022551,95051,0.476904035,1.088274859,0.258985277,0,0.3,1,,,,,,,Medium,Low,Urban,Low,
37.29991058,-121.9984526,95051,0.476904035,1.016479831,0.292728412,0,0.3,1,,,,,,,Medium,Low,Urban,Low,
37.29991058,-121.9925294,95051,0.476904035,1.035803294,0.295898024,0,0.3,1,,,,,,,Medium,Low,Urban,Low,
37.29991058,-121.9910571,95051,0.476904035,1.065238114,0.254963677,0,0.3,1,,,,,,,Medium,Low,Urban,Low,
37.29991058,-121.9865617,95051,0.476904035,1.204843047,0.121831424,0,0.3,1,,,,,,,Medium,Low,Urban,Low,
37.29991058,-121.9843882,95051,0.476904035,1.293861837,0.116238879,0,0.3,1,,,,,,,Medium,Low,Urban,Low,
37.29991058,-121.9830027,95051,0.476904035,1.356248759,0.112570792,0,0.3,1,,,,,,,Medium,Low,Urban,Low,
37.29991058,-121.98026,95051,0.476904035,1.439564317,0.175138115,0,0.3,1,,,,,,,Medium,Low,Urban,Low,
37.29991058,-121.9673969,95051,0.476904035,1.623689697,0.13702343,0,0.3,1,,,,,,,Medium,Low,Urban,Low,
37.30156605,-121.9884657,95051,0.476904035,1.084345748,0.163098116,0,0.3,1,,,,,,,Medium,Low,Urban,Low,
37.30156605,-121.9873827,95051,0.476904035,1.12308165,0.175322734,0,0.3,1,,,,,,,Medium,Low,Urban,Low,
37.30337946,-121.9992303,95051,0.476904035,0.902157549,0.05517706,0,0.3,1,,,,,,,Medium,Low,Urban,Low,
37.30337946,-121.9942494,95051,0.476904035,0.887621271,0.065237871,0,0.3,1,,,,,,,Medium,Low,Urban,Low,
37.30337946,-121.9893951,95051,0.476904035,0.995220548,0.060865107,0,0.3,1,,,,,,,Medium,Low,Urban,Low,
37.30337946,-121.9831995,95051,0.476904035,1.255348274,0.070920536,0,0.3,1,,,,,,,Medium,Low,Urban,Low,
37.30337946,-121.9709837,95051,0.476904035,1.404411572,0.038961079,0,0.3,1,,,,,,,Medium,Low,Urban,Low,
37.30575103,-121.9885316,95051,0.476904035,0.95146108,0.255627841,0,0.3,1,,,,,,,Medium,Low,Urban,Low,
37.30575103,-121.9743002,95051,0.476904035,1.253013374,0.170332139,0,0.3,1,,,,,,,Medium,Low,Urban,Low,
37.30575103,-121.9681916,95051,0.476904035,1.410188663,0.217377342,0,0.3,1,,,,,,,Medium,Low,Urban,Low,
37.30723791,-121.9633931,95051,0.476904035,1.56126911,0.116298548,0,0.3,1,,,,,,,Medium,Low,Urban,Low,
37.30933908,-122.007845,95051,0.476904035,1.040524389,0.129941846,0,0.3,1,,,,,,,Medium,Low,Urban,Low,
37.30933908,-122.0034003,95051,0.476904035,0.826142127,0.164806452,0,0.3,1,,,,,,,Medium,Low,Urban,Low,
37.30933908,-121.9980096,95051,0.476904035,0.671042784,0.19464373,0,0.3,1,,,,,,,Medium,Low,Urban,Low,
37.30933908,-121.9925588,95051,0.476904035,0.705438923,0.255250896,0,0.3,1,,,,,,,Medium,Low,Urban,Low,
37.30933908,-121.9861658,95051,0.476904035,0.956391484,0.208136494,0,0.3,1,,,,,,,Medium,Low,Urban,Low,
37.30950653,-122.0092068,95051,0.476904035,1.111308404,0.128322754,0,0.3,1,,,,,,,Medium,Low,Urban,Low,
37.30950653,-121.9982022,95051,0.476904035,0.66765969,0.123781969,0,0.3,1,,,,,,,Medium,Low,Urban,Low,
37.30950653,-121.9756667,95051,0.476904035,1.099408142,0.052216949,0,0.3,1,,,,,,,Medium,Low,Urban,Low,
37.30981285,-122.0060423,95051,0.476904035,0.935452171,0.042305256,0,0.3,1,,,,,,,Medium,Low,Urban,Low,
37.30981285,-122.0038981,95051,0.476904035,0.833892745,0.04704525,0,0.3,1,,,,,,,Medium,Low,Urban,Low,
37.30981285,-121.9904493,95051,0.476904035,0.754684441,0.093161305,0,0.3,1,,,,,,,Medium,Low,Urban,Low,
37.30981285,-121.985962,95051,0.476904035,0.954901575,0.151909172,0,0.3,1,,,,,,,Medium,Low,Urban,Low,
37.3125031,-122.0076553,95051,0.476904035,0.960418813,0.098899388,0,0.3,1,,,,,,,Medium,Low,Urban,Low,
37.3125031,-122.0068982,95051,0.476904035,0.917759844,0.108900969,0,0.3,1,,,,,,,Medium,Low,Urban,Low,
37.3125031,-122.0023431,95051,0.476904035,0.689756614,0.126993157,0,0.3,1,,,,,,,Medium,Low,Urban,Low,
37.3125031,-121.99804,95051,0.476904035,0.55813455,0.138308716,0,0.3,1,,,,,,,Medium,Low,Urban,Low,
37.31321872,-121.9992116,95051,0.476904035,0.557609834,0.173317241,0,0.3,1,,,,,,,Medium,Low,Urban,Low,
37.31321872,-121.9985529,95051,0.476904035,0.542237876,0.16576719,0,0.3,1,,,,,,,Medium,Low,Urban,Low,
37.31321872,-121.9945634,95051,0.476904035,0.52930286,0.118635705,0,0.3,1,,,,,,,Medium,Low,Urban,Low,
37.31321872,-121.9614415,95051,0.476904035,1.507861978,0.18560861,0,0.3,1,,,,,,,Medium,Low,Urban,Low,
37.31463554,-122.0076859,95051,0.476904035,0.920316709,0.222546519,0,0.3,1,,,,,,,Medium,Low,Urban,Low,
37.31463554,-122.0019421,95051,0.476904035,0.611739277,0.29744115,0,0.3,1,,,,,,,Medium,Low,Urban,Low,
37.31463554,-121.9930372,95051,0.476904035,0.513899121,0.167925319,0,0.3,1,,,,,,,Medium,Low,Urban,Low,
37.31463554,-121.9878828,95051,0.476904035,0.739146611,0.132438375,0,0.3,1,,,,,,,Medium,Low,Urban,Low,
37.31463554,-121.9630628,95051,0.476904035,1.388459482,0.170604121,0,0.3,1,,,,,,,Medium,Low,Urban,Low,
37.31463554,-121.96023,95051,0.476904035,1.543262731,0.133791136,0,0.3,1,,,,,,,Medium,Low,Urban,Low,
37.31463554,-121.9591009,95051,0.476904035,1.607454484,0.122545044,0,0.3,1,,,,,,,Medium,Low,Urban,Low,
37.3149789,-122.0081408,95051,0.476904035,0.941457887,0.102522476,0,0.3,1,,,,,,,Medium,Low,Urban,Low,
37.3149789,-121.9981394,95051,0.476904035,0.472247917,0.134176356,0,0.3,1,,,,,,,Medium,Low,Urban,Low,
37.3149789,-121.9940242,95051,0.476904035,0.476913779,0.171658899,0,0.3,1,,,,,,,Medium,Low,Urban,Low,
37.3149789,-121.989402,95051,0.476904035,0.652106645,0.213612745,0,0.3,1,,,,,,,Medium,Low,Urban,Low,
37.3149789,-121.9822205,95051,0.476904035,0.920690777,0.117115185,0,0.3,1,,,,,,,Medium,Low,Urban,Low,
37.3149789,-121.970738,95051,0.476904035,1.030008937,0.062110032,0,0.3,1,,,,,,,Medium,Low,Urban,Low,
37.3149789,-121.964179,95051,0.476904035,1.322010777,0.057220154,0,0.3,1,,,,,,,Medium,Low,Urban,Low,
37.31650416,-121.9875618,95051,0.476904035,0.716474481,0.058440982,0,0.3,1,,,,,,,Medium,Low,Urban,Low,
37.31650416,-121.978342,95051,0.476904035,0.826734233,0.109945399,0,0.3,1,,,,,,,Medium,Low,Urban,Low,
37.31650416,-121.9764026,95051,0.476904035,0.83843519,0.180118189,0,0.3,1,,,,,,,Medium,Low,Urban,Low,
37.31650416,-121.9623017,95051,0.476904035,1.387278357,0.1933354,0,0.3,1,,,,,,,Medium,Low,Urban,Low,
37.31837613,-122.0030273,95051,0.476904035,0.575062592,0.080076841,0,0.3,1,,,,,,,Medium,Low,Urban,Low,
37.31837613,-121.9992859,95051,0.476904035,0.391700052,0.145746304,0,0.3,1,,,,,,,Medium,Low,Urban,Low,
37.31837613,-121.9867881,95051,0.476904035,0.728204493,0.316139009,0,0.3,1,,,,,,,Medium,Low,Urban,Low,
37.31837613,-121.9630235,95051,0.476904035,1.306666935,0.173380821,0,0.3,1,,,,,,,Medium,Low,Urban,Low,
37.32058743,-121.9826698,95051,0.476904035,0.738071172,0.166613399,0,0.3,1,,,,,,,Medium,Low,Urban,Low,
37.32194949,-122.0066933,95051,0.476904035,0.751816972,0.296274235,0,0.3,1,,,,,,,Medium,Low,Urban,Low,
37.32194949,-122.0033028,95051,0.476904035,0.529361113,0.295500448,0,0.3,1,,,,,,,Medium,Low,Urban,Low,
37.32194949,-121.9987292,95051,0.476904035,0.263959482,0.233821587,0,0.3,1,,,,,,,Medium,Low,Urban,Low,
37.32194949,-121.9921886,95051,0.476904035,0.340069843,0.23231522,0,0.3,1,,,,,,,Medium,Low,Urban,Low,
37.32194949,-121.9789387,95051,0.476904035,0.628450135,0.138219142,0,0.3,1,,,,,,,Medium,Low,Urban,Low,
37.32194949,-121.9734538,95051,0.476904035,0.715327495,0.140236621,0,0.3,1,,,,,,,Medium,Low,Urban,Low,
37.32194949,-121.9701854,95051,0.476904035,0.84726285,0.172690882,0,0.3,1,,,,,,,Medium,Low,Urban,Low,
37.32194949,-121.9633341,95051,0.476904035,1.21698115,0.203330914,0,0.3,1,,,,,,,Medium,Low,Urban,Low,
37.32194949,-121.9608263,95051,0.476904035,1.368377043,0.21780526,0,0.3,1,,,,,,,Medium,Low,Urban,Low,
37.32454467,-121.9796057,95051,0.476904035,0.538687342,0.18898419,0,0.3,1,,,,,,,Medium,Low,Urban,Low,
37.32454467,-121.976384,95051,0.476904035,0.550849036,0.136392344,0,0.3,1,,,,,,,Medium,Low,Urban,Low,
37.32454467,-121.9638406,95051,0.476904035,1.139810348,0.072607049,0,0.3,1,,,,,,,Medium,Low,Urban,Low,
37.32454467,-121.9571294,95051,0.476904035,1.564892264,0.060438293,0,0.3,1,,,,,,,Medium,Low,Urban,Low,
37.32645688,-121.9975948,95051,0.476904035,0.10202694,0.057977992,0,0.3,1,,,,,,,Medium,Low,Urban,Low,
37.32645688,-121.9895607,95051,0.476904035,0.459570589,0.062121873,0,0.3,1,,,,,,,Medium,Low,Urban,Low,
37.32645688,-121.9852782,95051,0.476904035,0.661890631,0.067761105,0,0.3,1,,,,,,,Medium,Low,Urban,Low,
37.32645688,-121.9789155,95051,0.476904035,0.463740432,0.094055928,0,0.3,1,,,,,,,Medium,Low,Urban,Low,
37.32645688,-121.9653589,95051,0.476904035,1.014455235,0.131936569,0,0.3,1,,,,,,,Medium,Low,Urban,Low,
37.32645688,-121.9584247,95051,0.476904035,1.45736258,0.226273269,0,0.3,1,,,,,,,Medium,Low,Urban,Low,
37.3289879,-122.0033752,95051,0.476904035,0.499764634,0.22192259,0,0.3,1,,,,,,,Medium,Low,Urban,Low,
37.3289879,-121.996058,95051,0.476904035,0.060919011,0.135392099,0,0.3,1,,,,,,,Medium,Low,Urban,Low,
37.3289879,-121.984895,95051,0.476904035,0.580186315,0.077936314,0,0.3,1,,,,,,,Medium,Low,Urban,Low,
37.3289879,-121.9826574,95051,0.476904035,0.471486836,0.104070845,0,0.3,1,,,,,,,Medium,Low,Urban,Low,
37.3289879,-121.9810646,95051,0.476904035,0.412377195,0.104317959,0,0.3,1,,,,,,,Medium,Low,Urban,Low,
37.3289879,-121.9648718,95051,0.476904035,1.006957424,0.127711703,0,0.3,1,,,,,,,Medium,Low,Urban,Low,
37.3289879,-121.9586445,95051,0.476904035,1.416016757,0.138923186,0,0.3,1,,,,,,,Medium,Low,Urban,Low,
37.33055368,-121.99761,95051,0.476904035,0.152859913,0.158784051,0,0.3,1,,,,,,,Medium,Low,Urban,Low,
37.33055368,-121.9784166,95051,0.476904035,0.31258618,0.089314297,0,0.3,1,,,,,,,Medium,Low,Urban,Low,
37.33055368,-121.9744828,95051,0.476904035,0.414670328,0.096444541,0,0.3,1,,,,,,,Medium,Low,Urban,Low,
37.33055368,-121.9695998,95051,0.476904035,0.685317166,0.127236181,0,0.3,1,,,,,,,Medium,Low,Urban,Low,
37.33055368,-121.9587149,95051,0.476904035,1.397406986,0.155542653,0,0.3,1,,,,,,,Medium,Low,Urban,Low,
37.33229121,-121.9998309,95051,0.476904035,0.309712167,0.267260121,0,0.3,1,,,,,,,Medium,Low,Urban,Low,
37.33229121,-121.9939406,95051,0.476904035,0.23889285,0.265439925,0,0.3,1,,,,,,,Medium,Low,Urban,Low,
37.33229121,-121.9891828,95051,0.476904035,0.517271778,0.241001052,0,0.3,1,,,,,,,Medium,Low,Urban,Low,
37.33229121,-121.9827495,95051,0.476904035,0.388896857,0.19554473,0,0.3,1,,,,,,,Medium,Low,Urban,Low,
37.33229121,-121.9717823,95051,0.476904035,0.52225993,0.149078021,0,0.3,1,,,,,,,Medium,Low,Urban,Low,
37.33229121,-121.9715197,95051,0.476904035,0.538279358,0.143612365,0,0.3,1,,,,,,,Medium,Low,Urban,Low,
37.33229121,-121.966008,95051,0.476904035,0.893467634,0.160207505,0,0.3,1,,,,,,,Medium,Low,Urban,Low,
37.33306415,-122.0062773,95051,0.476904035,0.727459783,0.177768895,0,0.3,1,,,,,,,Medium,Low,Urban,Low,
37.33306415,-121.9944883,95051,0.476904035,0.240339365,0.126113964,0,0.3,1,,,,,,,Medium,Low,Urban,Low,
37.33306415,-121.9814691,95051,0.476904035,0.304831732,0.210487639,0,0.3,1,,,,,,,Medium,Low,Urban,Low,
37.33306415,-121.9657996,95051,0.476904035,0.899957001,0.069723048,0,0.3,1,,,,,,,Medium,Low,Urban,Low,
37.33306415,-121.962883,95051,0.476904035,1.096446696,0.06914781,0,0.3,1,,,,,,,Medium,Low,Urban,Low,
37.3354207,-122.0058914,95051,0.476904035,0.732358133,0.070903814,0,0.3,1,,,,,,,Medium,Low,Urban,Low,
37.3354207,-122.0022665,95051,0.476904035,0.51327187,0.029391932,0,0.3,1,,,,,,,Medium,Low,Urban,Low,
37.3354207,-121.9918358,95051,0.476904035,0.422087694,0.103379975,0,0.3,1,,,,,,,Medium,Low,Urban,Low,
37.3354207,-121.9759655,95051,0.476904035,0.216791079,0.12029351,0,0.3,1,,,,,,,Medium,Low,Urban,Low,
37.3354207,-121.9733417,95051,0.476904035,0.376195189,0.189427969,0,0.3,1,,,,,,,Medium,Low,Urban,Low,
37.3354207,-121.9730087,95051,0.476904035,0.39776931,0.229514637,0,0.3,1,,,,,,,Medium,Low,Urban,Low,
37.3354207,-121.9667985,95051,0.476904035,0.814633069,0.246501079,0,0.3,1,,,,,,,Medium,Low,Urban,Low,
37.33694709,-122.0078454,95051,0.476904035,0.878457294,0.225237871,0,0.3,1,,,,,,,Medium,Low,Urban,Low,
37.33694709,-121.9877732,95051,0.476904035,0.650610833,0.097137065,0,0.3,1,,,,,,,Medium,Low,Urban,Low,
37.33694709,-121.968225,95051,0.476904035,0.709262266,0.108893888,0,0.3,1,,,,,,,Medium,Low,Urban,Low,
37.33847727,-122.0017642,95051,0.476904035,0.560578073,0.300095239,0,0.3,1,,,,,,,Medium,Low,Urban,Low,
37.33847727,-121.9637279,95051,0.476904035,1.015882814,0.162465449,0,0.3,1,,,,,,,Medium,Low,Urban,Low,
37.33972225,-122.007425,95051,0.476904035,0.898640562,0.127267329,0,0.3,1,,,,,,,Medium,Low,Urban,Low,
37.33972225,-121.9960794,95051,0.476904035,0.453256394,0.081572535,0,0.3,1,,,,,,,Medium,Low,Urban,Low,
37.33972225,-121.9771589,95051,0.476904035,0.090532954,0.228732638,0,0.3,1,,,,,,,Medium,Low,Urban,Low,
37.34144029,-122.0070709,95051,0.476904035,0.911683821,0.184662285,0,0.3,1,,,,,,,Medium,Low,Urban,Low,
37.34144029,-122.0043247,95051,0.476904035,0.762859415,0.152636211,0,0.3,1,,,,,,,Medium,Low,Urban,Low,
37.34144029,-121.9891342,95051,0.476904035,0.710163502,0.134585021,0,0.3,1,,,,,,,Medium,Low,Urban,Low,
37.34144029,-121.9776478,95051,0.476904035,0.101271162,0.089662288,0,0.3,1,,,,,,,Medium,Low,Urban,Low,
37.34144029,-121.9694132,95051,0.476904035,0.628671301,0.150050951,0,0.3,1,,,,,,,Medium,Low,Urban,Low,
37.34215097,-121.9917021,95051,0.476904035,0.624681161,0.025695695,0,0.3,1,,,,,,,Medium,Low,Urban,Low,
37.34215097,-121.9821431,95051,0.476904035,0.280099942,0.088131306,0,0.3,1,,,,,,,Medium,Low,Urban,Low,
37.34449653,-121.9960333,95051,0.476904035,0.628081909,0.210688379,0,0.3,1,,,,,,,Medium,Low,Urban,Low,
37.34449653,-121.9920769,95051,0.476904035,0.689413791,0.249478698,0,0.3,1,,,,,,,Medium,Low,Urban,Low,
37.34449653,-121.985455,95051,0.476904035,0.524341706,0.263614674,0,0.3,1,,,,,,,Medium,Low,Urban,Low,
37.34449653,-121.9846655,95051,0.476904035,0.474258837,0.236990468,0,0.3,1,,,,,,,Medium,Low,Urban,Low,
37.34449653,-121.9769692,95051,0.476904035,0.221806879,0.206115592,0,0.3,1,,,,,,,Medium,Low,Urban,Low,
37.34452043,-122.003755,95051,0.476904035,0.817568475,0.133860139,0,0.3,1,,,,,,,Medium,Low,Urban,Low,
37.34452043,-121.9920712,95051,0.476904035,0.690373251,0.046912745,0,0.3,1,,,,,,,Medium,Low,Urban,Low,
37.34452043,-121.9802616,95051,0.476904035,0.235563861,0.142412875,0,0.3,1,,,,,,,Medium,Low,Urban,Low,
37.34452043,-121.975927,95051,0.476904035,0.263118741,0.176635492,0,0.3,1,,,,,,,Medium,Low,Urban,Low,
37.34667353,-121.9796625,95051,0.476904035,0.290165556,0.170072133,0,0.3,1,,,,,,,Medium,Low,Urban,Low,
37.34667353,-121.9657996,95051,0.476904035,0.915475227,0.077961653,0,0.3,1,,,,,,,Medium,Low,Urban,Low,
37.34902014,-121.993747,95051,0.476904035,0.811404924,0.147570062,0,0.3,1,,,,,,,Medium,Low,Urban,Low,
37.34902014,-121.9675212,95051,0.476904035,0.836453638,0.240097941,0,0.3,1,,,,,,,Medium,Low,Urban,Low,
37.35085624,-121.9965169,95051,0.476904035,0.861118353,0.261899639,0,0.3,1,,,,,,,Medium,Low,Urban,Low,
37.35085624,-121.9819023,95051,0.476904035,0.492868447,0.218846277,0,0.3,1,,,,,,,Medium,Low,Urban,Low,
37.35214756,-121.9931263,95051,0.476904035,0.932495764,0.195980474,0,0.3,1,,,,,,,Medium,Low,Urban,Low,
37.35214756,-121.9885467,95051,0.476904035,0.846871853,0.195898841,0,0.3,1,,,,,,,Medium,Low,Urban,Low,
37.35214756,-121.9827021,95051,0.476904035,0.561636598,0.169980703,0,0.3,1,,,,,,,Medium,Low,Urban,Low,
37.35214756,-121.9765743,95051,0.476904035,0.494458532,0.095260318,0,0.3,1,,,,,,,Medium,Low,Urban,Low,
37.35214756,-121.9748071,95051,0.476904035,0.539112843,0.156303344,0,0.3,1,,,,,,,Medium,Low,Urban,Low,
37.35476489,-121.9972107,95051,0.476904035,0.817571616,0.160809023,0,0.3,1,,,,,,,Medium,Low,Urban,Low,
37.35476489,-121.984903,95051,0.476904035,0.727406561,0.069224836,0,0.3,1,,,,,,,Medium,Low,Urban,Low,
37.35687459,-121.9924529,95051,0.476904035,0.828815528,0.107089095,0,0.3,1,,,,,,,Medium,Low,Urban,Low,
37.35687459,-121.975014,95051,0.476904035,0.52150925,0.254952876,0,0.3,1,,,,,,,Medium,Low,Urban,Low,
37.35687459,-121.9691524,95051,0.476904035,0.710520781,0.128644587,0,0.3,1,,,,,,,Medium,Low,Urban,Low,
37.35687459,-121.9675652,95051,0.476904035,0.776670656,0.08935175,0,0.3,1,,,,,,,Medium,Low,Urban,Low,
37.3581442,-121.9961022,95051,0.476904035,0.703375348,0.039725312,0,0.3,1,,,,,,,Medium,Low,Urban,Low,
37.3581442,-121.9857006,95051,0.476904035,0.803799177,0.114619443,0,0.3,1,,,,,,,Medium,Low,Urban,Low,
37.3591481,-121.9936994,95051,0.476904035,0.716676083,0.098663578,0,0.3,1,,,,,,,Medium,Low,Urban,Low,
37.3591481,-121.9932394,95051,0.476904035,0.730078848,0.083485545,0,0.3,1,,,,,,,Medium,Low,Urban,Low,
37.3591481,-121.9880851,95051,0.476904035,0.924941223,0.06673393,0,0.3,1,,,,,,,Medium,Low,Urban,Low,
37.3591481,-121.9810882,95051,0.476904035,0.545993199,0.065711572,0,0.3,1,,,,,,,Medium,Low,Urban,Low,
37.3591481,-121.9737448,95051,0.476904035,0.464629572,0.146310838,0,0.3,1,,,,,,,Medium,Low,Urban,Low,
37.3591481,-121.9672094,95051,0.476904035,0.727332491,0.138160804,0,0.3,1,,,,,,,Medium,Low,Urban,Low,
37.36073365,-121.9705631,95051,0.476904035,0.541720207,0.276273875,0,0.3,1,,,,,,,Medium,Low,Urban,Low,
37.3623667,-121.9959752,95051,0.476904035,0.553855318,0.196151963,0,0.3,1,,,,,,,Medium,Low,Urban,Low,
37.3623667,-121.9880676,95051,0.476904035,0.865711072,0.16803205,0,0.3,1,,,,,,,Medium,Low,Urban,Low,
37.3623667,-121.9871321,95051,0.476904035,0.815067689,0.177539792,0,0.3,1,,,,,,,Medium,Low,Urban,Low,
37.3623667,-121.9685241,95051,0.476904035,0.579065366,0.18323281,0,0.3,1,,,,,,,Medium,Low,Urban,Low,
37.36454465,-121.9673714,95051,0.476904035,0.585351312,0.135526117,0,0.3,1,,,,,,,Medium,Low,Urban,Low,
37.36619785,-121.9924126,95051,0.476904035,0.548711024,0.188257005,0,0.3,1,,,,,,,Medium,Low,Urban,Low,
37.36619785,-121.9876032,95051,0.476904035,0.803795062,0.149505683,0,0.3,1,,,,,,,Medium,Low,Urban,Low,
37.36619785,-121.9875347,95051,0.476904035,0.79917396,0.12118065,0,0.3,1,,,,,,,Medium,Low,Urban,Low,
37.36619785,-121.9845929,95051,0.476904035,0.602360951,0.11794593,0,0.3,1,,,,,,,Medium,Low,Urban,Low,
37.36619785,-121.9834042,95051,0.476904035,0.5242343,0.089144542,0,0.3,1,,,,,,,Medium,Low,Urban,Low,
37.36619785,-121.9766517,95051,0.476904035,0.175656663,0.054093444,0,0.3,1,,,,,,,Medium,Low,Urban,Low,
37.36744695,-122.0002679,95051,0.476904035,0.388531441,0.080572467,0,0.3,1,,,,,,,Medium,Low,Urban,Low,
37.36744695,-121.9888812,95051,0.476904035,0.714756527,0.107902289,0,0.3,1,,,,,,,Medium,Low,Urban,Low,
37.36744695,-121.9809322,95051,0.476904035,0.348174609,0.115692492,0,0.3,1,,,,,,,Medium,Low,Urban,Low,
37.36744695,-121.9800171,95051,0.476904035,0.290276031,0.22935749,0,0.3,1,,,,,,,Medium,Low,Urban,Low,
37.3689157,-121.9979585,95051,0.476904035,0.298176154,0.096121609,0,0.3,1,,,,,,,Medium,Low,Urban,Low,
37.3689157,-121.9954656,95051,0.476904035,0.341799351,0.10184413,0,0.3,1,,,,,,,Medium,Low,Urban,Low,
37.3689157,-121.9704922,95051,0.476904035,0.316895165,0.092269007,0,0.3,1,,,,,,,Medium,Low,Urban,Low,
37.3689157,-121.9699692,95051,0.476904035,0.346781074,0.095976385,0,0.3,1,,,,,,,Medium,Low,Urban,Low,
37.3689157,-121.9674509,95051,0.476904035,0.502324505,0.1082646,0,0.3,1,,,,,,,Medium,Low,Urban,Low,
37.3704072,-121.9979719,95051,0.476904035,0.243597016,0.04206468,0,0.3,1,,,,,,,Medium,Low,Urban,Low,
37.3704072,-121.9892677,95051,0.476904035,0.643303762,0.127048911,0,0.3,1,,,,,,,Medium,Low,Urban,Low,
37.3704072,-121.9816196,95051,0.476904035,0.37191757,0.125562676,0,0.3,1,,,,,,,Medium,Low,Urban,Low,
37.3704072,-121.9785933,95051,0.476904035,0.163453802,0.140673714,0,0.3,1,,,,,,,Medium,Low,Urban,Low,
37.3704072,-121.9753303,95051,0.476904035,0.066062057,0.222673126,0,0.3,1,,,,,,,Medium,Low,Urban,Low,
37.3704072,-121.9728734,95051,0.476904035,0.160563113,0.254404651,0,0.3,1,,,,,,,Medium,Low,Urban,Low,
37.37090691,-121.9771998,95051,0.476904035,0.066024556,0.185621105,0,0.3,1,,,,,,,Medium,Low,Urban,Low,
37.37090691,-121.9669601,95051,0.476904035,0.513117001,0.169851697,0,0.3,1,,,,,,,Medium,Low,Urban,Low,
37.37236348,-121.9968618,95051,0.476904035,0.185867823,0.174909973,0,0.3,1,,,,,,,Medium,Low,Urban,Low,
37.37236348,-121.9929496,95051,0.476904035,0.381898274,0.074996439,0,0.3,1,,,,,,,Medium,Low,Urban,Low,
37.37236348,-121.9795267,95051,0.476904035,0.232734873,0.051841577,0,0.3,1,,,,,,,Medium,Low,Urban,Low,
37.37236348,-121.9721279,95051,0.476904035,0.155444454,0.069491442,0,0.3,1,,,,,,,Medium,Low,Urban,Low,
37.37402157,-121.9754278,95051,0.476904035,0.084673878,0.18844935,0,0.3,1,,,,,,,Medium,Low,Urban,Low,
37.37555722,-121.9971572,95051,0.476904035,0.074500124,0.103505022,0,0.3,1,,,,,,,Medium,Low,Urban,Low,
37.37555722,-121.9884701,95051,0.476904035,0.65287061,0.011367948,0,0.3,1,,,,,,,Medium,Low,Urban,Low,
37.37555722,-121.9708654,95051,0.476904035,0.237453015,0.119596562,0,0.3,1,,,,,,,Medium,Low,Urban,Low,
37.37731751,-122.0014505,95051,0.476904035,0.246543297,0.11438156,0,0.3,1,,,,,,,Medium,Low,Urban,Low,
37.37731751,-121.9730848,95051,0.476904035,0.143653515,0.128891052,0,0.3,1,,,,,,,Medium,Low,Urban,Low,
37.37991662,-122.0009876,95051,0.476904035,0.238558807,0.173249421,0,0.3,1,,,,,,,Medium,Low,Urban,Low,
37.38150858,-121.9949048,95051,0.476904035,0.26259459,0.162947084,0,0.3,1,,,,,,,Medium,Low,Urban,Low,
37.38172833,-121.9722917,95051,0.476904035,0.311843434,0.176471341,0,0.3,1,,,,,,,Medium,Low,Urban,Low,
37.38254026,-121.9993733,95051,0.476904035,0.225528619,0.212717321,0,0.3,1,,,,,,,Medium,Low,Urban,Low,
37.38254026,-121.9928606,95051,0.476904035,0.401018862,0.317592974,0,0.3,1,,,,,,,Medium,Low,Urban,Low,
37.38427138,-121.9957383,95051,0.476904035,0.302901024,0.090286808,0,0.3,1,,,,,,,Medium,Low,Urban,Low,
37.38427138,-121.9892094,95051,0.476904035,0.655054291,0.14630805,0,0.3,1,,,,,,,Medium,Low,Urban,Low,
37.38518162,-121.9924991,95051,0.476904035,0.476395297,0.090705398,0,0.3,1,,,,,,,Medium,Low,Urban,Low,
37.38761416,-121.9998931,95051,0.476904035,0.410652711,0.088991115,0,0.3,1,,,,,,,Medium,Low,Urban,Low,
37.38761416,-121.9972885,95051,0.476904035,0.388681328,0.044489956,0,0.3,1,,,,,,,Medium,Low,Urban,Low,
37.38761416,-121.990912,95051,0.476904035,0.617658404,0.119353544,0,0.3,1,,,,,,,Medium,Low,Urban,Low,
37.39013772,-121.997948,95051,0.476904035,0.478910037,0.108616599,0,0.3,1,,,,,,,Medium,Low,Urban,Low,
37.39013772,-121.9956191,95051,0.476904035,0.503822176,0.107960164,0,0.3,1,,,,,,,Medium,Low,Urban,Low,
37.39013772,-121.9942405,95051,0.476904035,0.5410472,0.123088464,0,0.3,1,,,,,,,Medium,Low,Urban,Low,
37.39013772,-121.9916967,95051,0.476904035,0.641981803,0.146062892,0,0.3,1,,,,,,,Medium,Low,Urban,Low,
37.39468838,-121.9999569,95051,0.476904035,0.661209689,0.246748778,0,0.3,1,,,,,,,Medium,Low,Urban,Low,
37.39468838,-121.99957,95051,0.476904035,0.655937653,0.279991629,0,0.3,1,,,,,,,Medium,Low,Urban,Low,
37.39468838,-121.9968498,95051,0.476904035,0.649450417,0.244502745,0,0.3,1,,,,,,,Medium,Low,Urban,Low,
37.39908159,-121.9955472,95051,0.476904035,0.82235701,0.166816686,0,0.3,1,,,,,,,Medium,Low,Urban,Low,
37.40095093,-121.9942939,95051,0.476904035,0.909275097,0.162575877,0,0.3,1,,,,,,,Medium,Low,Urban,Low,
37.40095093,-121.9904819,95051,0.476904035,1.01331196,0.162588099,0,0.3,1,,,,,,,Medium,Low,Urban,Low,
37.30575103,-121.8583119,95112,0.490949472,0.493810859,0.116019688,0,0.3,1,,,,,,,Medium,Low,Urban,Low,
37.30933908,-121.8594622,95112,0.490949472,0.386178818,0.141363632,0,0.3,1,,,,,,,Medium,Low,Urban,Low,
37.30950653,-121.8595606,95112,0.490949472,0.383108629,0.216337439,0,0.3,1,,,,,,,Medium,Low,Urban,Low,
37.30950653,-121.8582788,95112,0.490949472,0.357997135,0.290743069,0,0.3,1,,,,,,,Medium,Low,Urban,Low,
37.30981285,-121.8544699,95112,0.490949472,0.397090536,0.27390389,0,0.3,1,,,,,,,Medium,Low,Urban,Low,
37.3125031,-121.8567096,95112,0.490949472,0.248136215,0.230956028,0,0.3,1,,,,,,,Medium,Low,Urban,Low,
37.3125031,-121.8494422,95112,0.490949472,0.601337851,0.231928722,0,0.3,1,,,,,,,Medium,Low,Urban,Low,
37.31321872,-121.8623619,95112,0.490949472,0.406011341,0.243633513,0,0.3,1,,,,,,,Medium,Low,Urban,Low,
37.31463554,-121.8583089,95112,0.490949472,0.177255993,0.316572581,0,0.3,1,,,,,,,Medium,Low,Urban,Low,
37.31463554,-121.8511127,95112,0.490949472,0.464949651,0.09835456,0,0.3,1,,,,,,,Medium,Low,Urban,Low,
37.31463554,-121.8490217,95112,0.490949472,0.602147463,0.103518564,0,0.3,1,,,,,,,Medium,Low,Urban,Low,
37.3149789,-121.8600561,95112,0.490949472,0.239107131,0.118826517,0,0.3,1,,,,,,,Medium,Low,Urban,Low,
37.3149789,-121.8569731,95112,0.490949472,0.156029591,0.11357959,0,0.3,1,,,,,,,Medium,Low,Urban,Low,
37.31650416,-121.8631031,95112,0.490949472,0.406004593,0.101209636,0,0.3,1,,,,,,,Medium,Low,Urban,Low,
37.31650416,-121.8569383,95112,0.490949472,0.10266832,0.093601609,0,0.3,1,,,,,,,Medium,Low,Urban,Low,
37.31837613,-121.8572007,95112,0.490949472,0.032385231,0.077648949,0,0.3,1,,,,,,,Medium,Low,Urban,Low,
37.31837613,-121.8570777,95112,0.490949472,0.03680551,0.066663897,0,0.3,1,,,,,,,Medium,Low,Urban,Low,
37.32058743,-121.8584854,95112,0.490949472,0.090900769,0.067672908,0,0.3,1,,,,,,,Medium,Low,Urban,Low,
37.32058743,-121.8531736,95112,0.490949472,0.296481647,0.028576094,0,0.3,1,,,,,,,Medium,Low,Urban,Low,
37.32058743,-121.8487614,95112,0.490949472,0.599080595,0.018761869,0,0.3,1,,,,,,,Medium,Low,Urban,Low,
37.32194949,-121.8640618,95112,0.490949472,0.471292788,0.040933527,0,0.3,1,,,,,,,Medium,Low,Urban,Low,
37.32194949,-121.8598182,95112,0.490949472,0.195268746,0.111800949,0,0.3,1,,,,,,,Medium,Low,Urban,Low,
37.32194949,-121.8534593,95112,0.490949472,0.29039199,0.075818839,0,0.3,1,,,,,,,Medium,Low,Urban,Low,
37.32454467,-121.8611116,95112,0.490949472,0.322594932,0.038207522,0,0.3,1,,,,,,,Medium,Low,Urban,Low,
37.3289879,-121.8677625,95112,0.490949472,0.800442333,0.132384872,0,0.3,1,,,,,,,Medium,Low,Urban,Low,
37.3289879,-121.8633904,95112,0.490949472,0.547098811,0.228529485,0,0.3,1,,,,,,,Medium,Low,Urban,Low,
37.33229121,-121.865204,95112,0.490949472,0.72075991,0.125617032,0,0.3,1,,,,,,,Medium,Low,Urban,Low,
37.33306415,-121.8687052,95112,0.490949472,0.930983001,0.07224478,0,0.3,1,,,,,,,Medium,Low,Urban,Low,
37.32454467,-121.8492055,95122,0.496374522,0.520855167,0.117967449,0,0.3,1,,,,,,,Medium,Low,Urban,Low,
37.32454467,-121.8489732,95122,0.496374522,0.532740016,0.096291994,0,0.3,1,,,,,,,Medium,Low,Urban,Low,
37.32645688,-121.8467559,95122,0.496374522,0.620291087,0.181607832,0,0.3,1,,,,,,,Medium,Low,Urban,Low,
37.32645688,-121.8432197,95122,0.496374522,0.844912204,0.191739346,0,0.3,1,,,,,,,Medium,Low,Urban,Low,
37.3289879,-121.8593804,95122,0.496374522,0.374054148,0.209893678,0,0.3,1,,,,,,,Medium,Low,Urban,Low,
37.3289879,-121.8528435,95122,0.496374522,0.232252098,0.182269162,0,0.3,1,,,,,,,Medium,Low,Urban,Low,
37.3289879,-121.8458992,95122,0.496374522,0.639985802,0.151759419,0,0.3,1,,,,,,,Medium,Low,Urban,Low,
37.33055368,-121.8563893,95122,0.496374522,0.176837868,0.086027021,0,0.3,1,,,,,,,Medium,Low,Urban,Low,
37.33055368,-121.8468061,95122,0.496374522,0.564209272,0.063258767,0,0.3,1,,,,,,,Medium,Low,Urban,Low,
37.33055368,-121.8433376,95122,0.496374522,0.798980073,0.107458046,0,0.3,1,,,,,,,Medium,Low,Urban,Low,
37.33229121,-121.8631185,95122,0.496374522,0.583702404,0.111024711,0,0.3,1,,,,,,,Medium,Low,Urban,Low,
37.33229121,-121.85641,95122,0.496374522,0.13608396,0.081295296,0,0.3,1,,,,,,,Medium,Low,Urban,Low,
37.33229121,-121.8525716,95122,0.496374522,0.165704211,0.026265436,0,0.3,1,,,,,,,Medium,Low,Urban,Low,
37.33229121,-121.8448154,95122,0.496374522,0.689122416,0.05402874,0,0.3,1,,,,,,,Medium,Low,Urban,Low,
37.33306415,-121.8501122,95122,0.496374522,0.322332321,0.238958264,0,0.3,1,,,,,,,Medium,Low,Urban,Low,
37.3354207,-121.8438487,95122,0.496374522,0.753400243,0.293805509,0,0.3,1,,,,,,,Medium,Low,Urban,Low,
37.3354207,-121.8416188,95122,0.496374522,0.907276448,0.305472498,0,0.3,1,,,,,,,Medium,Low,Urban,Low,
37.33694709,-121.8473421,95122,0.496374522,0.520170893,0.032413079,0,0.3,1,,,,,,,Medium,Low,Urban,Low,
37.33694709,-121.844579,95122,0.496374522,0.708576332,0.058198887,0,0.3,1,,,,,,,Medium,Low,Urban,Low,
37.33694709,-121.8426297,95122,0.496374522,0.842174388,0.044176431,0,0.3,1,,,,,,,Medium,Low,Urban,Low,
37.33847727,-121.8553837,95122,0.496374522,0.160442929,0.127586402,0,0.3,1,,,,,,,Medium,Low,Urban,Low,
37.33847727,-121.8443407,95122,0.496374522,0.734530618,0.007313647,0,0.3,1,,,,,,,Medium,Low,Urban,Low,
37.33847727,-121.8412874,95122,0.496374522,0.941854277,0.01002929,0,0.3,1,,,,,,,Medium,Low,Urban,Low,
37.33972225,-121.8608613,95122,0.496374522,0.467971584,0.088281421,0,0.3,1,,,,,,,Medium,Low,Urban,Low,
37.34144029,-121.8615834,95122,0.496374522,0.540976308,0.026388734,0,0.3,1,,,,,,,Medium,Low,Urban,Low,
37.34144029,-121.8571946,95122,0.496374522,0.312397873,0.024122159,0,0.3,1,,,,,,,Medium,Low,Urban,Low,
37.34144029,-121.850759,95122,0.496374522,0.379678051,0.049541761,0,0.3,1,,,,,,,Medium,Low,Urban,Low,
37.34144029,-121.8440081,95122,0.496374522,0.786146998,0.107718569,0,0.3,1,,,,,,,Medium,Low,Urban,Low,
37.34215097,-121.8454819,95122,0.496374522,0.701210386,0.11883282,0,0.3,1,,,,,,,Medium,Low,Urban,Low,
37.34449653,-121.8581606,95122,0.496374522,0.44225896,0.146122116,0,0.3,1,,,,,,,Medium,Low,Urban,Low,
37.34452043,-121.8520172,95122,0.496374522,0.418858333,0.204766655,0,0.3,1,,,,,,,Medium,Low,Urban,Low,
37.34667353,-121.8523258,95122,0.496374522,0.482544602,0.149049559,0,0.3,1,,,,,,,Medium,Low,Urban,Low,
37.34902014,-121.8530359,95122,0.496374522,0.551150907,0.140628698,0,0.3,1,,,,,,,Medium,Low,Urban,Low,
37.35085624,-121.853389,95122,0.496374522,0.61256364,0.071543121,0,0.3,1,,,,,,,Medium,Low,Urban,Low,
37.282985,-121.8768958,95125,0.45594122,1.013173088,0.33744716,0,0.3,1,,,,,,,Medium,Medium,Urban,Low,
37.282985,-121.8675921,95125,0.45594122,0.774576124,0.389685267,0,0.3,1,,,,,,,Medium,Medium,Urban,Low,
37.282985,-121.8671616,95125,0.45594122,0.774750675,0.400262193,0,0.3,1,,,,,,,Medium,Medium,Urban,Low,
37.28646281,-121.8774288,95125,0.45594122,0.946312641,0.427709951,0,0.3,1,,,,,,,Medium,Medium,Urban,Low,
37.30156605,-121.8714418,95125,0.45594122,0.292637708,0.429860839,0,0.3,1,,,,,,,Medium,Medium,Urban,Low,
37.30337946,-121.8872276,95125,0.45594122,1.367311916,0.441317401,0,0.3,1,,,,,,,Medium,Medium,Urban,Low,
37.282985,-121.8382969,95111,0.513237824,0.758636433,0.342397741,0,0.3,1,,,,,,,Medium,Medium,Urban,Low,
37.282985,-121.8312929,95111,0.513237824,0.995631151,0.389263831,0,0.3,1,,,,,,,Medium,Medium,Urban,Low,
37.282985,-121.8244385,95111,0.513237824,1.360766603,0.449675931,0,0.3,1,,,,,,,Medium,Medium,Urban,Low,
37.2906222,-121.824243,95111,0.513237824,1.245460162,0.457419156,0,0.3,1,,,,,,,Medium,Medium,Urban,Low,
37.2906222,-121.8176335,95111,0.513237824,1.678723752,0.46708546,0,0.3,1,,,,,,,Medium,Medium,Urban,Low,
37.29305965,-121.8588004,95111,0.513237824,0.689817673,0.461887737,0,0.3,1,,,,,,,Medium,Medium,Urban,Low,
37.30156605,-121.8189418,95111,0.513237824,1.526144952,0.340351419,0,0.3,1,,,,,,,Medium,Medium,Urban,Low,
37.30337946,-121.8525011,95111,0.513237824,0.474465636,0.363286508,0,0.3,1,,,,,,,Medium,Medium,Urban,Low,
37.30337946,-121.8385906,95111,0.513237824,0.167576835,0.463630692,0,0.3,1,,,,,,,Medium,Medium,Urban,Low,
37.2970086,-121.9741002,95051,0.476904035,1.56878709,0.407710847,0,0.3,1,,,,,,,Medium,Medium,Urban,Low,
37.29948853,-121.9943168,95051,0.476904035,1.028058861,0.524968599,0,0.3,1,,,,,,,Medium,Medium,Urban,Low,
37.30723791,-122.0068015,95051,0.476904035,1.03883006,0.345777751,0,0.3,1,,,,,,,Medium,Medium,Urban,Low,
37.30723791,-122.0006829,95051,0.476904035,0.798828356,0.418398338,0,0.3,1,,,,,,,Medium,Medium,Urban,Low,
37.30723791,-121.9891461,95051,0.476904035,0.882625951,0.528968481,0,0.3,1,,,,,,,Medium,Medium,Urban,Low,
37.3125031,-121.9718348,95051,0.476904035,1.074362223,0.379309926,0,0.3,1,,,,,,,Medium,Medium,Urban,Low,
37.3125031,-121.9662457,95051,0.476904035,1.286485725,0.388129151,0,0.3,1,,,,,,,Medium,Medium,Urban,Low,
37.31321872,-122.0094494,95051,0.476904035,1.051819416,0.454414033,0,0.3,1,,,,,,,Medium,Medium,Urban,Low,
37.31837613,-121.977403,95051,0.476904035,0.761491188,0.393401863,0,0.3,1,,,,,,,Medium,Medium,Urban,Low,
37.31837613,-121.9758545,95051,0.476904035,0.778732939,0.400680792,0,0.3,1,,,,,,,Medium,Medium,Urban,Low,
37.33847727,-121.9953902,95051,0.476904035,0.411377711,0.370558138,0,0.3,1,,,,,,,Medium,Medium,Urban,Low,
37.34667353,-122.0003129,95051,0.476904035,0.762783177,0.388516262,0,0.3,1,,,,,,,Medium,Medium,Urban,Low,
37.34667353,-121.9888221,95051,0.476904035,0.770000664,0.465644484,0,0.3,1,,,,,,,Medium,Medium,Urban,Low,
37.38427138,-122.001085,95051,0.476904035,0.344445439,0.372963288,0,0.3,1,,,,,,,Medium,Medium,Urban,Low,
37.38427138,-122.0003873,95051,0.476904035,0.315668717,0.46671854,0,0.3,1,,,,,,,Medium,Medium,Urban,Low,
37.31463554,-121.8554156,95112,0.490949472,0.215089172,0.365866127,0,0.3,1,,,,,,,Medium,Medium,Urban,Low,
37.282985,-121.8717336,95125,0.45594122,0.82931956,0.372841694,0,0.7,1,,,,,,,Medium,Medium,Urban,Medium,
37.282985,-121.8660429,95125,0.45594122,0.780522877,0.410942174,0,0.7,1,,,,,,,Medium,Medium,Urban,Medium,
37.28388274,-121.879493,95125,0.45594122,1.11512081,0.405800384,0,0.7,1,,,,,,,Medium,Medium,Urban,Medium,
37.28388274,-121.8735754,95125,0.45594122,0.854263873,0.405857496,0,0.7,1,,,,,,,Medium,Medium,Urban,Medium,
37.28388274,-121.866471,95125,0.45594122,0.744790117,0.419941046,0,0.7,1,,,,,,,Medium,Medium,Urban,Medium,
37.30156605,-121.8784164,95125,0.45594122,0.764277834,0.33834815,0,0.7,1,,,,,,,Medium,Medium,Urban,Medium,
37.30156605,-121.8768391,95125,0.45594122,0.656310162,0.393738723,0,0.7,1,,,,,,,Medium,Medium,Urban,Medium,
37.282985,-121.8335199,95111,0.513237824,0.899052647,0.364145803,0,0.7,1,,,,,,,Medium,Medium,Urban,Medium,
37.2906222,-121.8282459,95111,0.513237824,0.99332594,0.432239611,0,0.7,1,,,,,,,Medium,Medium,Urban,Medium,
37.29305965,-121.8568656,95111,0.513237824,0.556231253,0.466012452,0,0.7,1,,,,,,,Medium,Medium,Urban,Medium,
37.29305965,-121.8490327,95111,0.513237824,0.028346412,0.467370653,0,0.7,1,,,,,,,Medium,Medium,Urban,Medium,
37.30337946,-121.8413231,95111,0.513237824,0.023013305,0.466418786,0,0.7,1,,,,,,,Medium,Medium,Urban,Medium,
37.30337946,-121.8349479,95111,0.513237824,0.419153315,0.46383283,0,0.7,1,,,,,,,Medium,Medium,Urban,Medium,
37.33306415,-121.8306904,95111,0.513237824,1.302883558,0.3489226,0,0.7,1,,,,,,,Medium,Medium,Urban,Medium,
37.33306415,-121.8248216,95111,0.513237824,1.562124297,0.453920427,0,0.7,1,,,,,,,Medium,Medium,Urban,Medium,
37.3354207,-121.8356593,95111,0.513237824,1.23307743,0.476030423,0,0.7,1,,,,,,,Medium,Medium,Urban,Medium,
37.2970086,-121.9814872,95051,0.476904035,1.50528257,0.339213473,0,0.7,1,,,,,,,Medium,Medium,Urban,Medium,
37.2970086,-121.9801963,95051,0.476904035,1.545022427,0.36573106,0,0.7,1,,,,,,,Medium,Medium,Urban,Medium,
37.30723791,-121.995186,95051,0.476904035,0.739422532,0.424028444,0,0.7,1,,,,,,,Medium,Medium,Urban,Medium,
37.30723791,-121.9937163,95051,0.476904035,0.75577655,0.485080222,0,0.7,1,,,,,,,Medium,Medium,Urban,Medium,
37.30723791,-121.991583,95051,0.476904035,0.802115629,0.525242705,0,0.7,1,,,,,,,Medium,Medium,Urban,Medium,
37.3125031,-121.9732643,95051,0.476904035,1.036374301,0.378467108,0,0.7,1,,,,,,,Medium,Medium,Urban,Medium,
37.31837613,-121.9839429,95051,0.476904035,0.84868673,0.333533287,0,0.7,1,,,,,,,Medium,Medium,Urban,Medium,
37.31837613,-121.9822023,95051,0.476904035,0.801883494,0.380774934,0,0.7,1,,,,,,,Medium,Medium,Urban,Medium,
37.34667353,-121.9968663,95051,0.476904035,0.70921334,0.434665749,0,0.7,1,,,,,,,Medium,Medium,Urban,Medium,
37.34667353,-121.9913226,95051,0.476904035,0.78364987,0.460898484,0,0.7,1,,,,,,,Medium,Medium,Urban,Medium,
37.35870644,-121.9961541,95051,0.476904035,0.682480509,0.366935817,0,0.7,1,,,,,,,Medium,Medium,Urban,Medium,
37.35870644,-121.9894923,95051,0.476904035,0.887524277,0.421173422,0,0.7,1,,,,,,,Medium,Medium,Urban,Medium,
37.35870644,-121.9814003,95051,0.476904035,0.572028071,0.530935437,0,0.7,1,,,,,,,Medium,Medium,Urban,Medium,
37.3354207,-121.8611055,95122,0.496374522,0.442261942,0.340975389,0,0.7,1,,,,,,,Medium,Medium,Urban,Medium,
37.33694709,-121.8609148,95122,0.496374522,0.438187591,0.338579898,0,0.7,1,,,,,,,Medium,Medium,Urban,Medium,
37.33694709,-121.8558297,95122,0.496374522,0.124004413,0.39284992,0,0.7,1,,,,,,,Medium,Medium,Urban,Medium,
37.28388274,-121.8669411,95125,0.45594122,0.7425666,0.406887729,0,1,1,,,,,,,Medium,Medium,Urban,High,
37.30156605,-121.8849155,95125,0.45594122,1.211076372,0.3351049,0,1,1,,,,,,,Medium,Medium,Urban,High,
37.30156605,-121.8697606,95125,0.45594122,0.186970773,0.426182922,0,1,1,,,,,,,Medium,Medium,Urban,High,
37.30156605,-121.8696942,95125,0.45594122,0.183058776,0.421302485,0,1,1,,,,,,,Medium,Medium,Urban,High,
37.30156605,-121.8685895,95125,0.45594122,0.124917123,0.426447612,0,1,1,,,,,,,Medium,Medium,Urban,High,
37.30156605,-121.862993,95125,0.45594122,0.322410195,0.435724498,0,1,1,,,,,,,Medium,Medium,Urban,High,
37.282985,-121.82883,95111,0.513237824,1.117496798,0.432849804,0,1,1,,,,,,,Medium,Medium,Urban,High,
37.2906222,-121.8307038,95111,0.513237824,0.846115164,0.377359467,0,1,1,,,,,,,Medium,Medium,Urban,High,
37.29305965,-121.8550983,95111,0.513237824,0.434265428,0.466805634,0,1,1,,,,,,,Medium,Medium,Urban,High,
37.29305965,-121.8453442,95111,0.513237824,0.241637209,0.474495712,0,1,1,,,,,,,Medium,Medium,Urban,High,
37.30337946,-121.8478569,95111,0.513237824,0.406176771,0.425859181,0,1,1,,,,,,,Medium,Medium,Urban,High,
37.30337946,-121.830604,95111,0.513237824,0.719271519,0.46956478,0,1,1,,,,,,,Medium,Medium,Urban,High,
37.33306415,-121.8290841,95111,0.513237824,1.366784889,0.414143573,0,1,1,,,,,,,Medium,Medium,Urban,High,
37.29948853,-122.0017783,95051,0.476904035,1.090462275,0.416823835,0,1,1,,,,,,,Medium,Medium,Urban,High,
37.29948853,-122.000171,95051,0.476904035,1.056269184,0.468708793,0,1,1,,,,,,,Medium,Medium,Urban,High,
37.30723791,-122.0044053,95051,0.476904035,0.929439846,0.391483004,0,1,1,,,,,,,Medium,Medium,Urban,High,
37.3125031,-121.9739378,95051,0.476904035,1.021301442,0.343386121,0,1,1,,,,,,,Medium,Medium,Urban,High,
37.3125031,-121.9606203,95051,0.476904035,1.568531868,0.40305719,0,1,1,,,,,,,Medium,Medium,Urban,High,
37.33847727,-121.9895775,95051,0.476904035,0.612534328,0.41451864,0,1,1,,,,,,,Medium,Medium,Urban,High,
37.35870644,-121.9932347,95051,0.476904035,0.744775568,0.409938627,0,1,1,,,,,,,Medium,Medium,Urban,High,
37.35870644,-121.9836575,95051,0.476904035,0.680208944,0.473861587,0,1,1,,,,,,,Medium,Medium,Urban,High,
37.35870644,-121.9756652,95051,0.476904035,0.44929317,0.538440929,0,1,1,,,,,,,Medium,Medium,Urban,High,
37.35870644,-121.9691939,95051,0.476904035,0.658138087,0.568517782,0,1,1,,,,,,,Medium,Medium,Urban,High,
37.38254026,-121.9920105,95051,0.476904035,0.452826948,0.359864736,0,1,1,,,,,,,Medium,Medium,Urban,High,
37.38427138,-122.0009776,95051,0.476904035,0.339729072,0.43299447,0,1,1,,,,,,,Medium,Medium,Urban,High,
37.33694709,-121.8569077,95122,0.496374522,0.179436362,0.383044763,0,1,1,,,,,,,Medium,Medium,Urban,High,
37.33694709,-121.8520877,95122,0.496374522,0.207615635,0.427333693,0,1,1,,,,,,,Medium,Medium,Urban,High,
37.33694709,-121.8502087,95122,0.496374522,0.327802461,0.476340525,0,1,1,,,,,,,Medium,Medium,Urban,High,
37.28886784,-121.7987534,95138,0.165815162,1.070286263,0.376397769,1,0.3,1,,,,,,,Low,Medium,Forest,Low,
37.29972048,-121.7794711,95138,0.165815162,1.237368783,0.449309629,1,0.3,1,,,,,,,Low,Medium,Forest,Low,
37.2906222,-121.7367279,95013,0.000702272,2.42006418,0.372220908,1,0.3,1,,,,,,,Low,Medium,Forest,Low,
37.2906222,-121.7333762,95013,0.000702272,2.46467871,0.420894042,1,0.3,1,,,,,,,Low,Medium,Forest,Low,
37.29305965,-121.7530705,95013,0.000702272,2.477030624,0.484755122,1,0.3,1,,,,,,,Low,Medium,Forest,Low,
37.28886784,-121.7978446,95138,0.165815162,1.02462337,0.411875403,1,1,1,,,,,,,Low,Medium,Forest,High,
37.29972048,-121.7844093,95138,0.165815162,1.131185348,0.437358561,1,1,1,,,,,,,Low,Medium,Forest,High,
37.29972048,-121.7745792,95138,0.165815162,1.417680867,0.503297312,1,1,1,,,,,,,Low,Medium,Forest,High,
37.29305965,-121.7513468,95013,0.000702272,2.455909433,0.489385966,1,1,1,,,,,,,Low,Medium,Forest,High,
37.28886784,-121.7937079,95138,0.165815162,0.845031661,0.447402271,1,0.7,1,,,,,,,Low,Medium,Forest,Medium,
37.28886784,-121.7899798,95138,0.165815162,0.742604313,0.487233095,1,0.7,1,,,,,,,Low,Medium,Forest,Medium,
37.28886784,-121.7886126,95138,0.165815162,0.724627615,0.488466828,1,0.7,1,,,,,,,Low,Medium,Forest,Medium,
37.28886784,-121.7840611,95138,0.165815162,0.752261393,0.497462462,1,0.7,1,,,,,,,Low,Medium,Forest,Medium,
37.29948853,-121.7601551,95138,0.165815162,2.175530751,0.337625644,1,0.7,1,,,,,,,Low,Medium,Forest,Medium,
37.29948853,-121.7549715,95138,0.165815162,2.490691211,0.395623024,1,0.7,1,,,,,,,Low,Medium,Forest,Medium,
37.29948853,-121.7526518,95138,0.165815162,2.635289896,0.397665908,1,0.7,1,,,,,,,Low,Medium,Forest,Medium,
37.29972048,-121.7726356,95138,0.165815162,1.504479103,0.501663648,1,0.7,1,,,,,,,Low,Medium,Forest,Medium,
37.2906222,-121.7432505,95013,0.000702272,2.345102839,0.351325082,1,0.7,1,,,,,,,Low,Medium,Forest,Medium,
37.34452043,-121.8047222,95148,0.39966291,0.962902473,0.353092666,0,0.3,1,,,,,,,Medium,Medium,Urban,Low,
37.3591481,-121.7939013,95148,0.39966291,1.352350205,0.390955313,0,0.3,1,,,,,,,Medium,Medium,Urban,Low,
37.36744695,-121.7922916,95148,0.39966291,1.669458633,0.408009681,0,0.3,1,,,,,,,Medium,Medium,Urban,Low,
37.38172833,-121.7555182,95148,0.39966291,3.587887815,0.507493108,0,0.3,1,,,,,,,Medium,Medium,Urban,Low,
37.38172833,-121.7447773,95148,0.39966291,4.204674945,0.574730097,0,0.3,1,,,,,,,Medium,Medium,Urban,Low,
37.38172833,-121.7410342,95148,0.39966291,4.428668798,0.648390333,0,0.3,1,,,,,,,Medium,Medium,Urban,Low,
37.39013772,-121.744885,95148,0.39966291,4.363283377,0.379952117,0,0.3,1,,,,,,,Medium,Medium,Urban,Low,
37.39908159,-121.8040316,95148,0.39966291,2.831003336,0.411648046,0,0.3,1,,,,,,,Medium,Medium,Urban,Low,
37.39908159,-121.8019517,95148,0.39966291,2.809908867,0.469772048,0,0.3,1,,,,,,,Medium,Medium,Urban,Low,
37.39908159,-121.7955848,95148,0.39966291,2.790717735,0.511963371,0,0.3,1,,,,,,,Medium,Medium,Urban,Low,
37.39908159,-121.7931436,95148,0.39966291,2.801706069,0.571867252,0,0.3,1,,,,,,,Medium,Medium,Urban,Low,
37.39908159,-121.791764,95148,0.39966291,2.812374825,0.636411628,0,0.3,1,,,,,,,Medium,Medium,Urban,Low,
37.33972225,-121.953118,95050,0.315346396,0.992031351,0.396828199,0,0.3,1,,,,,,,Low,Medium,Urban,Low,
37.35214756,-121.9437795,95050,0.315346396,0.307231784,0.35396465,0,0.3,1,,,,,,,Low,Medium,Urban,Low,
37.35214756,-121.9382656,95050,0.315346396,0.187080553,0.35541446,0,0.3,1,,,,,,,Low,Medium,Urban,Low,
37.35214756,-121.9353265,95050,0.315346396,0.349226449,0.408509758,0,0.3,1,,,,,,,Low,Medium,Urban,Low,
37.35214756,-121.9339115,95050,0.315346396,0.439591754,0.439297448,0,0.3,1,,,,,,,Low,Medium,Urban,Low,
37.35476489,-121.951334,95050,0.315346396,0.48875473,0.552132406,0,0.3,1,,,,,,,Low,Medium,Urban,Low,
37.35476489,-121.947378,95050,0.315346396,0.322122083,0.592038207,0,0.3,1,,,,,,,Low,Medium,Urban,Low,
37.36073365,-121.9453575,95050,0.315346396,0.089256594,0.341000333,0,0.3,1,,,,,,,Low,Medium,Urban,Low,
37.3623667,-121.952105,95050,0.315346396,0.36495118,0.343555512,0,0.3,1,,,,,,,Low,Medium,Urban,Low,
37.3623667,-121.9483405,95050,0.315346396,0.178675417,0.370827788,0,0.3,1,,,,,,,Low,Medium,Urban,Low,
37.3623667,-121.9421556,95050,0.315346396,0.103420643,0.427862362,0,0.3,1,,,,,,,Low,Medium,Urban,Low,
37.33972225,-121.868818,95133,0.222980091,0.83696613,0.346522306,0,0.3,1,,,,,,,Low,Medium,Urban,Low,
37.34215097,-121.8779808,95133,0.222980091,1.176423731,0.348924051,0,0.3,1,,,,,,,Low,Medium,Urban,Low,
37.34215097,-121.8724048,95133,0.222980091,0.891158785,0.352741142,0,0.3,1,,,,,,,Low,Medium,Urban,Low,
37.3581442,-121.8737129,95133,0.222980091,0.670461091,0.35260921,0,0.3,1,,,,,,,Low,Medium,Urban,Low,
37.3581442,-121.8696841,95133,0.222980091,0.397299119,0.383612251,0,0.3,1,,,,,,,Low,Medium,Urban,Low,
37.3581442,-121.8569564,95133,0.222980091,0.50464332,0.44605951,0,0.3,1,,,,,,,Low,Medium,Urban,Low,
37.35870644,-121.8825397,95133,0.222980091,1.275410124,0.493747332,0,0.3,1,,,,,,,Low,Medium,Urban,Low,
37.3704072,-121.8705064,95133,0.222980091,0.562173878,0.35002783,0,0.3,1,,,,,,,Low,Medium,Urban,Low,
37.37090691,-121.8628518,95133,0.222980091,0.376499116,0.340680349,0,0.3,1,,,,,,,Low,Medium,Urban,Low,
37.37090691,-121.8571337,95133,0.222980091,0.605736191,0.409735663,0,0.3,1,,,,,,,Low,Medium,Urban,Low,
37.37236348,-121.8724576,95133,0.222980091,0.712770325,0.550888509,0,0.3,1,,,,,,,Low,Medium,Urban,Low,
37.37236348,-121.8717353,95133,0.222980091,0.67305375,0.579488154,0,0.3,1,,,,,,,Low,Medium,Urban,Low,
37.33972225,-121.8405631,95116,0.452052389,0.989572651,0.340401271,0,0.3,1,,,,,,,Medium,Medium,Urban,Low,
37.33972225,-121.8320764,95116,0.452052389,1.251007701,0.356713352,0,0.3,1,,,,,,,Medium,Medium,Urban,Low,
37.34144029,-121.8284444,95116,0.452052389,1.381517663,0.374411662,0,0.3,1,,,,,,,Medium,Medium,Urban,Low,
37.34144029,-121.8238337,95116,0.452052389,1.635565277,0.414689244,0,0.3,1,,,,,,,Medium,Medium,Urban,Low,
37.35476489,-121.8212393,95116,0.452052389,1.59767105,0.349323488,0,0.3,1,,,,,,,Medium,Medium,Urban,Low,
37.35687459,-121.8412535,95116,0.452052389,0.377516092,0.345116402,0,0.3,1,,,,,,,Medium,Medium,Urban,Low,
37.3623667,-121.8321958,95116,0.452052389,0.797394665,0.338879197,0,0.3,1,,,,,,,Medium,Medium,Urban,Low,
37.36454465,-121.8501073,95116,0.452052389,0.457393813,0.346560716,0,0.3,1,,,,,,,Medium,Medium,Urban,Low,
37.36454465,-121.8415539,95116,0.452052389,0.151641063,0.359111769,0,0.3,1,,,,,,,Medium,Medium,Urban,Low,
37.36454465,-121.8194992,95116,0.452052389,1.663090261,0.484423269,0,0.3,1,,,,,,,Medium,Medium,Urban,Low,
37.37236348,-121.8145146,95116,0.452052389,2.018573236,0.384278364,0,0.3,1,,,,,,,Medium,Medium,Urban,Low,
37.37402157,-121.8519189,95116,0.452052389,0.643590346,0.376273323,0,0.3,1,,,,,,,Medium,Medium,Urban,Low,
37.37402157,-121.8466783,95116,0.452052389,0.35575129,0.365432481,0,0.3,1,,,,,,,Medium,Medium,Urban,Low,
37.37402157,-121.8427115,95116,0.452052389,0.288460004,0.365338576,0,0.3,1,,,,,,,Medium,Medium,Urban,Low,
37.37402157,-121.8425606,95116,0.452052389,0.29073491,0.362695922,0,0.3,1,,,,,,,Medium,Medium,Urban,Low,
37.37402157,-121.8399501,95116,0.452052389,0.376481554,0.371246438,0,0.3,1,,,,,,,Medium,Medium,Urban,Low,
37.37402157,-121.8380458,95116,0.452052389,0.473837117,0.39552594,0,0.3,1,,,,,,,Medium,Medium,Urban,Low,
37.37402157,-121.8250258,95116,0.452052389,1.31082921,0.484415225,0,0.3,1,,,,,,,Medium,Medium,Urban,Low,
37.38427138,-121.8546588,95116,0.452052389,1.009905998,0.387549177,0,0.3,1,,,,,,,Medium,Medium,Urban,Low,
37.38427138,-121.8432479,95116,0.452052389,0.656572704,0.374245278,0,0.3,1,,,,,,,Medium,Medium,Urban,Low,
37.38427138,-121.8423774,95116,0.452052389,0.661220175,0.37278124,0,0.3,1,,,,,,,Medium,Medium,Urban,Low,
37.38427138,-121.833389,95116,0.452052389,0.96101184,0.393449828,0,0.3,1,,,,,,,Medium,Medium,Urban,Low,
37.38427138,-121.8328864,95116,0.452052389,0.986667534,0.423443649,0,0.3,1,,,,,,,Medium,Medium,Urban,Low,
37.39216313,-121.813371,95116,0.452052389,2.288872022,0.374171474,0,0.3,1,,,,,,,Medium,Medium,Urban,Low,
37.39468838,-121.8540402,95116,0.452052389,1.264497829,0.374989059,0,0.3,1,,,,,,,Medium,Medium,Urban,Low,
37.39468838,-121.848611,95116,0.452052389,1.093487782,0.3815301,0,0.3,1,,,,,,,Medium,Medium,Urban,Low,
37.39468838,-121.8446108,95116,0.452052389,1.038605901,0.398295008,0,0.3,1,,,,,,,Medium,Medium,Urban,Low,
37.39468838,-121.8275189,95116,0.452052389,1.516558709,0.488497906,0,0.3,1,,,,,,,Medium,Medium,Urban,Low,
37.39468838,-121.8253534,95116,0.452052389,1.629043907,0.623298821,0,0.3,1,,,,,,,Medium,Medium,Urban,Low,
37.36073365,-122.0167075,94086,0.401146459,0.505431092,0.397799453,0,0.3,1,,,,,,,Medium,Medium,Urban,Low,
37.36073365,-122.0157716,94086,0.401146459,0.506991781,0.393331159,0,0.3,1,,,,,,,Medium,Medium,Urban,Low,
37.36073365,-122.0113654,94086,0.401146459,0.613891672,0.390297425,0,0.3,1,,,,,,,Medium,Medium,Urban,Low,
37.3689157,-121.9265947,95131,0.250754942,0.476313415,0.396391054,0,0.3,1,,,,,,,Low,Medium,Urban,Low,
37.3689157,-121.925093,95131,0.250754942,0.495006243,0.400304632,0,0.3,1,,,,,,,Low,Medium,Urban,Low,
37.3689157,-121.9199484,95131,0.250754942,0.685919021,0.410130798,0,0.3,1,,,,,,,Low,Medium,Urban,Low,
37.3689157,-121.8864397,95131,0.250754942,1.05518476,0.45155204,0,0.3,1,,,,,,,Low,Medium,Urban,Low,
37.3704072,-121.932011,95131,0.250754942,0.539884996,0.534323949,0,0.3,1,,,,,,,Low,Medium,Urban,Low,
37.37731751,-121.9020558,95131,0.250754942,0.990543748,0.391471218,0,0.3,1,,,,,,,Low,Medium,Urban,Low,
37.37731751,-121.8909727,95131,0.250754942,1.070222939,0.420040753,0,0.3,1,,,,,,,Low,Medium,Urban,Low,
37.37731751,-121.883799,95131,0.250754942,0.699455739,0.41237001,0,0.3,1,,,,,,,Low,Medium,Urban,Low,
37.37731751,-121.8722024,95131,0.250754942,0.683980558,0.48205972,0,0.3,1,,,,,,,Low,Medium,Urban,Low,
37.38172833,-121.8780215,95131,0.250754942,0.403084373,0.437699578,0,0.3,1,,,,,,,Low,Medium,Urban,Low,
37.38172833,-121.8751956,95131,0.250754942,0.441405323,0.427538315,0,0.3,1,,,,,,,Low,Medium,Urban,Low,
37.38254026,-121.9279092,95131,0.250754942,0.059731365,0.434934085,0,0.3,1,,,,,,,Low,Medium,Urban,Low,
37.38254026,-121.9067094,95131,0.250754942,0.766876925,0.523109347,0,0.3,1,,,,,,,Low,Medium,Urban,Low,
37.38254026,-121.8999218,95131,0.250754942,0.867281386,0.548110295,0,0.3,1,,,,,,,Low,Medium,Urban,Low,
37.38761416,-121.8661211,95131,0.250754942,0.829152473,0.397096033,0,0.3,1,,,,,,,Low,Medium,Urban,Low,
37.38761416,-121.8642083,95131,0.250754942,0.958347676,0.453317304,0,0.3,1,,,,,,,Low,Medium,Urban,Low,
37.39013772,-121.9354773,95131,0.250754942,0.651565759,0.447684244,0,0.3,1,,,,,,,Low,Medium,Urban,Low,
37.39013772,-121.9289125,95131,0.250754942,0.325281838,0.440797145,0,0.3,1,,,,,,,Low,Medium,Urban,Low,
37.39013772,-121.9227557,95131,0.250754942,0.425259074,0.442195739,0,0.3,1,,,,,,,Low,Medium,Urban,Low,
37.39013772,-121.90198,95131,0.250754942,0.555611679,0.479501624,0,0.3,1,,,,,,,Low,Medium,Urban,Low,
37.39013772,-121.8954761,95131,0.250754942,0.866543901,0.496068828,0,0.3,1,,,,,,,Low,Medium,Urban,Low,
37.39013772,-121.8662585,95131,0.250754942,0.803808236,0.627962977,0,0.3,1,,,,,,,Low,Medium,Urban,Low,
37.39902539,-121.9173418,95131,0.250754942,0.810604079,0.374932832,0,0.3,1,,,,,,,Low,Medium,Urban,Low,
37.39902539,-121.9172601,95131,0.250754942,0.805074235,0.437767876,0,0.3,1,,,,,,,Low,Medium,Urban,Low,
37.39902539,-121.9117266,95131,0.250754942,0.437458496,0.465724034,0,0.3,1,,,,,,,Low,Medium,Urban,Low,
37.39902539,-121.9034297,95131,0.250754942,0.233137494,0.457094441,0,0.3,1,,,,,,,Low,Medium,Urban,Low,
37.39902539,-121.8760312,95131,0.250754942,0.259288668,0.485006456,0,0.3,1,,,,,,,Low,Medium,Urban,Low,
37.39902539,-121.8667764,95131,0.250754942,0.795742472,0.503294207,0,0.3,1,,,,,,,Low,Medium,Urban,Low,
37.39908159,-121.903673,95131,0.250754942,0.219892796,0.608469409,0,0.3,1,,,,,,,Low,Medium,Urban,Low,
37.39908159,-121.9016765,95131,0.250754942,0.329943972,0.614790992,0,0.3,1,,,,,,,Low,Medium,Urban,Low,
37.28646281,-121.9105898,95110,0.164419397,1.623022509,0.076233162,0,0.7,1,,,,,,,Low,Low,Urban,Medium,
37.2890735,-121.9069844,95110,0.164419397,1.461036986,0.032169712,0,0.7,1,,,,,,,Low,Low,Urban,Medium,
37.2906222,-121.9112216,95110,0.164419397,1.498593119,0.043393248,0,0.7,1,,,,,,,Low,Low,Urban,Medium,
37.29305965,-121.9124838,95110,0.164419397,1.457075057,0.077498983,0,0.7,1,,,,,,,Low,Low,Urban,Medium,
37.29305965,-121.9058889,95110,0.164419397,1.303304757,0.07438482,0,0.7,1,,,,,,,Low,Low,Urban,Medium,
37.29544619,-121.8989714,95110,0.164419397,1.218165721,0.165207442,0,0.7,1,,,,,,,Low,Low,Urban,Medium,
37.2970086,-121.9089996,95110,0.164419397,1.224024869,0.13835132,0,0.7,1,,,,,,,Low,Low,Urban,Medium,
37.2970086,-121.900855,95110,0.164419397,1.142517397,0.102673057,0,0.7,1,,,,,,,Low,Low,Urban,Medium,
37.2970086,-121.8981567,95110,0.164419397,1.175214933,0.102451597,0,0.7,1,,,,,,,Low,Low,Urban,Medium,
37.2970086,-121.8930553,95110,0.164419397,1.309343711,0.10373738,0,0.7,1,,,,,,,Low,Low,Urban,Medium,
37.29948853,-121.9094369,95110,0.164419397,1.152695753,0.071463109,0,0.7,1,,,,,,,Low,Low,Urban,Medium,
37.29948853,-121.8946954,95110,0.164419397,1.175761199,0.140624796,0,0.7,1,,,,,,,Low,Low,Urban,Medium,
37.29948853,-121.8881859,95110,0.164419397,1.437567233,0.147716718,0,0.7,1,,,,,,,Low,Low,Urban,Medium,
37.29972048,-121.8992263,95110,0.164419397,1.061775681,0.187647676,0,0.7,1,,,,,,,Low,Low,Urban,Medium,
37.29972048,-121.8978805,95110,0.164419397,1.085086919,0.193602301,0,0.7,1,,,,,,,Low,Low,Urban,Medium,
37.29991058,-121.9023601,95110,0.164419397,1.03125695,0.288315806,0,0.7,1,,,,,,,Low,Low,Urban,Medium,
37.29991058,-121.8916687,95110,0.164419397,1.272082338,0.252763413,0,0.7,1,,,,,,,Low,Low,Urban,Medium,
37.30156605,-121.9145207,95110,0.164419397,1.279958236,0.216597625,0,0.7,1,,,,,,,Low,Low,Urban,Medium,
37.30156605,-121.905418,95110,0.164419397,0.992239641,0.139512955,0,0.7,1,,,,,,,Low,Low,Urban,Medium,
37.30156605,-121.9016157,95110,0.164419397,0.972489868,0.141054715,0,0.7,1,,,,,,,Low,Low,Urban,Medium,
37.30337946,-121.9063461,95110,0.164419397,0.943808398,0.088000599,0,0.7,1,,,,,,,Low,Low,Urban,Medium,
37.30575103,-121.9068839,95110,0.164419397,0.873487103,0.122023782,0,0.7,1,,,,,,,Low,Low,Urban,Medium,
37.30723791,-121.9139179,95110,0.164419397,1.100540057,0.099696732,0,0.7,1,,,,,,,Low,Low,Urban,Medium,
37.30723791,-121.9135507,95110,0.164419397,1.082413312,0.142592276,0,0.7,1,,,,,,,Low,Low,Urban,Medium,
37.30723791,-121.9009759,95110,0.164419397,0.770427427,0.146524796,0,0.7,1,,,,,,,Low,Low,Urban,Medium,
37.30723791,-121.8942768,95110,0.164419397,0.949774915,0.144134334,0,0.7,1,,,,,,,Low,Low,Urban,Medium,
37.30933908,-121.9166827,95110,0.164419397,1.199634831,0.105604967,0,0.7,1,,,,,,,Low,Low,Urban,Medium,
37.30933908,-121.9075697,95110,0.164419397,0.772698121,0.064352751,0,0.7,1,,,,,,,Low,Low,Urban,Medium,
37.30933908,-121.8972199,95110,0.164419397,0.776189282,0.058764663,0,0.7,1,,,,,,,Low,Low,Urban,Medium,
37.30933908,-121.8900356,95110,0.164419397,1.098938233,0.037470615,0,0.7,1,,,,,,,Low,Low,Urban,Medium,
37.30950653,-121.9084,95110,0.164419397,0.795351887,0.068396236,0,0.7,1,,,,,,,Low,Low,Urban,Medium,
37.30950653,-121.9022347,95110,0.164419397,0.680992222,0.044175598,0,0.7,1,,,,,,,Low,Low,Urban,Medium,
37.30950653,-121.8929631,95110,0.164419397,0.945091111,0.083480065,0,0.7,1,,,,,,,Low,Low,Urban,Medium,
37.30981285,-121.9107357,95110,0.164419397,0.881043982,0.221384054,0,0.7,1,,,,,,,Low,Low,Urban,Medium,
37.30981285,-121.9071875,95110,0.164419397,0.745386477,0.201333216,0,0.7,1,,,,,,,Low,Low,Urban,Medium,
37.30981285,-121.8913876,95110,0.164419397,1.01620119,0.08895292,0,0.7,1,,,,,,,Low,Low,Urban,Medium,
37.3125031,-121.9141181,95110,0.164419397,0.988195878,0.077420293,0,0.7,1,,,,,,,Low,Low,Urban,Medium,
37.3125031,-121.9100654,95110,0.164419397,0.776789777,0.082553053,0,0.7,1,,,,,,,Low,Low,Urban,Medium,
37.3125031,-121.9086025,95110,0.164419397,0.712206797,0.126814493,0,0.7,1,,,,,,,Low,Low,Urban,Medium,
37.3125031,-121.9073653,95110,0.164419397,0.664725908,0.123203635,0,0.7,1,,,,,,,Low,Low,Urban,Medium,
37.3125031,-121.8976,95110,0.164419397,0.662427733,0.15751331,0,0.7,1,,,,,,,Low,Low,Urban,Medium,
37.31321872,-121.9097833,95110,0.164419397,0.744366397,0.258185188,0,0.7,1,,,,,,,Low,Low,Urban,Medium,
37.31321872,-121.9059386,95110,0.164419397,0.596180248,0.21337442,0,0.7,1,,,,,,,Low,Low,Urban,Medium,
37.31321872,-121.8955874,95110,0.164419397,0.722621544,0.154569053,0,0.7,1,,,,,,,Low,Low,Urban,Medium,
37.31463554,-121.9151347,95110,0.164419397,1.005871894,0.315508223,0,0.7,1,,,,,,,Low,Low,Urban,Medium,
37.31463554,-121.9102876,95110,0.164419397,0.732702046,0.33066232,0,0.7,1,,,,,,,Low,Low,Urban,Medium,
37.31463554,-121.886347,95110,0.164419397,1.217235137,0.092224348,0,0.7,1,,,,,,,Low,Low,Urban,Medium,
37.3149789,-121.9113615,95110,0.164419397,0.781348825,0.156770263,0,0.7,1,,,,,,,Low,Low,Urban,Medium,
37.3149789,-121.8994647,95110,0.164419397,0.52337084,0.139818809,0,0.7,1,,,,,,,Low,Low,Urban,Medium,
37.31650416,-121.9239435,95110,0.164419397,1.133924775,0.065605194,0,0.7,1,,,,,,,Low,Low,Urban,Medium,
37.31650416,-121.9030289,95110,0.164419397,0.427177187,0.137988533,0,0.7,1,,,,,,,Low,Low,Urban,Medium,
37.31837613,-121.9231967,95110,0.164419397,1.060718706,0.089298283,0,0.7,1,,,,,,,Low,Low,Urban,Medium,
37.31837613,-121.9157407,95110,0.164419397,0.985250967,0.067153731,0,0.7,1,,,,,,,Low,Low,Urban,Medium,
37.31837613,-121.9113998,95110,0.164419397,0.713999476,0.023587732,0,0.7,1,,,,,,,Low,Low,Urban,Medium,
37.31837613,-121.8941326,95110,0.164419397,0.6765691,0.059396551,0,0.7,1,,,,,,,Low,Low,Urban,Medium,
37.31837613,-121.8923037,95110,0.164419397,0.78675326,0.054741502,0,0.7,1,,,,,,,Low,Low,Urban,Medium,
37.31837613,-121.8867491,95110,0.164419397,1.142140199,0.066304464,0,0.7,1,,,,,,,Low,Low,Urban,Medium,
37.32058743,-121.9180901,95110,0.164419397,1.012923114,0.208309541,0,0.7,1,,,,,,,Low,Low,Urban,Medium,
37.32058743,-121.8925453,95110,0.164419397,0.738064605,0.074387015,0,0.7,1,,,,,,,Low,Low,Urban,Medium,
37.32058743,-121.8869651,95110,0.164419397,1.105087609,0.094499741,0,0.7,1,,,,,,,Low,Low,Urban,Medium,
37.32194949,-121.9257877,95110,0.164419397,0.963423902,0.110605402,0,0.7,1,,,,,,,Low,Low,Urban,Medium,
37.32194949,-121.9016817,95110,0.164419397,0.232610435,0.195853358,0,0.7,1,,,,,,,Low,Low,Urban,Medium,
37.32194949,-121.8958294,95110,0.164419397,0.510497484,0.166815785,0,0.7,1,,,,,,,Low,Low,Urban,Medium,
37.32645688,-121.9266809,95110,0.164419397,0.828418989,0.168921468,0,0.7,1,,,,,,,Low,Low,Urban,Medium,
37.32645688,-121.9205538,95110,0.164419397,0.768507366,0.161139436,0,0.7,1,,,,,,,Low,Low,Urban,Medium,
37.32645688,-121.9201387,95110,0.164419397,0.772714493,0.148475606,0,0.7,1,,,,,,,Low,Low,Urban,Medium,
37.32645688,-121.9174876,95110,0.164419397,0.822988622,0.158454953,0,0.7,1,,,,,,,Low,Low,Urban,Medium,
37.32645688,-121.9101625,95110,0.164419397,0.536433115,0.079865498,0,0.7,1,,,,,,,Low,Low,Urban,Medium,
37.32645688,-121.8951839,95110,0.164419397,0.505928181,0.109977849,0,0.7,1,,,,,,,Low,Low,Urban,Medium,
37.32645688,-121.8833193,95110,0.164419397,1.323393431,0.034513897,0,0.7,1,,,,,,,Low,Low,Urban,Medium,
37.3289879,-121.9282271,95110,0.164419397,0.796642617,0.102578496,0,0.7,1,,,,,,,Low,Low,Urban,Medium,
37.3289879,-121.9166097,95110,0.164419397,0.765690265,0.029772157,0,0.7,1,,,,,,,Low,Low,Urban,Medium,
37.3289879,-121.8988259,95110,0.164419397,0.252335631,0.081434555,0,0.7,1,,,,,,,Low,Low,Urban,Medium,
37.3289879,-121.886219,95110,0.164419397,1.122001094,0.223120788,0,0.7,1,,,,,,,Low,Low,Urban,Medium,
37.33055368,-121.9328277,95110,0.164419397,0.967809413,0.117456729,0,0.7,1,,,,,,,Low,Low,Urban,Medium,
37.33055368,-121.9323056,95110,0.164419397,0.940153545,0.085229723,0,0.7,1,,,,,,,Low,Low,Urban,Medium,
37.33055368,-121.9284591,95110,0.164419397,0.75853091,0.068317776,0,0.7,1,,,,,,,Low,Low,Urban,Medium,
37.33055368,-121.9138571,95110,0.164419397,0.793010577,0.106492806,0,0.7,1,,,,,,,Low,Low,Urban,Medium,
37.33055368,-121.9005553,95110,0.164419397,0.157648306,0.096614048,0,0.7,1,,,,,,,Low,Low,Urban,Medium,
37.33055368,-121.8980458,95110,0.164419397,0.316772138,0.12098305,0,0.7,1,,,,,,,Low,Low,Urban,Medium,
37.33055368,-121.8960414,95110,0.164419397,0.451485821,0.157143567,0,0.7,1,,,,,,,Low,Low,Urban,Medium,
37.33229121,-121.9303784,95110,0.164419397,0.798688316,0.282286301,0,0.7,1,,,,,,,Low,Low,Urban,Medium,
37.33229121,-121.9207884,95110,0.164419397,0.555149213,0.283712249,0,0.7,1,,,,,,,Low,Low,Urban,Medium,
37.33229121,-121.9185171,95110,0.164419397,0.598939507,0.281302067,0,0.7,1,,,,,,,Low,Low,Urban,Medium,
37.33229121,-121.9109962,95110,0.164419397,0.609511327,0.238199796,0,0.7,1,,,,,,,Low,Low,Urban,Medium,
37.33229121,-121.9093704,95110,0.164419397,0.501457801,0.21377898,0,0.7,1,,,,,,,Low,Low,Urban,Medium,
37.33229121,-121.8972113,95110,0.164419397,0.392337021,0.183822207,0,0.7,1,,,,,,,Low,Low,Urban,Medium,
37.33229121,-121.8826913,95110,0.164419397,1.350858614,0.202666386,0,0.7,1,,,,,,,Low,Low,Urban,Medium,
37.33306415,-121.9257701,95110,0.164419397,0.582790361,0.160691476,0,0.7,1,,,,,,,Low,Low,Urban,Medium,
37.33306415,-121.9184754,95110,0.164419397,0.574378257,0.165842168,0,0.7,1,,,,,,,Low,Low,Urban,Medium,
37.33306415,-121.9087636,95110,0.164419397,0.471652872,0.159217743,0,0.7,1,,,,,,,Low,Low,Urban,Medium,
37.33306415,-121.90622,95110,0.164419397,0.316254881,0.159198442,0,0.7,1,,,,,,,Low,Low,Urban,Medium,
37.33306415,-121.8998323,95110,0.164419397,0.254800953,0.100089811,0,0.7,1,,,,,,,Low,Low,Urban,Medium,
37.33306415,-121.8887515,95110,0.164419397,0.939703696,0.094346931,0,0.7,1,,,,,,,Low,Low,Urban,Medium,
37.33306415,-121.88277,95110,0.164419397,1.339248502,0.084627673,0,0.7,1,,,,,,,Low,Low,Urban,Medium,
37.3354207,-121.9275013,95110,0.164419397,0.578177048,0.102320669,0,0.7,1,,,,,,,Low,Low,Urban,Medium,
37.3354207,-121.9270345,95110,0.164419397,0.557433952,0.162038029,0,0.7,1,,,,,,,Low,Low,Urban,Medium,
37.3354207,-121.9235331,95110,0.164419397,0.447637758,0.128843136,0,0.7,1,,,,,,,Low,Low,Urban,Medium,
37.3354207,-121.9160904,95110,0.164419397,0.595573455,0.109253311,0,0.7,1,,,,,,,Low,Low,Urban,Medium,
37.3354207,-121.9113273,95110,0.164419397,0.668333516,0.083570295,0,0.7,1,,,,,,,Low,Low,Urban,Medium,
37.3354207,-121.8857767,95110,0.164419397,1.118594425,0.035984427,0,0.7,1,,,,,,,Low,Low,Urban,Medium,
37.3354207,-121.8822867,95110,0.164419397,1.356521485,0.016091533,0,0.7,1,,,,,,,Low,Low,Urban,Medium,
37.33694709,-121.9256141,95110,0.164419397,0.454401369,0.060768132,0,0.7,1,,,,,,,Low,Low,Urban,Medium,
37.33694709,-121.9216881,95110,0.164419397,0.379419416,0.069545516,0,0.7,1,,,,,,,Low,Low,Urban,Medium,
37.33694709,-121.9091779,95110,0.164419397,0.536482399,0.109122763,0,0.7,1,,,,,,,Low,Low,Urban,Medium,
37.33694709,-121.8964877,95110,0.164419397,0.388410216,0.21533207,0,0.7,1,,,,,,,Low,Low,Urban,Medium,
37.33694709,-121.8927423,95110,0.164419397,0.635884719,0.213128409,0,0.7,1,,,,,,,Low,Low,Urban,Medium,
37.33694709,-121.8850802,95110,0.164419397,1.157683753,0.086218659,0,0.7,1,,,,,,,Low,Low,Urban,Medium,
37.33847727,-121.9313365,95110,0.164419397,0.722475057,0.072136775,0,0.7,1,,,,,,,Low,Low,Urban,Medium,
37.33847727,-121.9135229,95110,0.164419397,0.57448713,0.121087645,0,0.7,1,,,,,,,Low,Low,Urban,Medium,
37.33972225,-121.9266147,95110,0.164419397,0.42354796,0.202010294,0,0.7,1,,,,,,,Low,Low,Urban,Medium,
37.33972225,-121.9215816,95110,0.164419397,0.278863041,0.187498752,0,0.7,1,,,,,,,Low,Low,Urban,Medium,
37.33972225,-121.9157927,95110,0.164419397,0.509886361,0.201641558,0,0.7,1,,,,,,,Low,Low,Urban,Medium,
37.33972225,-121.9082762,95110,0.164419397,0.45630486,0.257855525,0,0.7,1,,,,,,,Low,Low,Urban,Medium,
37.34144029,-121.928429,95110,0.164419397,0.494410051,0.132519089,0,0.7,1,,,,,,,Low,Low,Urban,Medium,
37.34144029,-121.9123984,95110,0.164419397,0.4633716,0.160991178,0,0.7,1,,,,,,,Low,Low,Urban,Medium,
37.34144029,-121.9065548,95110,0.164419397,0.335811888,0.100455067,0,0.7,1,,,,,,,Low,Low,Urban,Medium,
37.34144029,-121.8946649,95110,0.164419397,0.486669723,0.101045531,0,0.7,1,,,,,,,Low,Low,Urban,Medium,
37.34144029,-121.8909259,95110,0.164419397,0.744895607,0.109976707,0,0.7,1,,,,,,,Low,Low,Urban,Medium,
37.34144029,-121.89018,95110,0.164419397,0.796419652,0.130967799,0,0.7,1,,,,,,,Low,Low,Urban,Medium,
37.34215097,-121.9152924,95110,0.164419397,0.473789648,0.074518766,0,0.7,1,,,,,,,Low,Low,Urban,Medium,
37.34215097,-121.8920442,95110,0.164419397,0.668897221,0.076444601,0,0.7,1,,,,,,,Low,Low,Urban,Medium,
37.34215097,-121.8828776,95110,0.164419397,1.301548334,0.0918033,0,0.7,1,,,,,,,Low,Low,Urban,Medium,
37.34449653,-121.9285656,95110,0.164419397,0.466315654,0.092307527,0,0.7,1,,,,,,,Low,Low,Urban,Medium,
37.34449653,-121.9246361,95110,0.164419397,0.210250704,0.139926071,0,0.7,1,,,,,,,Low,Low,Urban,Medium,
37.34449653,-121.9204692,95110,0.164419397,0.146866759,0.155721146,0,0.7,1,,,,,,,Low,Low,Urban,Medium,
37.34449653,-121.9183534,95110,0.164419397,0.271188433,0.225224775,0,0.7,1,,,,,,,Low,Low,Urban,Medium,
37.34449653,-121.9091157,95110,0.164419397,0.427814567,0.187786339,0,0.7,1,,,,,,,Low,Low,Urban,Medium,
37.34449653,-121.8987036,95110,0.164419397,0.244999404,0.060921792,0,0.7,1,,,,,,,Low,Low,Urban,Medium,
37.34449653,-121.8961745,95110,0.164419397,0.403722349,0.060345498,0,0.7,1,,,,,,,Low,Low,Urban,Medium,
37.34449653,-121.8933714,95110,0.164419397,0.590319164,0.047963731,0,0.7,1,,,,,,,Low,Low,Urban,Medium,
37.34452043,-121.9267083,95110,0.164419397,0.342067812,0.071596741,0,0.7,1,,,,,,,Low,Low,Urban,Medium,
37.34452043,-121.9103142,95110,0.164419397,0.385823731,0.128808509,0,0.7,1,,,,,,,Low,Low,Urban,Medium,
37.34452043,-121.9058485,95110,0.164419397,0.315237352,0.198380769,0,0.7,1,,,,,,,Low,Low,Urban,Medium,
37.34452043,-121.8879812,95110,0.164419397,0.957204343,0.269666689,0,0.7,1,,,,,,,Low,Low,Urban,Medium,
37.34667353,-121.9269787,95110,0.164419397,0.345934907,0.203354063,0,0.7,1,,,,,,,Low,Low,Urban,Medium,
37.34667353,-121.9238152,95110,0.164419397,0.128709347,0.205158354,0,0.7,1,,,,,,,Low,Low,Urban,Medium,
37.34667353,-121.918765,95110,0.164419397,0.22364948,0.221731748,0,0.7,1,,,,,,,Low,Low,Urban,Medium,
37.34667353,-121.9113623,95110,0.164419397,0.286022645,0.267195221,0,0.7,1,,,,,,,Low,Low,Urban,Medium,
37.34902014,-121.9238619,95110,0.164419397,0.143924182,0.131049173,0,0.7,1,,,,,,,Low,Low,Urban,Medium,
37.34902014,-121.9214152,95110,0.164419397,0.07359826,0.128081008,0,0.7,1,,,,,,,Low,Low,Urban,Medium,
37.34902014,-121.9107145,95110,0.164419397,0.229120311,0.130814313,0,0.7,1,,,,,,,Low,Low,Urban,Medium,
37.34902014,-121.9035713,95110,0.164419397,0.322831081,0.165870341,0,0.7,1,,,,,,,Low,Low,Urban,Medium,
37.34902014,-121.8928789,95110,0.164419397,0.677687881,0.108138518,0,0.7,1,,,,,,,Low,Low,Urban,Medium,
37.34902014,-121.8848013,95110,0.164419397,1.204726965,0.089338122,0,0.7,1,,,,,,,Low,Low,Urban,Medium,
37.34902014,-121.8838243,95110,0.164419397,1.270275843,0.093611183,0,0.7,1,,,,,,,Low,Low,Urban,Medium,
37.35085624,-121.9272587,95110,0.164419397,0.386747485,0.102636968,0,0.7,1,,,,,,,Low,Low,Urban,Medium,
37.35085624,-121.9145892,95110,0.164419397,0.17943951,0.133770393,0,0.7,1,,,,,,,Low,Low,Urban,Medium,
37.35085624,-121.9108303,95110,0.164419397,0.173055805,0.095739215,0,0.7,1,,,,,,,Low,Low,Urban,Medium,
37.35085624,-121.9000788,95110,0.164419397,0.379867522,0.083342459,0,0.7,1,,,,,,,Low,Low,Urban,Medium,
37.35085624,-121.8972422,95110,0.164419397,0.4761214,0.075889621,0,0.7,1,,,,,,,Low,Low,Urban,Medium,
37.35085624,-121.8837904,95110,0.164419397,1.289783584,0.011759329,0,0.7,1,,,,,,,Low,Low,Urban,Medium,
37.35214756,-121.9215508,95110,0.164419397,0.179015749,0.097831742,0,0.7,1,,,,,,,Low,Low,Urban,Medium,
37.35214756,-121.9112012,95110,0.164419397,0.12312035,0.060012682,0,0.7,1,,,,,,,Low,Low,Urban,Medium,
37.35214756,-121.8894236,95110,0.164419397,0.94232917,0.146504014,0,0.7,1,,,,,,,Low,Low,Urban,Medium,
37.35476489,-121.914196,95110,0.164419397,0.109607223,0.162345195,0,0.7,1,,,,,,,Low,Low,Urban,Medium,
37.35476489,-121.9061803,95110,0.164419397,0.447465568,0.180040776,0,0.7,1,,,,,,,Low,Low,Urban,Medium,
37.35476489,-121.9042605,95110,0.164419397,0.535666041,0.161218979,0,0.7,1,,,,,,,Low,Low,Urban,Medium,
37.35476489,-121.8843402,95110,0.164419397,1.30186616,0.026855316,0,0.7,1,,,,,,,Low,Low,Urban,Medium,
37.35687459,-121.9285085,95110,0.164419397,0.570285601,0.028241498,0,0.7,1,,,,,,,Low,Low,Urban,Medium,
37.35687459,-121.9242241,95110,0.164419397,0.381989843,0.079085817,0,0.7,1,,,,,,,Low,Low,Urban,Medium,
37.35687459,-121.9220309,95110,0.164419397,0.349222722,0.109689423,0,0.7,1,,,,,,,Low,Low,Urban,Medium,
37.35687459,-121.9129776,95110,0.164419397,0.103267817,0.059200314,0,0.7,1,,,,,,,Low,Low,Urban,Medium,
37.35687459,-121.9065781,95110,0.164419397,0.431274911,0.131305849,0,0.7,1,,,,,,,Low,Low,Urban,Medium,
37.35687459,-121.9011295,95110,0.164419397,0.584028586,0.199369593,0,0.7,1,,,,,,,Low,Low,Urban,Medium,
37.35687459,-121.8968191,95110,0.164419397,0.67331179,0.228811801,0,0.7,1,,,,,,,Low,Low,Urban,Medium,
37.35687459,-121.886102,95110,0.164419397,1.225315654,0.226924733,0,0.7,1,,,,,,,Low,Low,Urban,Medium,
37.3581442,-121.9253337,95110,0.164419397,0.458353307,0.216693045,0,0.7,1,,,,,,,Low,Low,Urban,Medium,
37.3581442,-121.9101641,95110,0.164419397,0.225983632,0.103208092,0,0.7,1,,,,,,,Low,Low,Urban,Medium,
37.3581442,-121.8943745,95110,0.164419397,0.807479363,0.128399546,0,0.7,1,,,,,,,Low,Low,Urban,Medium,
37.35870644,-121.9221069,95110,0.164419397,0.416224027,0.080035334,0,0.7,1,,,,,,,Low,Low,Urban,Medium,
37.35870644,-121.9200775,95110,0.164419397,0.436475193,0.089718579,0,0.7,1,,,,,,,Low,Low,Urban,Medium,
37.35870644,-121.9130245,95110,0.164419397,0.169639398,0.09808837,0,0.7,1,,,,,,,Low,Low,Urban,Medium,
37.35870644,-121.9077454,95110,0.164419397,0.377899547,0.078712604,0,0.7,1,,,,,,,Low,Low,Urban,Medium,
37.3591481,-121.9295246,95110,0.164419397,0.677047585,0.040044478,0,0.7,1,,,,,,,Low,Low,Urban,Medium,
37.3591481,-121.9234422,95110,0.164419397,0.443872003,0.074947971,0,0.7,1,,,,,,,Low,Low,Urban,Medium,
37.3591481,-121.9124628,95110,0.164419397,0.184194608,0.067212707,0,0.7,1,,,,,,,Low,Low,Urban,Medium,
37.3591481,-121.9078582,95110,0.164419397,0.378492902,0.036478171,0,0.7,1,,,,,,,Low,Low,Urban,Medium,
37.3591481,-121.9022023,95110,0.164419397,0.666606085,0.063313941,0,0.7,1,,,,,,,Low,Low,Urban,Medium,
37.3591481,-121.8985537,95110,0.164419397,0.700336557,0.096960486,0,0.7,1,,,,,,,Low,Low,Urban,Medium,
37.3591481,-121.8961384,95110,0.164419397,0.768714023,0.116466084,0,0.7,1,,,,,,,Low,Low,Urban,Medium,
37.36073365,-121.9237594,95110,0.164419397,0.50533541,0.220075708,0,0.7,1,,,,,,,Low,Low,Urban,Medium,
37.36073365,-121.9136682,95110,0.164419397,0.251761705,0.115275698,0,0.7,1,,,,,,,Low,Low,Urban,Medium,
37.36073365,-121.8910491,95110,0.164419397,1.032156102,0.054865408,0,0.7,1,,,,,,,Low,Low,Urban,Medium,
37.3623667,-121.9268597,95110,0.164419397,0.644908719,0.066876636,0,0.7,1,,,,,,,Low,Low,Urban,Medium,
37.3623667,-121.9177902,95110,0.164419397,0.465938319,0.17885157,0,0.7,1,,,,,,,Low,Low,Urban,Medium,
37.3623667,-121.916614,95110,0.164419397,0.407352601,0.241080488,0,0.7,1,,,,,,,Low,Low,Urban,Medium,
37.3623667,-121.8970835,95110,0.164419397,0.845725966,0.256510208,0,0.7,1,,,,,,,Low,Low,Urban,Medium,
37.3623667,-121.8906445,95110,0.164419397,1.094125061,0.242166781,0,0.7,1,,,,,,,Low,Low,Urban,Medium,
37.36454465,-121.9208403,95110,0.164419397,0.63437275,0.231801812,0,0.7,1,,,,,,,Low,Low,Urban,Medium,
37.36454465,-121.9154966,95110,0.164419397,0.428768998,0.225397447,0,0.7,1,,,,,,,Low,Low,Urban,Medium,
37.36454465,-121.909207,95110,0.164419397,0.448946246,0.229854827,0,0.7,1,,,,,,,Low,Low,Urban,Medium,
37.36454465,-121.9064186,95110,0.164419397,0.574683316,0.230696444,0,0.7,1,,,,,,,Low,Low,Urban,Medium,
37.36619785,-121.8931484,95110,0.164419397,1.096059593,0.117232806,0,0.7,1,,,,,,,Low,Low,Urban,Medium,
37.36744695,-121.918214,95110,0.164419397,0.620529099,0.125844001,0,0.7,1,,,,,,,Low,Low,Urban,Medium,
37.36744695,-121.9117453,95110,0.164419397,0.490849655,0.125146547,0,0.7,1,,,,,,,Low,Low,Urban,Medium,
37.36744695,-121.9067125,95110,0.164419397,0.636530984,0.120963763,0,0.7,1,,,,,,,Low,Low,Urban,Medium,
37.36744695,-121.9036007,95110,0.164419397,0.792292219,0.117368688,0,0.7,1,,,,,,,Low,Low,Urban,Medium,
37.3689157,-121.9066496,95110,0.164419397,0.681076278,0.118702109,0,0.7,1,,,,,,,Low,Low,Urban,Medium,
37.3689157,-121.8981499,95110,0.164419397,1.051386937,0.117453859,0,0.7,1,,,,,,,Low,Low,Urban,Medium,
37.3689157,-121.8954599,95110,0.164419397,1.109569234,0.106307716,0,0.7,1,,,,,,,Low,Low,Urban,Medium,
37.3704072,-121.9099499,95110,0.164419397,0.623496069,0.030931129,0,0.7,1,,,,,,,Low,Low,Urban,Medium,
37.3704072,-121.8980003,95110,0.164419397,1.106756528,0.037002971,0,0.7,1,,,,,,,Low,Low,Urban,Medium,
37.37090691,-121.9043224,95110,0.164419397,0.840762332,0.071004387,0,0.7,1,,,,,,,Low,Low,Urban,Medium,
37.37402157,-121.9073537,95110,0.164419397,0.813806848,0.20969439,0,0.7,1,,,,,,,Low,Low,Urban,Medium,
37.37402157,-121.9046887,95110,0.164419397,0.911513978,0.220617881,0,0.7,1,,,,,,,Low,Low,Urban,Medium,
37.37555722,-121.9129929,95110,0.164419397,0.783494555,0.164897211,0,0.7,1,,,,,,,Low,Low,Urban,Medium,
37.37731751,-121.9106101,95110,0.164419397,0.859009574,0.033182413,0,0.7,1,,,,,,,Low,Low,Urban,Medium,
37.36619785,-122.007362,94085,0.186514625,0.407091418,0.017351946,0,0.7,1,,,,,,,Low,Low,Urban,Medium,
37.36619785,-122.0054156,94085,0.186514625,0.408238667,0.043846052,0,0.7,1,,,,,,,Low,Low,Urban,Medium,
37.36619785,-122.0044071,94085,0.186514625,0.425877312,0.058505296,0,0.7,1,,,,,,,Low,Low,Urban,Medium,
37.36619785,-122.0043329,94085,0.186514625,0.427595052,0.057684016,0,0.7,1,,,,,,,Low,Low,Urban,Medium,
37.3704072,-122.0076733,94085,0.186514625,0.262158999,0.055422161,0,0.7,1,,,,,,,Low,Low,Urban,Medium,
37.37090691,-122.0090131,94085,0.186514625,0.290420676,0.022536916,0,0.7,1,,,,,,,Low,Low,Urban,Medium,
37.37236348,-122.0110745,94085,0.186514625,0.365567578,0.025363505,0,0.7,1,,,,,,,Low,Low,Urban,Medium,
37.37236348,-122.0057624,94085,0.186514625,0.182367479,0.020149543,0,0.7,1,,,,,,,Low,Low,Urban,Medium,
37.37236348,-122.0033674,94085,0.186514625,0.275916153,0.048859694,0,0.7,1,,,,,,,Low,Low,Urban,Medium,
37.37555722,-122.0080101,94085,0.186514625,0.123664022,0.038372769,0,0.7,1,,,,,,,Low,Low,Urban,Medium,
37.37555722,-122.0046201,94085,0.186514625,0.139005901,0.046211837,0,0.7,1,,,,,,,Low,Low,Urban,Medium,
37.37731751,-122.0100874,94085,0.186514625,0.252107115,0.073331721,0,0.7,1,,,,,,,Low,Low,Urban,Medium,
37.37991662,-122.009874,94085,0.186514625,0.257656894,0.094233004,0,0.7,1,,,,,,,Low,Low,Urban,Medium,
37.38150858,-122.0070808,94085,0.186514625,0.164726216,0.059369065,0,0.7,1,,,,,,,Low,Low,Urban,Medium,
37.38172833,-122.0099954,94085,0.186514625,0.239831008,0.048760114,0,0.7,1,,,,,,,Low,Low,Urban,Medium,
37.38254026,-122.0114374,94085,0.186514625,0.140580334,0.104406097,0,0.7,1,,,,,,,Low,Low,Urban,Medium,
37.38254026,-122.0065371,94085,0.186514625,0.196553618,0.121752968,0,0.7,1,,,,,,,Low,Low,Urban,Medium,
37.38427138,-122.0143039,94085,0.186514625,0.09320175,0.124060298,0,0.7,1,,,,,,,Low,Low,Urban,Medium,
37.38427138,-122.0114893,94085,0.186514625,0.108113905,0.132244898,0,0.7,1,,,,,,,Low,Low,Urban,Medium,
37.38427138,-122.0062241,94085,0.186514625,0.260261734,0.143388413,0,0.7,1,,,,,,,Low,Low,Urban,Medium,
37.38518162,-122.0062004,94085,0.186514625,0.293635995,0.094052879,0,0.7,1,,,,,,,Low,Low,Urban,Medium,
37.38761416,-122.0154776,94085,0.186514625,0.196031292,0.053779974,0,0.7,1,,,,,,,Low,Low,Urban,Medium,
37.38761416,-122.0090087,94085,0.186514625,0.292729967,0.136194693,0,0.7,1,,,,,,,Low,Low,Urban,Medium,
37.39013772,-122.0166407,94085,0.186514625,0.314170521,0.147608629,0,0.7,1,,,,,,,Low,Low,Urban,Medium,
37.39634043,-122.0183461,94085,0.186514625,0.556099142,0.174384591,0,0.7,1,,,,,,,Low,Low,Urban,Medium,
37.37402157,-121.9869012,95054,0.205098494,0.653657067,0.118781197,0,0.7,1,,,,,,,Low,Low,Urban,Medium,
37.37555722,-121.9803009,95054,0.205098494,0.261627183,0.125879069,0,0.7,1,,,,,,,Low,Low,Urban,Medium,
37.37555722,-121.9645258,95054,0.205098494,0.456278689,0.115999637,0,0.7,1,,,,,,,Low,Low,Urban,Medium,
37.37555722,-121.9592866,95054,0.205098494,0.27974977,0.068713803,0,0.7,1,,,,,,,Low,Low,Urban,Medium,
37.37991662,-121.9861424,95054,0.205098494,0.541755493,0.205563742,0,0.7,1,,,,,,,Low,Low,Urban,Medium,
37.37991662,-121.9662577,95054,0.205098494,0.26148524,0.327424151,0,0.7,1,,,,,,,Low,Low,Urban,Medium,
37.38172833,-121.9784799,95054,0.205098494,0.008466807,0.06069634,0,0.7,1,,,,,,,Low,Low,Urban,Medium,
37.38172833,-121.9674003,95054,0.205098494,0.179015836,0.035334662,0,0.7,1,,,,,,,Low,Low,Urban,Medium,
37.38172833,-121.9654773,95054,0.205098494,0.230493161,0.03027333,0,0.7,1,,,,,,,Low,Low,Urban,Medium,
37.38172833,-121.9583418,95054,0.205098494,0.176115653,0.115751376,0,0.7,1,,,,,,,Low,Low,Urban,Medium,
37.38172833,-121.9553604,95054,0.205098494,0.151708693,0.153227743,0,0.7,1,,,,,,,Low,Low,Urban,Medium,
37.38254026,-121.9821221,95054,0.205098494,0.261878329,0.109974057,0,0.7,1,,,,,,,Low,Low,Urban,Medium,
37.38254026,-121.9788999,95054,0.205098494,0.0485473,0.077408382,0,0.7,1,,,,,,,Low,Low,Urban,Medium,
37.38254026,-121.9740375,95054,0.205098494,0.300184898,0.041898473,0,0.7,1,,,,,,,Low,Low,Urban,Medium,
37.38254026,-121.9654996,95054,0.205098494,0.207258477,0.045728859,0,0.7,1,,,,,,,Low,Low,Urban,Medium,
37.38254026,-121.963416,95054,0.205098494,0.324363957,0.074258666,0,0.7,1,,,,,,,Low,Low,Urban,Medium,
37.38254026,-121.9623381,95054,0.205098494,0.392031795,0.15077533,0,0.7,1,,,,,,,Low,Low,Urban,Medium,
37.38254026,-121.9511883,95054,0.205098494,0.205057698,0.134699149,0,0.7,1,,,,,,,Low,Low,Urban,Medium,
37.38427138,-121.9828861,95054,0.205098494,0.326739907,0.090948859,0,0.7,1,,,,,,,Low,Low,Urban,Medium,
37.38427138,-121.9769028,95054,0.205098494,0.13788966,0.079943128,0,0.7,1,,,,,,,Low,Low,Urban,Medium,
37.38427138,-121.9702877,95054,0.205098494,0.205281707,0.139679355,0,0.7,1,,,,,,,Low,Low,Urban,Medium,
37.38427138,-121.9663309,95054,0.205098494,0.12184054,0.07470203,0,0.7,1,,,,,,,Low,Low,Urban,Medium,
37.38427138,-121.9662838,95054,0.205098494,0.124179678,0.030683432,0,0.7,1,,,,,,,Low,Low,Urban,Medium,
37.38427138,-121.960725,95054,0.205098494,0.289053596,0.039122801,0,0.7,1,,,,,,,Low,Low,Urban,Medium,
37.38427138,-121.9478665,95054,0.205098494,0.361951459,0.038608331,0,0.7,1,,,,,,,Low,Low,Urban,Medium,
37.38518162,-121.9751441,95054,0.205098494,0.256168057,0.137091444,0,0.7,1,,,,,,,Low,Low,Urban,Medium,
37.38518162,-121.968049,95054,0.205098494,0.061208337,0.248546633,0,0.7,1,,,,,,,Low,Low,Urban,Medium,
37.38518162,-121.9677747,95054,0.205098494,0.053808042,0.225884758,0,0.7,1,,,,,,,Low,Low,Urban,Medium,
37.38518162,-121.9508723,95054,0.205098494,0.303281325,0.232549387,0,0.7,1,,,,,,,Low,Low,Urban,Medium,
37.38518162,-121.9486889,95054,0.205098494,0.354279693,0.250333169,0,0.7,1,,,,,,,Low,Low,Urban,Medium,
37.39013772,-121.9550312,95054,0.205098494,0.209867975,0.054391068,0,0.7,1,,,,,,,Low,Low,Urban,Medium,
37.39216313,-121.9872434,95054,0.205098494,0.723662282,0.01713508,0,0.7,1,,,,,,,Low,Low,Urban,Medium,
37.39216313,-121.965407,95054,0.205098494,0.154831106,0.150678821,0,0.7,1,,,,,,,Low,Low,Urban,Medium,
37.39216313,-121.9538131,95054,0.205098494,0.271856004,0.109670376,0,0.7,1,,,,,,,Low,Low,Urban,Medium,
37.39468838,-121.9777556,95054,0.205098494,0.477324876,0.028630404,0,0.7,1,,,,,,,Low,Low,Urban,Medium,
37.39468838,-121.9763095,95054,0.205098494,0.49612736,0.032684212,0,0.7,1,,,,,,,Low,Low,Urban,Medium,
37.39468838,-121.9703516,95054,0.205098494,0.222581081,0.108976807,0,0.7,1,,,,,,,Low,Low,Urban,Medium,
37.39468838,-121.9493106,95054,0.205098494,0.570368388,0.157477619,0,0.7,1,,,,,,,Low,Low,Urban,Medium,
37.39468838,-121.9454267,95054,0.205098494,0.768516064,0.103828941,0,0.7,1,,,,,,,Low,Low,Urban,Medium,
37.39634043,-121.9618512,95054,0.205098494,0.30456393,0.027409858,0,0.7,1,,,,,,,Low,Low,Urban,Medium,
37.39634043,-121.9467474,95054,0.205098494,0.750720401,0.055980098,0,0.7,1,,,,,,,Low,Low,Urban,Medium,
37.39902539,-121.9608986,95054,0.205098494,0.28568684,0.060884446,0,0.7,1,,,,,,,Low,Low,Urban,Medium,
37.39902539,-121.9606325,95054,0.205098494,0.271074137,0.067991085,0,0.7,1,,,,,,,Low,Low,Urban,Medium,
37.39902539,-121.9451485,95054,0.205098494,0.874324991,0.217863301,0,0.7,1,,,,,,,Low,Low,Urban,Medium,
37.39902539,-121.9416409,95054,0.205098494,1.051391623,0.227737381,0,0.7,1,,,,,,,Low,Low,Urban,Medium,
37.39908159,-121.9870244,95054,0.205098494,0.873770765,0.232791611,0,0.7,1,,,,,,,Low,Low,Urban,Medium,
37.39908159,-121.977917,95054,0.205098494,0.636998866,0.246943621,0,0.7,1,,,,,,,Low,Low,Urban,Medium,
37.39634043,-121.9390618,95134,0.134028582,0.955502293,0.218719708,0,0.7,1,,,,,,,Low,Low,Urban,Medium,
37.39902539,-121.9406412,95134,0.134028582,0.999114718,0.272020705,0,0.7,1,,,,,,,Low,Low,Urban,Medium,
37.39902539,-121.9369911,95134,0.134028582,0.782004231,0.302367461,0,0.7,1,,,,,,,Low,Low,Urban,Medium,
37.28646281,-121.9082655,95110,0.164419397,1.574549036,0.107111926,0,0.3,1,,,,,,,Low,Low,Urban,Low,
37.28886784,-121.9107551,95110,0.164419397,1.545139934,0.11824149,0,0.3,1,,,,,,,Low,Low,Urban,Low,
37.28886784,-121.9063107,95110,0.164419397,1.459138376,0.05809127,0,0.3,1,,,,,,,Low,Low,Urban,Low,
37.2906222,-121.9019758,95110,0.164419397,1.370800777,0.065710663,0,0.3,1,,,,,,,Low,Low,Urban,Low,
37.29544619,-121.9069082,95110,0.164419397,1.233409063,0.047004443,0,0.3,1,,,,,,,Low,Low,Urban,Low,
37.29544619,-121.9033902,95110,0.164419397,1.196040413,0.088599658,0,0.3,1,,,,,,,Low,Low,Urban,Low,
37.29544619,-121.9032124,95110,0.164419397,1.195433707,0.094194126,0,0.3,1,,,,,,,Low,Low,Urban,Low,
37.29544619,-121.9004416,95110,0.164419397,1.202272116,0.107178942,0,0.3,1,,,,,,,Low,Low,Urban,Low,
37.2970086,-121.913973,95110,0.164419397,1.388349817,0.20246417,0,0.3,1,,,,,,,Low,Low,Urban,Low,
37.2970086,-121.9023608,95110,0.164419397,1.137224367,0.116695652,0,0.3,1,,,,,,,Low,Low,Urban,Low,
37.29948853,-121.9123999,95110,0.164419397,1.252347437,0.076770479,0,0.3,1,,,,,,,Low,Low,Urban,Low,
37.29948853,-121.9038094,95110,0.164419397,1.050871822,0.111158782,0,0.3,1,,,,,,,Low,Low,Urban,Low,
37.29948853,-121.898582,95110,0.164419397,1.080197129,0.136889457,0,0.3,1,,,,,,,Low,Low,Urban,Low,
37.29972048,-121.8921926,95110,0.164419397,1.256957013,0.195608198,0,0.3,1,,,,,,,Low,Low,Urban,Low,
37.29972048,-121.8890483,95110,0.164419397,1.391061632,0.200018785,0,0.3,1,,,,,,,Low,Low,Urban,Low,
37.29991058,-121.9081431,95110,0.164419397,1.103776442,0.264829444,0,0.3,1,,,,,,,Low,Low,Urban,Low,
37.29991058,-121.9070729,95110,0.164419397,1.079624301,0.267997956,0,0.3,1,,,,,,,Low,Low,Urban,Low,
37.30156605,-121.9087548,95110,0.164419397,1.064109182,0.16619968,0,0.3,1,,,,,,,Low,Low,Urban,Low,
37.30337946,-121.8968154,95110,0.164419397,0.984757041,0.158518589,0,0.3,1,,,,,,,Low,Low,Urban,Low,
37.30575103,-121.9125759,95110,0.164419397,1.076438266,0.131352111,0,0.3,1,,,,,,,Low,Low,Urban,Low,
37.30575103,-121.8939797,95110,0.164419397,1.005750648,0.053516891,0,0.3,1,,,,,,,Low,Low,Urban,Low,
37.30723791,-121.9071067,95110,0.164419397,0.82871286,0.157940985,0,0.3,1,,,,,,,Low,Low,Urban,Low,
37.30933908,-121.908465,95110,0.164419397,0.80290896,0.067549832,0,0.3,1,,,,,,,Low,Low,Urban,Low,
37.30933908,-121.9018047,95110,0.164419397,0.688388294,0.100081315,0,0.3,1,,,,,,,Low,Low,Urban,Low,
37.30933908,-121.9009763,95110,0.164419397,0.694446269,0.089325365,0,0.3,1,,,,,,,Low,Low,Urban,Low,
37.30950653,-121.9165253,95110,0.164419397,1.187216456,0.052318832,0,0.3,1,,,,,,,Low,Low,Urban,Low,
37.30950653,-121.8915492,95110,0.164419397,1.015293476,0.125762291,0,0.3,1,,,,,,,Low,Low,Urban,Low,
37.30950653,-121.8868819,95110,0.164419397,1.273040045,0.189319445,0,0.3,1,,,,,,,Low,Low,Urban,Low,
37.30981285,-121.9127406,95110,0.164419397,0.976762648,0.204862,0,0.3,1,,,,,,,Low,Low,Urban,Low,
37.30981285,-121.8871428,95110,0.164419397,1.251827725,0.088787921,0,0.3,1,,,,,,,Low,Low,Urban,Low,
37.3125031,-121.8916075,95110,0.164419397,0.94222398,0.244687715,0,0.3,1,,,,,,,Low,Low,Urban,Low,
37.31321872,-121.893202,95110,0.164419397,0.840039706,0.156714023,0,0.3,1,,,,,,,Low,Low,Urban,Low,
37.31321872,-121.8902114,95110,0.164419397,1.006213169,0.204420907,0,0.3,1,,,,,,,Low,Low,Urban,Low,
37.3149789,-121.9176149,95110,0.164419397,1.152967863,0.167166931,0,0.3,1,,,,,,,Low,Low,Urban,Low,
37.3149789,-121.9079331,95110,0.164419397,0.612283166,0.137222419,0,0.3,1,,,,,,,Low,Low,Urban,Low,
37.3149789,-121.9023601,95110,0.164419397,0.481039825,0.137360517,0,0.3,1,,,,,,,Low,Low,Urban,Low,
37.3149789,-121.8945082,95110,0.164419397,0.729735522,0.149692314,0,0.3,1,,,,,,,Low,Low,Urban,Low,
37.3149789,-121.8919558,95110,0.164419397,0.870165091,0.083625187,0,0.3,1,,,,,,,Low,Low,Urban,Low,
37.31650416,-121.9200742,95110,0.164419397,1.133455984,0.075295124,0,0.3,1,,,,,,,Low,Low,Urban,Low,
37.31650416,-121.9153021,95110,0.164419397,0.984615774,0.144180641,0,0.3,1,,,,,,,Low,Low,Urban,Low,
37.31650416,-121.9095933,95110,0.164419397,0.651523685,0.145260372,0,0.3,1,,,,,,,Low,Low,Urban,Low,
37.31650416,-121.8972783,95110,0.164419397,0.555518674,0.128090976,0,0.3,1,,,,,,,Low,Low,Urban,Low,
37.31650416,-121.8908718,95110,0.164419397,0.906070737,0.128668069,0,0.3,1,,,,,,,Low,Low,Urban,Low,
37.31837613,-121.9124167,95110,0.164419397,0.775649967,0.101404663,0,0.3,1,,,,,,,Low,Low,Urban,Low,
37.31837613,-121.9071183,95110,0.164419397,0.481078622,0.011341599,0,0.3,1,,,,,,,Low,Low,Urban,Low,
37.31837613,-121.9045395,95110,0.164419397,0.385025614,0.042730194,0,0.3,1,,,,,,,Low,Low,Urban,Low,
37.32058743,-121.9202517,95110,0.164419397,0.983874931,0.16810658,0,0.3,1,,,,,,,Low,Low,Urban,Low,
37.32058743,-121.911712,95110,0.164419397,0.696994653,0.219723828,0,0.3,1,,,,,,,Low,Low,Urban,Low,
37.32058743,-121.9068881,95110,0.164419397,0.412671197,0.14909262,0,0.3,1,,,,,,,Low,Low,Urban,Low,
37.32058743,-121.904363,95110,0.164419397,0.306177669,0.142183004,0,0.3,1,,,,,,,Low,Low,Urban,Low,
37.32058743,-121.8994622,95110,0.164419397,0.344855594,0.120186296,0,0.3,1,,,,,,,Low,Low,Urban,Low,
37.32058743,-121.891731,95110,0.164419397,0.790522988,0.095468605,0,0.3,1,,,,,,,Low,Low,Urban,Low,
37.32058743,-121.8851066,95110,0.164419397,1.229848804,0.098481869,0,0.3,1,,,,,,,Low,Low,Urban,Low,
37.32194949,-121.9223245,95110,0.164419397,0.927130762,0.138755697,0,0.3,1,,,,,,,Low,Low,Urban,Low,
37.32194949,-121.9174694,95110,0.164419397,0.977856486,0.2262347,0,0.3,1,,,,,,,Low,Low,Urban,Low,
37.32194949,-121.9121643,95110,0.164419397,0.708357453,0.305100868,0,0.3,1,,,,,,,Low,Low,Urban,Low,
37.32194949,-121.9120576,95110,0.164419397,0.70137562,0.267735828,0,0.3,1,,,,,,,Low,Low,Urban,Low,
37.32194949,-121.9079974,95110,0.164419397,0.445165321,0.216424505,0,0.3,1,,,,,,,Low,Low,Urban,Low,
37.32194949,-121.899359,95110,0.164419397,0.311323984,0.166829751,0,0.3,1,,,,,,,Low,Low,Urban,Low,
37.32194949,-121.8917795,95110,0.164419397,0.771349461,0.177948668,0,0.3,1,,,,,,,Low,Low,Urban,Low,
37.32194949,-121.8887569,95110,0.164419397,0.972934129,0.212885883,0,0.3,1,,,,,,,Low,Low,Urban,Low,
37.32194949,-121.8864384,95110,0.164419397,1.129352579,0.222202714,0,0.3,1,,,,,,,Low,Low,Urban,Low,
37.32454467,-121.9306738,95110,0.164419397,1.026137155,0.325231481,0,0.3,1,,,,,,,Low,Low,Urban,Low,
37.32454467,-121.8996641,95110,0.164419397,0.233284055,0.103096302,0,0.3,1,,,,,,,Low,Low,Urban,Low,
37.32454467,-121.89309,95110,0.164419397,0.660082462,0.116405839,0,0.3,1,,,,,,,Low,Low,Urban,Low,
37.32645688,-121.9338152,95110,0.164419397,1.117764244,0.142498659,0,0.3,1,,,,,,,Low,Low,Urban,Low,
37.32645688,-121.9211143,95110,0.164419397,0.764499192,0.16945487,0,0.3,1,,,,,,,Low,Low,Urban,Low,
37.32645688,-121.9106301,95110,0.164419397,0.568539765,0.084350785,0,0.3,1,,,,,,,Low,Low,Urban,Low,
37.32645688,-121.9082612,95110,0.164419397,0.40621715,0.113850196,0,0.3,1,,,,,,,Low,Low,Urban,Low,
37.32645688,-121.9079272,95110,0.164419397,0.383423887,0.160112289,0,0.3,1,,,,,,,Low,Low,Urban,Low,
37.32645688,-121.9059537,95110,0.164419397,0.249817402,0.125237549,0,0.3,1,,,,,,,Low,Low,Urban,Low,
37.32645688,-121.8910514,95110,0.164419397,0.790102962,0.076135624,0,0.3,1,,,,,,,Low,Low,Urban,Low,
37.32645688,-121.8892325,95110,0.164419397,0.915451582,0.052878974,0,0.3,1,,,,,,,Low,Low,Urban,Low,
37.3289879,-121.9291167,95110,0.164419397,0.831543361,0.038673279,0,0.3,1,,,,,,,Low,Low,Urban,Low,
37.3289879,-121.9289956,95110,0.164419397,0.826610264,0.060344024,0,0.3,1,,,,,,,Low,Low,Urban,Low,
37.3289879,-121.9224192,95110,0.164419397,0.670349366,0.06587152,0,0.3,1,,,,,,,Low,Low,Urban,Low,
37.3289879,-121.9148284,95110,0.164419397,0.83235796,0.026263883,0,0.3,1,,,,,,,Low,Low,Urban,Low,
37.3289879,-121.9145833,95110,0.164419397,0.838876471,0.028660537,0,0.3,1,,,,,,,Low,Low,Urban,Low,
37.3289879,-121.8907736,95110,0.164419397,0.807451464,0.184392122,0,0.3,1,,,,,,,Low,Low,Urban,Low,
37.3289879,-121.8825478,95110,0.164419397,1.375595401,0.173988466,0,0.3,1,,,,,,,Low,Low,Urban,Low,
37.33055368,-121.9242732,95110,0.164419397,0.632580757,0.077478997,0,0.3,1,,,,,,,Low,Low,Urban,Low,
37.33055368,-121.9183149,95110,0.164419397,0.662826889,0.102652086,0,0.3,1,,,,,,,Low,Low,Urban,Low,
37.33055368,-121.9080024,95110,0.164419397,0.393501949,0.116163053,0,0.3,1,,,,,,,Low,Low,Urban,Low,
37.33055368,-121.8912648,95110,0.164419397,0.777894276,0.178804468,0,0.3,1,,,,,,,Low,Low,Urban,Low,
37.33229121,-121.9326188,95110,0.164419397,0.917320315,0.258083554,0,0.3,1,,,,,,,Low,Low,Urban,Low,
37.33229121,-121.9240876,95110,0.164419397,0.567915116,0.288360603,0,0.3,1,,,,,,,Low,Low,Urban,Low,
37.33229121,-121.915032,95110,0.164419397,0.729423073,0.262119299,0,0.3,1,,,,,,,Low,Low,Urban,Low,
37.33229121,-121.9089834,95110,0.164419397,0.476029535,0.207626884,0,0.3,1,,,,,,,Low,Low,Urban,Low,
37.33229121,-121.9077163,95110,0.164419397,0.393991233,0.191965763,0,0.3,1,,,,,,,Low,Low,Urban,Low,
37.33229121,-121.9036447,95110,0.164419397,0.172224274,0.187770818,0,0.3,1,,,,,,,Low,Low,Urban,Low,
37.33306415,-121.9332614,95110,0.164419397,0.937279327,0.122622035,0,0.3,1,,,,,,,Low,Low,Urban,Low,
37.33306415,-121.9320175,95110,0.164419397,0.867130841,0.127032559,0,0.3,1,,,,,,,Low,Low,Urban,Low,
37.33306415,-121.9023567,95110,0.164419397,0.17952513,0.145994806,0,0.3,1,,,,,,,Low,Low,Urban,Low,
37.33306415,-121.8925445,95110,0.164419397,0.694737106,0.095380862,0,0.3,1,,,,,,,Low,Low,Urban,Low,
37.3354207,-121.9201929,95110,0.164419397,0.451901372,0.108898018,0,0.3,1,,,,,,,Low,Low,Urban,Low,
37.3354207,-121.9097855,95110,0.164419397,0.572130064,0.031102722,0,0.3,1,,,,,,,Low,Low,Urban,Low,
37.3354207,-121.9085104,95110,0.164419397,0.495769992,0.059337832,0,0.3,1,,,,,,,Low,Low,Urban,Low,
37.33694709,-121.9304628,95110,0.164419397,0.697732351,0.019965078,0,0.3,1,,,,,,,Low,Low,Urban,Low,
37.33694709,-121.9135938,95110,0.164419397,0.630587109,0.083099372,0,0.3,1,,,,,,,Low,Low,Urban,Low,
37.33694709,-121.8824758,95110,0.164419397,1.336414881,0.082041271,0,0.3,1,,,,,,,Low,Low,Urban,Low,
37.33847727,-121.9286102,95110,0.164419397,0.560328311,0.056464009,0,0.3,1,,,,,,,Low,Low,Urban,Low,
37.33847727,-121.9258615,95110,0.164419397,0.419652411,0.075241481,0,0.3,1,,,,,,,Low,Low,Urban,Low,
37.33847727,-121.924444,95110,0.164419397,0.364979777,0.084742088,0,0.3,1,,,,,,,Low,Low,Urban,Low,
37.33847727,-121.9028073,95110,0.164419397,0.11732235,0.195761923,0,0.3,1,,,,,,,Low,Low,Urban,Low,
37.33847727,-121.8936936,95110,0.164419397,0.560534575,0.275622899,0,0.3,1,,,,,,,Low,Low,Urban,Low,
37.33847727,-121.8868556,95110,0.164419397,1.029759052,0.280029298,0,0.3,1,,,,,,,Low,Low,Urban,Low,
37.33847727,-121.881669,95110,0.164419397,1.387143185,0.260483086,0,0.3,1,,,,,,,Low,Low,Urban,Low,
37.33972225,-121.9289835,95110,0.164419397,0.557617704,0.231534119,0,0.3,1,,,,,,,Low,Low,Urban,Low,
37.33972225,-121.9183818,95110,0.164419397,0.37273494,0.186952668,0,0.3,1,,,,,,,Low,Low,Urban,Low,
37.33972225,-121.9167857,95110,0.164419397,0.453860573,0.199562802,0,0.3,1,,,,,,,Low,Low,Urban,Low,
37.33972225,-121.9056797,95110,0.164419397,0.278244859,0.296738774,0,0.3,1,,,,,,,Low,Low,Urban,Low,
37.34144029,-121.9236905,95110,0.164419397,0.244964833,0.13743948,0,0.3,1,,,,,,,Low,Low,Urban,Low,
37.34144029,-121.923006,95110,0.164419397,0.226027627,0.141764539,0,0.3,1,,,,,,,Low,Low,Urban,Low,
37.34144029,-121.9162612,95110,0.164419397,0.449940251,0.140892639,0,0.3,1,,,,,,,Low,Low,Urban,Low,
37.34144029,-121.9144136,95110,0.164419397,0.478882971,0.142842288,0,0.3,1,,,,,,,Low,Low,Urban,Low,
37.34144029,-121.9089749,95110,0.164419397,0.502854272,0.12519184,0,0.3,1,,,,,,,Low,Low,Urban,Low,
37.34144029,-121.8857858,95110,0.164419397,1.099985056,0.120448438,0,0.3,1,,,,,,,Low,Low,Urban,Low,
37.34144029,-121.8826195,95110,0.164419397,1.318741237,0.091343783,0,0.3,1,,,,,,,Low,Low,Urban,Low,
37.34215097,-121.9277148,95110,0.164419397,0.438683228,0.083634447,0,0.3,1,,,,,,,Low,Low,Urban,Low,
37.34215097,-121.9194462,95110,0.164419397,0.257613913,0.007961047,0,0.3,1,,,,,,,Low,Low,Urban,Low,
37.34215097,-121.9026112,95110,0.164419397,0.077266095,0.058070315,0,0.3,1,,,,,,,Low,Low,Urban,Low,
37.34215097,-121.900846,95110,0.164419397,0.074386716,0.017611983,0,0.3,1,,,,,,,Low,Low,Urban,Low,
37.34449653,-121.9141743,95110,0.164419397,0.366929206,0.219510715,0,0.3,1,,,,,,,Low,Low,Urban,Low,
37.34449653,-121.9109538,95110,0.164419397,0.370378027,0.213236594,0,0.3,1,,,,,,,Low,Low,Urban,Low,
37.34449653,-121.9047603,95110,0.164419397,0.248433666,0.162092713,0,0.3,1,,,,,,,Low,Low,Urban,Low,
37.34449653,-121.8932183,95110,0.164419397,0.600640036,0.06779599,0,0.3,1,,,,,,,Low,Low,Urban,Low,
37.34449653,-121.8922803,95110,0.164419397,0.664050351,0.130797633,0,0.3,1,,,,,,,Low,Low,Urban,Low,
37.34449653,-121.8869716,95110,0.164419397,1.026236459,0.087804348,0,0.3,1,,,,,,,Low,Low,Urban,Low,
37.34452043,-121.9185605,95110,0.164419397,0.25766141,0.110349441,0,0.3,1,,,,,,,Low,Low,Urban,Low,
37.34452043,-121.9161473,95110,0.164419397,0.416026377,0.110652228,0,0.3,1,,,,,,,Low,Low,Urban,Low,
37.34452043,-121.9077129,95110,0.164419397,0.435636853,0.179497587,0,0.3,1,,,,,,,Low,Low,Urban,Low,
37.34452043,-121.8981519,95110,0.164419397,0.27839944,0.235141381,0,0.3,1,,,,,,,Low,Low,Urban,Low,
37.34452043,-121.8944628,95110,0.164419397,0.517268472,0.267027447,0,0.3,1,,,,,,,Low,Low,Urban,Low,
37.34452043,-121.893983,95110,0.164419397,0.549395847,0.276734458,0,0.3,1,,,,,,,Low,Low,Urban,Low,
37.34452043,-121.8928755,95110,0.164419397,0.623963813,0.307325348,0,0.3,1,,,,,,,Low,Low,Urban,Low,
37.34452043,-121.8886065,95110,0.164419397,0.914427006,0.289628399,0,0.3,1,,,,,,,Low,Low,Urban,Low,
37.34452043,-121.8848606,95110,0.164419397,1.171158727,0.244106015,0,0.3,1,,,,,,,Low,Low,Urban,Low,
37.34667353,-121.917526,95110,0.164419397,0.308918407,0.241477148,0,0.3,1,,,,,,,Low,Low,Urban,Low,
37.34667353,-121.9083765,95110,0.164419397,0.401246184,0.307334827,0,0.3,1,,,,,,,Low,Low,Urban,Low,
37.34667353,-121.8848259,95110,0.164419397,1.184928757,0.111337869,0,0.3,1,,,,,,,Low,Low,Urban,Low,
37.34667353,-121.8834323,95110,0.164419397,1.27981003,0.115068708,0,0.3,1,,,,,,,Low,Low,Urban,Low,
37.34902014,-121.9304865,95110,0.164419397,0.59080383,0.119491738,0,0.3,1,,,,,,,Low,Low,Urban,Low,
37.34902014,-121.9043964,95110,0.164419397,0.349563656,0.142850587,0,0.3,1,,,,,,,Low,Low,Urban,Low,
37.35085624,-121.9141776,95110,0.164419397,0.159292528,0.098773176,0,0.3,1,,,,,,,Low,Low,Urban,Low,
37.35085624,-121.9050381,95110,0.164419397,0.429933308,0.079275582,0,0.3,1,,,,,,,Low,Low,Urban,Low,
37.35085624,-121.8871753,95110,0.164419397,1.067376296,0.029296271,0,0.3,1,,,,,,,Low,Low,Urban,Low,
37.35214756,-121.9279544,95110,0.164419397,0.448729208,0.056422252,0,0.3,1,,,,,,,Low,Low,Urban,Low,
37.35214756,-121.9238902,95110,0.164419397,0.22024007,0.096629421,0,0.3,1,,,,,,,Low,Low,Urban,Low,
37.35214756,-121.9119439,95110,0.164419397,0.086821727,0.062792537,0,0.3,1,,,,,,,Low,Low,Urban,Low,
37.35214756,-121.90758,95110,0.164419397,0.357440238,0.016508077,0,0.3,1,,,,,,,Low,Low,Urban,Low,
37.35214756,-121.9068372,95110,0.164419397,0.407846159,0.026014435,0,0.3,1,,,,,,,Low,Low,Urban,Low,
37.35214756,-121.9008057,95110,0.164419397,0.41473084,0.073625257,0,0.3,1,,,,,,,Low,Low,Urban,Low,
37.35214756,-121.8955605,95110,0.164419397,0.590135753,0.101645275,0,0.3,1,,,,,,,Low,Low,Urban,Low,
37.35214756,-121.8946832,95110,0.164419397,0.635126601,0.115772102,0,0.3,1,,,,,,,Low,Low,Urban,Low,
37.35476489,-121.9189869,95110,0.164419397,0.341947474,0.150681491,0,0.3,1,,,,,,,Low,Low,Urban,Low,
37.35476489,-121.9103323,95110,0.164419397,0.161685962,0.211894731,0,0.3,1,,,,,,,Low,Low,Urban,Low,
37.35476489,-121.8990191,95110,0.164419397,0.538561668,0.159612306,0,0.3,1,,,,,,,Low,Low,Urban,Low,
37.35476489,-121.8925067,95110,0.164419397,0.812020898,0.149059651,0,0.3,1,,,,,,,Low,Low,Urban,Low,
37.35476489,-121.8908793,95110,0.164419397,0.902727347,0.078516441,0,0.3,1,,,,,,,Low,Low,Urban,Low,
37.35687459,-121.917545,95110,0.164419397,0.353101912,0.067703272,0,0.3,1,,,,,,,Low,Low,Urban,Low,
37.35687459,-121.9108878,95110,0.164419397,0.157860021,0.06426402,0,0.3,1,,,,,,,Low,Low,Urban,Low,
37.35687459,-121.8925063,95110,0.164419397,0.862110245,0.309535854,0,0.3,1,,,,,,,Low,Low,Urban,Low,
37.35687459,-121.8910126,95110,0.164419397,0.940767302,0.256717295,0,0.3,1,,,,,,,Low,Low,Urban,Low,
37.3581442,-121.9149747,95110,0.164419397,0.21795017,0.232932274,0,0.3,1,,,,,,,Low,Low,Urban,Low,
37.3581442,-121.8980682,95110,0.164419397,0.677297125,0.119939996,0,0.3,1,,,,,,,Low,Low,Urban,Low,
37.3581442,-121.8938932,95110,0.164419397,0.82873599,0.121007189,0,0.3,1,,,,,,,Low,Low,Urban,Low,
37.3581442,-121.887989,95110,0.164419397,1.137306149,0.148926356,0,0.3,1,,,,,,,Low,Low,Urban,Low,
37.35870644,-121.9169583,95110,0.164419397,0.341820323,0.135653656,0,0.3,1,,,,,,,Low,Low,Urban,Low,
37.35870644,-121.9063684,95110,0.164419397,0.465093546,0.075045652,0,0.3,1,,,,,,,Low,Low,Urban,Low,
37.35870644,-121.8874404,95110,0.164419397,1.180244304,0.030684187,0,0.3,1,,,,,,,Low,Low,Urban,Low,
37.35870644,-121.8868814,95110,0.164419397,1.212679743,0.021480887,0,0.3,1,,,,,,,Low,Low,Urban,Low,
37.35870644,-121.886595,95110,0.164419397,1.22943645,0.02941046,0,0.3,1,,,,,,,Low,Low,Urban,Low,
37.3591481,-121.9232486,95110,0.164419397,0.441026283,0.097269921,0,0.3,1,,,,,,,Low,Low,Urban,Low,
37.3591481,-121.9219988,95110,0.164419397,0.432274095,0.103775975,0,0.3,1,,,,,,,Low,Low,Urban,Low,
37.3591481,-121.9140661,95110,0.164419397,0.208280334,0.067511154,0,0.3,1,,,,,,,Low,Low,Urban,Low,
37.36073365,-121.9268407,95110,0.164419397,0.594103749,0.142836736,0,0.3,1,,,,,,,Low,Low,Urban,Low,
37.36073365,-121.9253154,95110,0.164419397,0.541586719,0.196569286,0,0.3,1,,,,,,,Low,Low,Urban,Low,
37.36073365,-121.9183442,95110,0.164419397,0.461929058,0.195266461,0,0.3,1,,,,,,,Low,Low,Urban,Low,
37.36073365,-121.9058296,95110,0.164419397,0.529436125,0.016916517,0,0.3,1,,,,,,,Low,Low,Urban,Low,
37.36073365,-121.8984593,95110,0.164419397,0.757483727,0.071945681,0,0.3,1,,,,,,,Low,Low,Urban,Low,
37.36073365,-121.8946826,95110,0.164419397,0.871088494,0.07153415,0,0.3,1,,,,,,,Low,Low,Urban,Low,
37.3623667,-121.9233697,95110,0.164419397,0.558155719,0.110432751,0,0.3,1,,,,,,,Low,Low,Urban,Low,
37.3623667,-121.9111079,95110,0.164419397,0.319532389,0.254916079,0,0.3,1,,,,,,,Low,Low,Urban,Low,
37.3623667,-121.9096512,95110,0.164419397,0.365566367,0.307455082,0,0.3,1,,,,,,,Low,Low,Urban,Low,
37.3623667,-121.9048224,95110,0.164419397,0.618946942,0.293848476,0,0.3,1,,,,,,,Low,Low,Urban,Low,
37.36454465,-121.9177169,95110,0.164419397,0.51749643,0.226329142,0,0.3,1,,,,,,,Low,Low,Urban,Low,
37.36454465,-121.8984458,95110,0.164419397,0.891594299,0.276812245,0,0.3,1,,,,,,,Low,Low,Urban,Low,
37.36454465,-121.8923028,95110,0.164419397,1.079829227,0.307981933,0,0.3,1,,,,,,,Low,Low,Urban,Low,
37.36619785,-121.8975803,95110,0.164419397,0.966029782,0.102387133,0,0.3,1,,,,,,,Low,Low,Urban,Low,
37.36744695,-121.9010386,95110,0.164419397,0.938282919,0.128216374,0,0.3,1,,,,,,,Low,Low,Urban,Low,
37.36744695,-121.8977999,95110,0.164419397,1.00552807,0.153073775,0,0.3,1,,,,,,,Low,Low,Urban,Low,
37.36744695,-121.8901718,95110,0.164419397,1.254186645,0.098135165,0,0.3,1,,,,,,,Low,Low,Urban,Low,
37.3689157,-121.9148431,95110,0.164419397,0.561443283,0.076762848,0,0.3,1,,,,,,,Low,Low,Urban,Low,
37.3689157,-121.9125798,95110,0.164419397,0.540552626,0.113129845,0,0.3,1,,,,,,,Low,Low,Urban,Low,
37.3689157,-121.9005542,95110,0.164419397,0.995132152,0.131670824,0,0.3,1,,,,,,,Low,Low,Urban,Low,
37.3689157,-121.8965891,95110,0.164419397,1.081642631,0.115366694,0,0.3,1,,,,,,,Low,Low,Urban,Low,
37.3704072,-121.9177276,95110,0.164419397,0.690888588,0.066921303,0,0.3,1,,,,,,,Low,Low,Urban,Low,
37.3704072,-121.9118611,95110,0.164419397,0.597479861,0.063982085,0,0.3,1,,,,,,,Low,Low,Urban,Low,
37.3704072,-121.9039099,95110,0.164419397,0.847602957,0.027019364,0,0.3,1,,,,,,,Low,Low,Urban,Low,
37.37090691,-121.9147642,95110,0.164419397,0.630489404,0.05224973,0,0.3,1,,,,,,,Low,Low,Urban,Low,
37.37090691,-121.9099225,95110,0.164419397,0.641489811,0.092684284,0,0.3,1,,,,,,,Low,Low,Urban,Low,
37.37236348,-121.917231,95110,0.164419397,0.737943442,0.028065625,0,0.3,1,,,,,,,Low,Low,Urban,Low,
37.37236348,-121.9122419,95110,0.164419397,0.667053494,0.064330793,0,0.3,1,,,,,,,Low,Low,Urban,Low,
37.37236348,-121.9092308,95110,0.164419397,0.707009469,0.092048328,0,0.3,1,,,,,,,Low,Low,Urban,Low,
37.37236348,-121.9043409,95110,0.164419397,0.879479016,0.116585818,0,0.3,1,,,,,,,Low,Low,Urban,Low,
37.37236348,-121.8977157,95110,0.164419397,1.180797022,0.120468227,0,0.3,1,,,,,,,Low,Low,Urban,Low,
37.37402157,-121.909446,95110,0.164419397,0.759905002,0.204046278,0,0.3,1,,,,,,,Low,Low,Urban,Low,
37.37555722,-121.9120754,95110,0.164419397,0.784115758,0.159517366,0,0.3,1,,,,,,,Low,Low,Urban,Low,
37.37555722,-121.9070814,95110,0.164419397,0.872404848,0.100597063,0,0.3,1,,,,,,,Low,Low,Urban,Low,
37.35085624,-122.0039984,94085,0.186514625,0.978532896,0.282962195,0,0.3,1,,,,,,,Low,Low,Urban,Low,
37.35085624,-122.0037529,94085,0.186514625,0.98159607,0.311254241,0,0.3,1,,,,,,,Low,Low,Urban,Low,
37.36619785,-122.0027983,94085,0.186514625,0.474284395,0.053494291,0,0.3,1,,,,,,,Low,Low,Urban,Low,
37.36744695,-122.0105438,94085,0.186514625,0.455414407,0.044813361,0,0.3,1,,,,,,,Low,Low,Urban,Low,
37.36744695,-122.0085393,94085,0.186514625,0.384735153,0.051271002,0,0.3,1,,,,,,,Low,Low,Urban,Low,
37.36744695,-122.0043992,94085,0.186514625,0.383189624,0.108042293,0,0.3,1,,,,,,,Low,Low,Urban,Low,
37.3689157,-122.0063949,94085,0.186514625,0.302546501,0.082064222,0,0.3,1,,,,,,,Low,Low,Urban,Low,
37.37090691,-122.0110224,94085,0.186514625,0.391152214,0.019523066,0,0.3,1,,,,,,,Low,Low,Urban,Low,
37.37402157,-122.0081269,94085,0.186514625,0.164143002,0.027718657,0,0.3,1,,,,,,,Low,Low,Urban,Low,
37.37402157,-122.0023074,94085,0.186514625,0.308013734,0.036116492,0,0.3,1,,,,,,,Low,Low,Urban,Low,
37.37555722,-122.0057057,94085,0.186514625,0.078025875,0.045244069,0,0.3,1,,,,,,,Low,Low,Urban,Low,
37.37555722,-122.0040597,94085,0.186514625,0.174810095,0.061553689,0,0.3,1,,,,,,,Low,Low,Urban,Low,
37.37731751,-122.0023588,94085,0.186514625,0.282020742,0.093287955,0,0.3,1,,,,,,,Low,Low,Urban,Low,
37.37991662,-122.0058428,94085,0.186514625,0.108494364,0.102556858,0,0.3,1,,,,,,,Low,Low,Urban,Low,
37.38150858,-122.009878,94085,0.186514625,0.250886208,0.111355037,0,0.3,1,,,,,,,Low,Low,Urban,Low,
37.38172833,-122.0071729,94085,0.186514625,0.174234581,0.055509151,0,0.3,1,,,,,,,Low,Low,Urban,Low,
37.38518162,-122.0032473,94085,0.186514625,0.366875271,0.090150773,0,0.3,1,,,,,,,Low,Low,Urban,Low,
37.39216313,-122.0160602,94085,0.186514625,0.337224449,0.165833539,0,0.3,1,,,,,,,Low,Low,Urban,Low,
37.37236348,-121.9863778,95054,0.205098494,0.65087824,0.116317794,0,0.3,1,,,,,,,Low,Low,Urban,Low,
37.37402157,-121.9813761,95054,0.205098494,0.349730582,0.119689868,0,0.3,1,,,,,,,Low,Low,Urban,Low,
37.37402157,-121.9652615,95054,0.205098494,0.487701591,0.051943929,0,0.3,1,,,,,,,Low,Low,Urban,Low,
37.37555722,-121.9811657,95054,0.205098494,0.29674786,0.123227376,0,0.3,1,,,,,,,Low,Low,Urban,Low,
37.37555722,-121.9492593,95054,0.205098494,0.11425791,0.052009379,0,0.3,1,,,,,,,Low,Low,Urban,Low,
37.37731751,-121.9807969,95054,0.205098494,0.232459802,0.138645565,0,0.3,1,,,,,,,Low,Low,Urban,Low,
37.37731751,-121.9665291,95054,0.205098494,0.347677152,0.213119071,0,0.3,1,,,,,,,Low,Low,Urban,Low,
37.37731751,-121.9618387,95054,0.205098494,0.451446665,0.242522157,0,0.3,1,,,,,,,Low,Low,Urban,Low,
37.37731751,-121.9553521,95054,0.205098494,0.013013229,0.190616006,0,0.3,1,,,,,,,Low,Low,Urban,Low,
37.37731751,-121.9504605,95054,0.205098494,0.055570909,0.194232299,0,0.3,1,,,,,,,Low,Low,Urban,Low,
37.38172833,-121.9616519,95054,0.205098494,0.373270518,0.052084183,0,0.3,1,,,,,,,Low,Low,Urban,Low,
37.38172833,-121.9500509,95054,0.205098494,0.197840068,0.140191647,0,0.3,1,,,,,,,Low,Low,Urban,Low,
37.38254026,-121.9773158,95054,0.205098494,0.078430092,0.03860619,0,0.3,1,,,,,,,Low,Low,Urban,Low,
37.38254026,-121.9645924,95054,0.205098494,0.25488595,0.047438122,0,0.3,1,,,,,,,Low,Low,Urban,Low,
37.38254026,-121.9466644,95054,0.205098494,0.376740192,0.133893198,0,0.3,1,,,,,,,Low,Low,Urban,Low,
37.38427138,-121.9772712,95054,0.205098494,0.120582006,0.080001568,0,0.3,1,,,,,,,Low,Low,Urban,Low,
37.38427138,-121.9694425,95054,0.205098494,0.154121924,0.138716421,0,0.3,1,,,,,,,Low,Low,Urban,Low,
37.38427138,-121.9541931,95054,0.205098494,0.167646866,0.065482116,0,0.3,1,,,,,,,Low,Low,Urban,Low,
37.38427138,-121.953484,95054,0.205098494,0.215873151,0.123478024,0,0.3,1,,,,,,,Low,Low,Urban,Low,
37.38427138,-121.9527179,95054,0.205098494,0.268290133,0.102555513,0,0.3,1,,,,,,,Low,Low,Urban,Low,
37.38427138,-121.9522114,95054,0.205098494,0.273847738,0.06633624,0,0.3,1,,,,,,,Low,Low,Urban,Low,
37.38427138,-121.9464588,95054,0.205098494,0.429589219,0.043676609,0,0.3,1,,,,,,,Low,Low,Urban,Low,
37.38427138,-121.9450481,95054,0.205098494,0.503766545,0.048879431,0,0.3,1,,,,,,,Low,Low,Urban,Low,
37.38518162,-121.9809381,95054,0.205098494,0.219209885,0.1084975,0,0.3,1,,,,,,,Low,Low,Urban,Low,
37.38518162,-121.9620051,95054,0.205098494,0.375545506,0.210485509,0,0.3,1,,,,,,,Low,Low,Urban,Low,
37.38518162,-121.9559279,95054,0.205098494,0.044375579,0.207837327,0,0.3,1,,,,,,,Low,Low,Urban,Low,
37.38518162,-121.9541631,95054,0.205098494,0.166318183,0.223667258,0,0.3,1,,,,,,,Low,Low,Urban,Low,
37.38518162,-121.946,95054,0.205098494,0.475528819,0.271217018,0,0.3,1,,,,,,,Low,Low,Urban,Low,
37.39013772,-121.9513814,95054,0.205098494,0.401591331,0.011715976,0,0.3,1,,,,,,,Low,Low,Urban,Low,
37.39013772,-121.9449405,95054,0.205098494,0.656675779,0.016873638,0,0.3,1,,,,,,,Low,Low,Urban,Low,
37.39216313,-121.9843182,95054,0.205098494,0.562455845,0.073230852,0,0.3,1,,,,,,,Low,Low,Urban,Low,
37.39216313,-121.9737899,95054,0.205098494,0.427242007,0.121703171,0,0.3,1,,,,,,,Low,Low,Urban,Low,
37.39216313,-121.972014,95054,0.205098494,0.30483401,0.141725939,0,0.3,1,,,,,,,Low,Low,Urban,Low,
37.39216313,-121.9568557,95054,0.205098494,0.095572323,0.109448788,0,0.3,1,,,,,,,Low,Low,Urban,Low,
37.39216313,-121.9490278,95054,0.205098494,0.579874453,0.090618047,0,0.3,1,,,,,,,Low,Low,Urban,Low,
37.39216313,-121.9425302,95054,0.205098494,0.825576942,0.043462449,0,0.3,1,,,,,,,Low,Low,Urban,Low,
37.39468838,-121.9879693,95054,0.205098494,0.816795534,0.024121113,0,0.3,1,,,,,,,Low,Low,Urban,Low,
37.39468838,-121.9813701,95054,0.205098494,0.519059482,0.049247349,0,0.3,1,,,,,,,Low,Low,Urban,Low,
37.39468838,-121.9637741,95054,0.205098494,0.290486933,0.145880244,0,0.3,1,,,,,,,Low,Low,Urban,Low,
37.39468838,-121.9600787,95054,0.205098494,0.174075939,0.177095653,0,0.3,1,,,,,,,Low,Low,Urban,Low,
37.39468838,-121.9551386,95054,0.205098494,0.167889007,0.17536242,0,0.3,1,,,,,,,Low,Low,Urban,Low,
37.39468838,-121.9478315,95054,0.205098494,0.672556612,0.127081317,0,0.3,1,,,,,,,Low,Low,Urban,Low,
37.39634043,-121.98421,95054,0.205098494,0.671393167,0.076335541,0,0.3,1,,,,,,,Low,Low,Urban,Low,
37.39634043,-121.9805066,95054,0.205098494,0.55614641,0.091013801,0,0.3,1,,,,,,,Low,Low,Urban,Low,
37.39634043,-121.9683252,95054,0.205098494,0.184726553,0.065702044,0,0.3,1,,,,,,,Low,Low,Urban,Low,
37.39634043,-121.9429409,95054,0.205098494,0.918499046,0.103584507,0,0.3,1,,,,,,,Low,Low,Urban,Low,
37.39902539,-121.9800043,95054,0.205098494,0.6443416,0.129503333,0,0.3,1,,,,,,,Low,Low,Urban,Low,
37.39902539,-121.9771133,95054,0.205098494,0.640015332,0.109364174,0,0.3,1,,,,,,,Low,Low,Urban,Low,
37.39902539,-121.9728983,95054,0.205098494,0.453000278,0.103982918,0,0.3,1,,,,,,,Low,Low,Urban,Low,
37.39902539,-121.9694791,95054,0.205098494,0.23017075,0.076160665,0,0.3,1,,,,,,,Low,Low,Urban,Low,
37.39902539,-121.9632677,95054,0.205098494,0.249077362,0.038839411,0,0.3,1,,,,,,,Low,Low,Urban,Low,
37.39902539,-121.9543153,95054,0.205098494,0.280889931,0.125399104,0,0.3,1,,,,,,,Low,Low,Urban,Low,
37.39902539,-121.9517634,95054,0.205098494,0.434912391,0.146426448,0,0.3,1,,,,,,,Low,Low,Urban,Low,
37.39908159,-121.9776268,95054,0.205098494,0.638271381,0.22308247,0,0.3,1,,,,,,,Low,Low,Urban,Low,
37.39908159,-121.9741247,95054,0.205098494,0.528859482,0.22187243,0,0.3,1,,,,,,,Low,Low,Urban,Low,
37.39908159,-121.9699412,95054,0.205098494,0.258058812,0.208919941,0,0.3,1,,,,,,,Low,Low,Urban,Low,
37.39908159,-121.9625911,95054,0.205098494,0.291279785,0.252590515,0,0.3,1,,,,,,,Low,Low,Urban,Low,
37.39908159,-121.9571885,95054,0.205098494,0.172882759,0.2617593,0,0.3,1,,,,,,,Low,Low,Urban,Low,
37.39908159,-121.9561708,95054,0.205098494,0.196162582,0.306368849,0,0.3,1,,,,,,,Low,Low,Urban,Low,
37.40095093,-121.9430931,95054,0.205098494,1.028114562,0.031660774,0,0.3,1,,,,,,,Low,Low,Urban,Low,
37.39634043,-121.9381054,95134,0.134028582,0.902099047,0.219420228,0,0.3,1,,,,,,,Low,Low,Urban,Low,
37.39634043,-121.9359291,95134,0.134028582,0.787780664,0.221104298,0,0.3,1,,,,,,,Low,Low,Urban,Low,
37.39634043,-121.9322219,95134,0.134028582,0.62901332,0.235369184,0,0.3,1,,,,,,,Low,Low,Urban,Low,
37.2906222,-121.9070838,95110,0.164419397,1.407396269,0.070969969,0,1,1,,,,,,,Low,Low,Urban,High,
37.29305965,-121.901376,95110,0.164419397,1.283541368,0.053419175,0,1,1,,,,,,,Low,Low,Urban,High,
37.29544619,-121.9115359,95110,0.164419397,1.349332415,0.027749227,0,1,1,,,,,,,Low,Low,Urban,High,
37.29544619,-121.8993809,95110,0.164419397,1.212905131,0.157758454,0,1,1,,,,,,,Low,Low,Urban,High,
37.2970086,-121.9093073,95110,0.164419397,1.232047707,0.19893059,0,1,1,,,,,,,Low,Low,Urban,High,
37.29948853,-121.9129301,95110,0.164419397,1.272832624,0.088213405,0,1,1,,,,,,,Low,Low,Urban,High,
37.29972048,-121.9122824,95110,0.164419397,1.240810263,0.157141249,0,1,1,,,,,,,Low,Low,Urban,High,
37.29972048,-121.9055915,95110,0.164419397,1.06066354,0.161694874,0,1,1,,,,,,,Low,Low,Urban,High,
37.29991058,-121.9131529,95110,0.164419397,1.26909711,0.236546185,0,1,1,,,,,,,Low,Low,Urban,High,
37.29991058,-121.9088393,95110,0.164419397,1.121828414,0.23932793,0,1,1,,,,,,,Low,Low,Urban,High,
37.29991058,-121.8993339,95110,0.164419397,1.053446073,0.291695458,0,1,1,,,,,,,Low,Low,Urban,High,
37.29991058,-121.8973051,95110,0.164419397,1.090745339,0.270582318,0,1,1,,,,,,,Low,Low,Urban,High,
37.30156605,-121.9084181,95110,0.164419397,1.054795169,0.141117748,0,1,1,,,,,,,Low,Low,Urban,High,
37.30156605,-121.897123,95110,0.164419397,1.038180191,0.141892361,0,1,1,,,,,,,Low,Low,Urban,High,
37.30156605,-121.8912488,95110,0.164419397,1.241477765,0.176346041,0,1,1,,,,,,,Low,Low,Urban,High,
37.30337946,-121.9139684,95110,0.164419397,1.204929742,0.210708965,0,1,1,,,,,,,Low,Low,Urban,High,
37.30337946,-121.9087132,95110,0.164419397,1.002808672,0.211683069,0,1,1,,,,,,,Low,Low,Urban,High,
37.30337946,-121.9016575,95110,0.164419397,0.906217991,0.119314979,0,1,1,,,,,,,Low,Low,Urban,High,
37.30337946,-121.8989422,95110,0.164419397,0.936451686,0.158859019,0,1,1,,,,,,,Low,Low,Urban,High,
37.30337946,-121.8931353,95110,0.164419397,1.110117584,0.136303538,0,1,1,,,,,,,Low,Low,Urban,High,
37.30575103,-121.9147093,95110,0.164419397,1.177605073,0.132243942,0,1,1,,,,,,,Low,Low,Urban,High,
37.30575103,-121.9042588,95110,0.164419397,0.827472233,0.134985711,0,1,1,,,,,,,Low,Low,Urban,High,
37.30575103,-121.9019133,95110,0.164419397,0.818804494,0.13260892,0,1,1,,,,,,,Low,Low,Urban,High,
37.30575103,-121.8988537,95110,0.164419397,0.854859352,0.091348298,0,1,1,,,,,,,Low,Low,Urban,High,
37.30575103,-121.8901645,95110,0.164419397,1.178802169,0.049053324,0,1,1,,,,,,,Low,Low,Urban,High,
37.30723791,-121.9155569,95110,0.164419397,1.184697408,0.061131797,0,1,1,,,,,,,Low,Low,Urban,High,
37.30723791,-121.8921712,95110,0.164419397,1.04285979,0.125857589,0,1,1,,,,,,,Low,Low,Urban,High,
37.30723791,-121.8867673,95110,0.164419397,1.325647722,0.10840946,0,1,1,,,,,,,Low,Low,Urban,High,
37.30933908,-121.9146299,95110,0.164419397,1.086389955,0.088741951,0,1,1,,,,,,,Low,Low,Urban,High,
37.30933908,-121.892517,95110,0.164419397,0.9710399,0.020938312,0,1,1,,,,,,,Low,Low,Urban,High,
37.30950653,-121.9105442,95110,0.164419397,0.88111895,0.048331902,0,1,1,,,,,,,Low,Low,Urban,High,
37.30950653,-121.9050321,95110,0.164419397,0.703828094,0.064503878,0,1,1,,,,,,,Low,Low,Urban,High,
37.30950653,-121.8977,95110,0.164419397,0.755799741,0.038750555,0,1,1,,,,,,,Low,Low,Urban,High,
37.30950653,-121.8943543,95110,0.164419397,0.881144303,0.062913353,0,1,1,,,,,,,Low,Low,Urban,High,
37.30981285,-121.9044222,95110,0.164419397,0.683376013,0.17316788,0,1,1,,,,,,,Low,Low,Urban,High,
37.30981285,-121.8986485,95110,0.164419397,0.719310092,0.171421318,0,1,1,,,,,,,Low,Low,Urban,High,
37.30981285,-121.8980281,95110,0.164419397,0.736045481,0.116257215,0,1,1,,,,,,,Low,Low,Urban,High,
37.3125031,-121.9182061,95110,0.164419397,1.229552981,0.085964911,0,1,1,,,,,,,Low,Low,Urban,High,
37.3125031,-121.9059869,95110,0.164419397,0.621477808,0.124159013,0,1,1,,,,,,,Low,Low,Urban,High,
37.3125031,-121.9049637,95110,0.164419397,0.597223103,0.132128396,0,1,1,,,,,,,Low,Low,Urban,High,
37.3125031,-121.8986795,95110,0.164419397,0.627997328,0.133766944,0,1,1,,,,,,,Low,Low,Urban,High,
37.3125031,-121.8947873,95110,0.164419397,0.779001985,0.213121612,0,1,1,,,,,,,Low,Low,Urban,High,
37.3125031,-121.8906745,95110,0.164419397,0.994253156,0.277837639,0,1,1,,,,,,,Low,Low,Urban,High,
37.31321872,-121.9193237,95110,0.164419397,1.259258074,0.291888529,0,1,1,,,,,,,Low,Low,Urban,High,
37.31321872,-121.9160901,95110,0.164419397,1.088863507,0.275563189,0,1,1,,,,,,,Low,Low,Urban,High,
37.31321872,-121.9013712,95110,0.164419397,0.550346887,0.186322904,0,1,1,,,,,,,Low,Low,Urban,High,
37.31321872,-121.8955568,95110,0.164419397,0.724010782,0.152463443,0,1,1,,,,,,,Low,Low,Urban,High,
37.31321872,-121.8931165,95110,0.164419397,0.844542496,0.177735487,0,1,1,,,,,,,Low,Low,Urban,High,
37.31321872,-121.8872285,95110,0.164419397,1.184713702,0.210076606,0,1,1,,,,,,,Low,Low,Urban,High,
37.31463554,-121.9215915,95110,0.164419397,1.194353407,0.246470463,0,1,1,,,,,,,Low,Low,Urban,High,
37.31463554,-121.9155231,95110,0.164419397,1.029341058,0.264112346,0,1,1,,,,,,,Low,Low,Urban,High,
37.31463554,-121.8915037,95110,0.164419397,0.903152181,0.091720083,0,1,1,,,,,,,Low,Low,Urban,High,
37.31463554,-121.8852693,95110,0.164419397,1.285660529,0.114710859,0,1,1,,,,,,,Low,Low,Urban,High,
37.3149789,-121.8868769,95110,0.164419397,1.178688349,0.073969896,0,1,1,,,,,,,Low,Low,Urban,High,
37.31650416,-121.9154052,95110,0.164419397,0.991045641,0.087812287,0,1,1,,,,,,,Low,Low,Urban,High,
37.31650416,-121.88728,95110,0.164419397,1.131229749,0.100294395,0,1,1,,,,,,,Low,Low,Urban,High,
37.31837613,-121.9261404,95110,0.164419397,1.095756676,0.097077303,0,1,1,,,,,,,Low,Low,Urban,High,
37.31837613,-121.9210037,95110,0.164419397,1.059536675,0.048022621,0,1,1,,,,,,,Low,Low,Urban,High,
37.31837613,-121.8986178,95110,0.164419397,0.444461299,0.038423273,0,1,1,,,,,,,Low,Low,Urban,High,
37.32058743,-121.9251063,95110,0.164419397,1.000183245,0.116534128,0,1,1,,,,,,,Low,Low,Urban,High,
37.32058743,-121.9073918,95110,0.164419397,0.439149202,0.203657692,0,1,1,,,,,,,Low,Low,Urban,High,
37.32058743,-121.8981138,95110,0.164419397,0.407535633,0.080879829,0,1,1,,,,,,,Low,Low,Urban,High,
37.32194949,-121.9259449,95110,0.164419397,0.966445756,0.098533623,0,1,1,,,,,,,Low,Low,Urban,High,
37.32194949,-121.9244257,95110,0.164419397,0.942092044,0.111592893,0,1,1,,,,,,,Low,Low,Urban,High,
37.32194949,-121.9195312,95110,0.164419397,0.942162233,0.17747393,0,1,1,,,,,,,Low,Low,Urban,High,
37.32194949,-121.9130172,95110,0.164419397,0.764430182,0.272115469,0,1,1,,,,,,,Low,Low,Urban,High,
37.32194949,-121.9009349,95110,0.164419397,0.249508721,0.180314126,0,1,1,,,,,,,Low,Low,Urban,High,
37.32194949,-121.8911179,95110,0.164419397,0.815160349,0.180703054,0,1,1,,,,,,,Low,Low,Urban,High,
37.32194949,-121.8865637,95110,0.164419397,1.120871845,0.219189257,0,1,1,,,,,,,Low,Low,Urban,High,
37.32194949,-121.8846169,95110,0.164419397,1.252911718,0.247149221,0,1,1,,,,,,,Low,Low,Urban,High,
37.32454467,-121.9340511,95110,0.164419397,1.178019978,0.298693622,0,1,1,,,,,,,Low,Low,Urban,High,
37.32454467,-121.8953844,95110,0.164419397,0.505722316,0.103260887,0,1,1,,,,,,,Low,Low,Urban,High,
37.32454467,-121.8881215,95110,0.164419397,0.998843026,0.130248081,0,1,1,,,,,,,Low,Low,Urban,High,
37.32645688,-121.9309392,95110,0.164419397,0.981793446,0.159609318,0,1,1,,,,,,,Low,Low,Urban,High,
37.32645688,-121.930731,95110,0.164419397,0.972788664,0.164610754,0,1,1,,,,,,,Low,Low,Urban,High,
37.32645688,-121.9181436,95110,0.164419397,0.806976377,0.149152723,0,1,1,,,,,,,Low,Low,Urban,High,
37.32645688,-121.9163563,95110,0.164419397,0.855554592,0.108736145,0,1,1,,,,,,,Low,Low,Urban,High,
37.32645688,-121.9020378,95110,0.164419397,0.068133213,0.116220888,0,1,1,,,,,,,Low,Low,Urban,High,
37.32645688,-121.9014246,95110,0.164419397,0.094107454,0.119351085,0,1,1,,,,,,,Low,Low,Urban,High,
37.3289879,-121.9171043,95110,0.164419397,0.749716194,0.022572478,0,1,1,,,,,,,Low,Low,Urban,High,
37.3289879,-121.9103724,95110,0.164419397,0.548209021,0.073391639,0,1,1,,,,,,,Low,Low,Urban,High,
37.3289879,-121.9055557,95110,0.164419397,0.2166997,0.062026557,0,1,1,,,,,,,Low,Low,Urban,High,
37.3289879,-121.8988969,95110,0.164419397,0.247466521,0.064673484,0,1,1,,,,,,,Low,Low,Urban,High,
37.3289879,-121.8925496,95110,0.164419397,0.68483781,0.123072372,0,1,1,,,,,,,Low,Low,Urban,High,
37.33055368,-121.9302772,95110,0.164419397,0.838801277,0.077046065,0,1,1,,,,,,,Low,Low,Urban,High,
37.33055368,-121.9160063,95110,0.164419397,0.738675353,0.104924872,0,1,1,,,,,,,Low,Low,Urban,High,
37.33055368,-121.9139929,95110,0.164419397,0.802337098,0.105193785,0,1,1,,,,,,,Low,Low,Urban,High,
37.33055368,-121.9016219,95110,0.164419397,0.10477744,0.096419828,0,1,1,,,,,,,Low,Low,Urban,High,
37.33055368,-121.899695,95110,0.164419397,0.209663433,0.119450332,0,1,1,,,,,,,Low,Low,Urban,High,
37.33055368,-121.898028,95110,0.164419397,0.317954143,0.13849175,0,1,1,,,,,,,Low,Low,Urban,High,
37.33055368,-121.8954052,95110,0.164419397,0.494681486,0.17335314,0,1,1,,,,,,,Low,Low,Urban,High,
37.33055368,-121.885011,95110,0.164419397,1.20824294,0.194468679,0,1,1,,,,,,,Low,Low,Urban,High,
37.33229121,-121.8952583,95110,0.164419397,0.519472602,0.183401475,0,1,1,,,,,,,Low,Low,Urban,High,
37.33229121,-121.892035,95110,0.164419397,0.735416175,0.182657,0,1,1,,,,,,,Low,Low,Urban,High,
37.33229121,-121.8886281,95110,0.164419397,0.956741496,0.179260401,0,1,1,,,,,,,Low,Low,Urban,High,
37.33229121,-121.884096,95110,0.164419397,1.256676586,0.190227585,0,1,1,,,,,,,Low,Low,Urban,High,
37.33229121,-121.8821691,95110,0.164419397,1.385972276,0.228630227,0,1,1,,,,,,,Low,Low,Urban,High,
37.33306415,-121.9231675,95110,0.164419397,0.52713125,0.161153806,0,1,1,,,,,,,Low,Low,Urban,High,
37.33306415,-121.9119692,95110,0.164419397,0.681728499,0.164994052,0,1,1,,,,,,,Low,Low,Urban,High,
37.33306415,-121.9058877,95110,0.164419397,0.297631094,0.160904839,0,1,1,,,,,,,Low,Low,Urban,High,
37.33306415,-121.8944585,95110,0.164419397,0.576865,0.096325657,0,1,1,,,,,,,Low,Low,Urban,High,
37.3354207,-121.932884,95110,0.164419397,0.869623522,0.092403506,0,1,1,,,,,,,Low,Low,Urban,High,
37.3354207,-121.9105368,95110,0.164419397,0.618585981,0.052025134,0,1,1,,,,,,,Low,Low,Urban,High,
37.3354207,-121.9061277,95110,0.164419397,0.365756197,0.075073502,0,1,1,,,,,,,Low,Low,Urban,High,
37.3354207,-121.9020882,95110,0.164419397,0.202473059,0.076664644,0,1,1,,,,,,,Low,Low,Urban,High,
37.3354207,-121.8973034,95110,0.164419397,0.364259318,0.036876921,0,1,1,,,,,,,Low,Low,Urban,High,
37.3354207,-121.8913676,95110,0.164419397,0.741792421,0.029698366,0,1,1,,,,,,,Low,Low,Urban,High,
37.33694709,-121.9329218,95110,0.164419397,0.845461052,0.013644254,0,1,1,,,,,,,Low,Low,Urban,High,
37.33694709,-121.9190039,95110,0.164419397,0.43119281,0.081358227,0,1,1,,,,,,,Low,Low,Urban,High,
37.33694709,-121.9187615,95110,0.164419397,0.439436315,0.070744372,0,1,1,,,,,,,Low,Low,Urban,High,
37.33694709,-121.9117289,95110,0.164419397,0.63036956,0.101288328,0,1,1,,,,,,,Low,Low,Urban,High,
37.33694709,-121.9039304,95110,0.164419397,0.211454943,0.162617169,0,1,1,,,,,,,Low,Low,Urban,High,
37.33694709,-121.9008045,95110,0.164419397,0.157699655,0.233086471,0,1,1,,,,,,,Low,Low,Urban,High,
37.33694709,-121.8877945,95110,0.164419397,0.971892438,0.154151213,0,1,1,,,,,,,Low,Low,Urban,High,
37.33847727,-121.9258983,95110,0.164419397,0.421280606,0.058520932,0,1,1,,,,,,,Low,Low,Urban,High,
37.33847727,-121.9234917,95110,0.164419397,0.339360517,0.114894468,0,1,1,,,,,,,Low,Low,Urban,High,
37.33847727,-121.9234689,95110,0.164419397,0.33888004,0.105990307,0,1,1,,,,,,,Low,Low,Urban,High,
37.33847727,-121.9209387,95110,0.164419397,0.330933408,0.092601623,0,1,1,,,,,,,Low,Low,Urban,High,
37.33847727,-121.9188368,95110,0.164419397,0.389333378,0.089392944,0,1,1,,,,,,,Low,Low,Urban,High,
37.33847727,-121.9078751,95110,0.164419397,0.435707029,0.184104146,0,1,1,,,,,,,Low,Low,Urban,High,
37.33847727,-121.9002452,95110,0.164419397,0.134465157,0.246500179,0,1,1,,,,,,,Low,Low,Urban,High,
37.33847727,-121.8923638,95110,0.164419397,0.651416054,0.290284383,0,1,1,,,,,,,Low,Low,Urban,High,
37.33972225,-121.9155186,95110,0.164419397,0.525876988,0.230041484,0,1,1,,,,,,,Low,Low,Urban,High,
37.33972225,-121.9088948,95110,0.164419397,0.498869456,0.249666078,0,1,1,,,,,,,Low,Low,Urban,High,
37.33972225,-121.8848741,95110,0.164419397,1.163633798,0.126430803,0,1,1,,,,,,,Low,Low,Urban,High,
37.33972225,-121.8833493,95110,0.164419397,1.268925831,0.124551677,0,1,1,,,,,,,Low,Low,Urban,High,
37.34144029,-121.9229511,95110,0.164419397,0.224870923,0.145454272,0,1,1,,,,,,,Low,Low,Urban,High,
37.34144029,-121.9108078,95110,0.164419397,0.480167202,0.16360504,0,1,1,,,,,,,Low,Low,Urban,High,
37.34144029,-121.9013684,95110,0.164419397,0.029970897,0.099367922,0,1,1,,,,,,,Low,Low,Urban,High,
37.34215097,-121.9259908,95110,0.164419397,0.335090818,0.054618041,0,1,1,,,,,,,Low,Low,Urban,High,
37.34215097,-121.9243797,95110,0.164419397,0.251061996,0.038591447,0,1,1,,,,,,,Low,Low,Urban,High,
37.34215097,-121.9165171,95110,0.164419397,0.422257608,0.055485767,0,1,1,,,,,,,Low,Low,Urban,High,
37.34215097,-121.9110715,95110,0.164419397,0.450440682,0.081557395,0,1,1,,,,,,,Low,Low,Urban,High,
37.34215097,-121.9048433,95110,0.164419397,0.221634551,0.050011513,0,1,1,,,,,,,Low,Low,Urban,High,
37.34215097,-121.8997175,95110,0.164419397,0.144379592,0.026680661,0,1,1,,,,,,,Low,Low,Urban,High,
37.34215097,-121.8935932,95110,0.164419397,0.562154273,0.073227065,0,1,1,,,,,,,Low,Low,Urban,High,
37.34215097,-121.8876376,95110,0.164419397,0.972907485,0.092476383,0,1,1,,,,,,,Low,Low,Urban,High,
37.34449653,-121.899015,95110,0.164419397,0.227090032,0.115134128,0,1,1,,,,,,,Low,Low,Urban,High,
37.34449653,-121.8863752,95110,0.164419397,1.067123599,0.081758069,0,1,1,,,,,,,Low,Low,Urban,High,
37.34452043,-121.924357,95110,0.164419397,0.19320796,0.072959237,0,1,1,,,,,,,Low,Low,Urban,High,
37.34452043,-121.9084824,95110,0.164419397,0.453520572,0.169599853,0,1,1,,,,,,,Low,Low,Urban,High,
37.34452043,-121.9001949,95110,0.164419397,0.167822422,0.212936524,0,1,1,,,,,,,Low,Low,Urban,High,
37.34667353,-121.9295225,95110,0.164419397,0.521435989,0.212141762,0,1,1,,,,,,,Low,Low,Urban,High,
37.34667353,-121.8861402,95110,0.164419397,1.095672453,0.111739224,0,1,1,,,,,,,Low,Low,Urban,High,
37.34902014,-121.9151443,95110,0.164419397,0.253853691,0.134339986,0,1,1,,,,,,,Low,Low,Urban,High,
37.34902014,-121.8980424,95110,0.164419397,0.389233759,0.142844476,0,1,1,,,,,,,Low,Low,Urban,High,
37.34902014,-121.8882748,95110,0.164419397,0.973853238,0.107185729,0,1,1,,,,,,,Low,Low,Urban,High,
37.35085624,-121.9212827,95110,0.164419397,0.138093882,0.122251452,0,1,1,,,,,,,Low,Low,Urban,High,
37.35085624,-121.9022175,95110,0.164419397,0.364667001,0.078362988,0,1,1,,,,,,,Low,Low,Urban,High,
37.35085624,-121.8927828,95110,0.164419397,0.715235081,0.037790941,0,1,1,,,,,,,Low,Low,Urban,High,
37.35214756,-121.920204,95110,0.164419397,0.215114742,0.065043052,0,1,1,,,,,,,Low,Low,Urban,High,
37.35214756,-121.9136703,95110,0.164419397,0.100875729,0.059337183,0,1,1,,,,,,,Low,Low,Urban,High,
37.35214756,-121.9051909,95110,0.164419397,0.475683074,0.033856403,0,1,1,,,,,,,Low,Low,Urban,High,
37.35214756,-121.897936,95110,0.164419397,0.485681953,0.100224862,0,1,1,,,,,,,Low,Low,Urban,High,
37.35476489,-121.9276502,95110,0.164419397,0.476826834,0.147304674,0,1,1,,,,,,,Low,Low,Urban,High,
37.35476489,-121.9236568,95110,0.164419397,0.295668152,0.148648328,0,1,1,,,,,,,Low,Low,Urban,High,
37.35476489,-121.9064481,95110,0.164419397,0.428988213,0.18584002,0,1,1,,,,,,,Low,Low,Urban,High,
37.35476489,-121.9044253,95110,0.164419397,0.539531357,0.178178776,0,1,1,,,,,,,Low,Low,Urban,High,
37.35687459,-121.920255,95110,0.164419397,0.369065799,0.102821178,0,1,1,,,,,,,Low,Low,Urban,High,
37.35687459,-121.910098,95110,0.164419397,0.202894128,0.072614277,0,1,1,,,,,,,Low,Low,Urban,High,
37.35687459,-121.900173,95110,0.164419397,0.592185595,0.21305289,0,1,1,,,,,,,Low,Low,Urban,High,
37.35687459,-121.8927496,95110,0.164419397,0.849796085,0.286443565,0,1,1,,,,,,,Low,Low,Urban,High,
37.35687459,-121.8926584,95110,0.164419397,0.854394034,0.318474307,0,1,1,,,,,,,Low,Low,Urban,High,
37.35687459,-121.8922783,95110,0.164419397,0.873786098,0.274835524,0,1,1,,,,,,,Low,Low,Urban,High,
37.3581442,-121.9266302,95110,0.164419397,0.509501132,0.22381165,0,1,1,,,,,,,Low,Low,Urban,High,
37.3581442,-121.9222906,95110,0.164419397,0.39616342,0.216617745,0,1,1,,,,,,,Low,Low,Urban,High,
37.3581442,-121.9179439,95110,0.164419397,0.394449528,0.221578284,0,1,1,,,,,,,Low,Low,Urban,High,
37.3581442,-121.9077011,95110,0.164419397,0.372060068,0.103014375,0,1,1,,,,,,,Low,Low,Urban,High,
37.3581442,-121.9047479,95110,0.164419397,0.565282239,0.126915806,0,1,1,,,,,,,Low,Low,Urban,High,
37.3581442,-121.8856965,95110,0.164419397,1.27229659,0.13849439,0,1,1,,,,,,,Low,Low,Urban,High,
37.35870644,-121.9269802,95110,0.164419397,0.540725272,0.108126688,0,1,1,,,,,,,Low,Low,Urban,High,
37.35870644,-121.9052626,95110,0.164419397,0.537073164,0.069811227,0,1,1,,,,,,,Low,Low,Urban,High,
37.35870644,-121.8988911,95110,0.164419397,0.67798472,0.079462112,0,1,1,,,,,,,Low,Low,Urban,High,
37.35870644,-121.8979154,95110,0.164419397,0.700280248,0.064584606,0,1,1,,,,,,,Low,Low,Urban,High,
37.35870644,-121.8957265,95110,0.164419397,0.769677473,0.049427021,0,1,1,,,,,,,Low,Low,Urban,High,
37.35870644,-121.8917323,95110,0.164419397,0.946816358,0.030853082,0,1,1,,,,,,,Low,Low,Urban,High,
37.3591481,-121.9212926,95110,0.164419397,0.434899027,0.0872471,0,1,1,,,,,,,Low,Low,Urban,High,
37.3591481,-121.9145975,95110,0.164419397,0.227881321,0.078340526,0,1,1,,,,,,,Low,Low,Urban,High,
37.3591481,-121.9073652,95110,0.164419397,0.408608894,0.03787707,0,1,1,,,,,,,Low,Low,Urban,High,
37.3591481,-121.8898577,95110,0.164419397,1.054939243,0.139135235,0,1,1,,,,,,,Low,Low,Urban,High,
37.36073365,-121.9235004,95110,0.164419397,0.501289371,0.222430372,0,1,1,,,,,,,Low,Low,Urban,High,
37.36073365,-121.9079253,95110,0.164419397,0.406011461,0.067708917,0,1,1,,,,,,,Low,Low,Urban,High,
37.36073365,-121.902284,95110,0.164419397,0.724724293,0.08640119,0,1,1,,,,,,,Low,Low,Urban,High,
37.36073365,-121.9016623,95110,0.164419397,0.723609442,0.117139704,0,1,1,,,,,,,Low,Low,Urban,High,
37.36073365,-121.9007044,95110,0.164419397,0.726874835,0.079981993,0,1,1,,,,,,,Low,Low,Urban,High,
37.3623667,-121.9120893,95110,0.164419397,0.303772272,0.247659087,0,1,1,,,,,,,Low,Low,Urban,High,
37.3623667,-121.9105247,95110,0.164419397,0.335104604,0.301213277,0,1,1,,,,,,,Low,Low,Urban,High,
37.3623667,-121.9019945,95110,0.164419397,0.783498802,0.277101796,0,1,1,,,,,,,Low,Low,Urban,High,
37.36454465,-121.9020471,95110,0.164419397,0.825518775,0.239809137,0,1,1,,,,,,,Low,Low,Urban,High,
37.36454465,-121.898716,95110,0.164419397,0.88706899,0.241308387,0,1,1,,,,,,,Low,Low,Urban,High,
37.36619785,-121.904234,95110,0.164419397,0.729795972,0.10052535,0,1,1,,,,,,,Low,Low,Urban,High,
37.36619785,-121.8952361,95110,0.164419397,1.025511131,0.121313181,0,1,1,,,,,,,Low,Low,Urban,High,
37.36744695,-121.8966007,95110,0.164419397,1.030831021,0.116973131,0,1,1,,,,,,,Low,Low,Urban,High,
37.3704072,-121.9031141,95110,0.164419397,0.887604088,0.026099965,0,1,1,,,,,,,Low,Low,Urban,High,
37.3704072,-121.9005845,95110,0.164419397,1.024029834,0.015260253,0,1,1,,,,,,,Low,Low,Urban,High,
37.37090691,-121.9158224,95110,0.164419397,0.651357892,0.043062747,0,1,1,,,,,,,Low,Low,Urban,High,
37.37090691,-121.9144213,95110,0.164419397,0.625413913,0.107567176,0,1,1,,,,,,,Low,Low,Urban,High,
37.37090691,-121.9027131,95110,0.164419397,0.920410906,0.074530803,0,1,1,,,,,,,Low,Low,Urban,High,
37.37090691,-121.8972894,95110,0.164419397,1.136688054,0.058048174,0,1,1,,,,,,,Low,Low,Urban,High,
37.37236348,-121.9119347,95110,0.164419397,0.668278194,0.079514231,0,1,1,,,,,,,Low,Low,Urban,High,
37.37402157,-121.9157158,95110,0.164419397,0.757354011,0.132552642,0,1,1,,,,,,,Low,Low,Urban,High,
37.37402157,-121.9099864,95110,0.164419397,0.749892946,0.163398541,0,1,1,,,,,,,Low,Low,Urban,High,
37.37402157,-121.9056562,95110,0.164419397,0.872821103,0.212612302,0,1,1,,,,,,,Low,Low,Urban,High,
37.37555722,-121.9158202,95110,0.164419397,0.813273331,0.183102438,0,1,1,,,,,,,Low,Low,Urban,High,
37.37555722,-121.9102876,95110,0.164419397,0.799891839,0.138787411,0,1,1,,,,,,,Low,Low,Urban,High,
37.37555722,-121.9048312,95110,0.164419397,0.951218752,0.034875677,0,1,1,,,,,,,Low,Low,Urban,High,
37.37731751,-121.9134956,95110,0.164419397,0.849459742,0.033218876,0,1,1,,,,,,,Low,Low,Urban,High,
37.36454465,-122.0030503,94085,0.186514625,0.518492442,0.040695267,0,1,1,,,,,,,Low,Low,Urban,High,
37.36619785,-122.0097427,94085,0.186514625,0.462345887,0.014755233,0,1,1,,,,,,,Low,Low,Urban,High,
37.36744695,-122.0052183,94085,0.186514625,0.366171301,0.112592851,0,1,1,,,,,,,Low,Low,Urban,High,
37.37090691,-122.0077576,94085,0.186514625,0.24701273,0.044185649,0,1,1,,,,,,,Low,Low,Urban,High,
37.37090691,-122.0036738,94085,0.186514625,0.29872812,0.034272162,0,1,1,,,,,,,Low,Low,Urban,High,
37.37236348,-122.0078701,94085,0.186514625,0.202089849,0.019742219,0,1,1,,,,,,,Low,Low,Urban,High,
37.37731751,-122.0046786,94085,0.186514625,0.121790463,0.086248514,0,1,1,,,,,,,Low,Low,Urban,High,
37.38150858,-122.0136879,94085,0.186514625,0.135523784,0.110382989,0,1,1,,,,,,,Low,Low,Urban,High,
37.38172833,-122.0079965,94085,0.186514625,0.198403596,0.014227894,0,1,1,,,,,,,Low,Low,Urban,High,
37.38254026,-122.0106601,94085,0.186514625,0.18522209,0.149854615,0,1,1,,,,,,,Low,Low,Urban,High,
37.38518162,-122.0129452,94085,0.186514625,0.008601397,0.163367536,0,1,1,,,,,,,Low,Low,Urban,High,
37.38518162,-122.0103811,94085,0.186514625,0.181684517,0.162171584,0,1,1,,,,,,,Low,Low,Urban,High,
37.38761416,-122.0111385,94085,0.186514625,0.161267912,0.073218393,0,1,1,,,,,,,Low,Low,Urban,High,
37.38761416,-122.005121,94085,0.186514625,0.392959209,0.147431793,0,1,1,,,,,,,Low,Low,Urban,High,
37.39013772,-122.0156408,94085,0.186514625,0.262285139,0.148315471,0,1,1,,,,,,,Low,Low,Urban,High,
37.3704072,-121.9872644,95054,0.205098494,0.741157823,0.091502863,0,1,1,,,,,,,Low,Low,Urban,High,
37.37090691,-121.9538203,95054,0.205098494,0.183605502,0.105376604,0,1,1,,,,,,,Low,Low,Urban,High,
37.37402157,-121.9813648,95054,0.205098494,0.349265626,0.122334622,0,1,1,,,,,,,Low,Low,Urban,High,
37.37402157,-121.9671046,95054,0.205098494,0.461688715,0.066048307,0,1,1,,,,,,,Low,Low,Urban,High,
37.37402157,-121.9536152,95054,0.205098494,0.082829879,0.05774168,0,1,1,,,,,,,Low,Low,Urban,High,
37.37402157,-121.9533643,95054,0.205098494,0.094267249,0.106294992,0,1,1,,,,,,,Low,Low,Urban,High,
37.37555722,-121.9844448,95054,0.205098494,0.47675377,0.116906588,0,1,1,,,,,,,Low,Low,Urban,High,
37.37555722,-121.9565359,95054,0.205098494,0.099381686,0.039448874,0,1,1,,,,,,,Low,Low,Urban,High,
37.37555722,-121.949831,95054,0.205098494,0.075466155,0.022629189,0,1,1,,,,,,,Low,Low,Urban,High,
37.37731751,-121.9868517,95054,0.205098494,0.608314462,0.097941408,0,1,1,,,,,,,Low,Low,Urban,High,
37.37731751,-121.9795182,95054,0.205098494,0.179087248,0.211420162,0,1,1,,,,,,,Low,Low,Urban,High,
37.37731751,-121.9598634,95054,0.205098494,0.315034992,0.206651185,0,1,1,,,,,,,Low,Low,Urban,High,
37.37731751,-121.9541933,95054,0.205098494,0.009247301,0.189571515,0,1,1,,,,,,,Low,Low,Urban,High,
37.37991662,-121.9837492,95054,0.205098494,0.378109346,0.219664785,0,1,1,,,,,,,Low,Low,Urban,High,
37.37991662,-121.9790398,95054,0.205098494,0.080291278,0.223479703,0,1,1,,,,,,,Low,Low,Urban,High,
37.37991662,-121.9767064,95054,0.205098494,0.131401378,0.272560094,0,1,1,,,,,,,Low,Low,Urban,High,
37.38172833,-121.9790706,95054,0.205098494,0.049206348,0.090983763,0,1,1,,,,,,,Low,Low,Urban,High,
37.38172833,-121.9571054,95054,0.205098494,0.131899859,0.135790508,0,1,1,,,,,,,Low,Low,Urban,High,
37.38254026,-121.9867445,95054,0.205098494,0.580265136,0.110727408,0,1,1,,,,,,,Low,Low,Urban,High,
37.38254026,-121.9679066,95054,0.205098494,0.150479294,0.048273427,0,1,1,,,,,,,Low,Low,Urban,High,
37.38254026,-121.9603636,95054,0.205098494,0.279465292,0.181608648,0,1,1,,,,,,,Low,Low,Urban,High,
37.38254026,-121.9559384,95054,0.205098494,0.10628799,0.172505462,0,1,1,,,,,,,Low,Low,Urban,High,
37.38427138,-121.9873577,95054,0.205098494,0.62892178,0.121889162,0,1,1,,,,,,,Low,Low,Urban,High,
37.38427138,-121.9851661,95054,0.205098494,0.479737393,0.113830366,0,1,1,,,,,,,Low,Low,Urban,High,
37.38427138,-121.9748178,95054,0.205098494,0.262211937,0.108400029,0,1,1,,,,,,,Low,Low,Urban,High,
37.38427138,-121.9532943,95054,0.205098494,0.228830286,0.102561546,0,1,1,,,,,,,Low,Low,Urban,High,
37.38518162,-121.9862518,95054,0.205098494,0.560128669,0.050805171,0,1,1,,,,,,,Low,Low,Urban,High,
37.38518162,-121.9743483,95054,0.205098494,0.305079174,0.20432759,0,1,1,,,,,,,Low,Low,Urban,High,
37.38518162,-121.9620461,95054,0.205098494,0.378378506,0.22403152,0,1,1,,,,,,,Low,Low,Urban,High,
37.38518162,-121.95835,95054,0.205098494,0.122987192,0.208802146,0,1,1,,,,,,,Low,Low,Urban,High,
37.38761416,-121.9874189,95054,0.205098494,0.662468725,0.29600922,0,1,1,,,,,,,Low,Low,Urban,High,
37.38761416,-121.9826646,95054,0.205098494,0.368045596,0.302976141,0,1,1,,,,,,,Low,Low,Urban,High,
37.39216313,-121.9777599,95054,0.205098494,0.385321986,0.121419504,0,1,1,,,,,,,Low,Low,Urban,High,
37.39216313,-121.9680283,95054,0.205098494,0.038031138,0.166216228,0,1,1,,,,,,,Low,Low,Urban,High,
37.39216313,-121.9589418,95054,0.205098494,0.125724659,0.132211411,0,1,1,,,,,,,Low,Low,Urban,High,
37.39216313,-121.9425834,95054,0.205098494,0.8230084,0.054016665,0,1,1,,,,,,,Low,Low,Urban,High,
37.39468838,-121.9748791,95054,0.205098494,0.515374845,0.053827027,0,1,1,,,,,,,Low,Low,Urban,High,
37.39634043,-121.9755826,95054,0.205098494,0.569234548,0.114795443,0,1,1,,,,,,,Low,Low,Urban,High,
37.39634043,-121.9712133,95054,0.205098494,0.305721075,0.10434271,0,1,1,,,,,,,Low,Low,Urban,High,
37.39634043,-121.9553199,95054,0.205098494,0.170395767,0.027067778,0,1,1,,,,,,,Low,Low,Urban,High,
37.39634043,-121.9505381,95054,0.205098494,0.490575674,0.036816449,0,1,1,,,,,,,Low,Low,Urban,High,
37.39902539,-121.9857317,95054,0.205098494,0.813546026,0.1131956,0,1,1,,,,,,,Low,Low,Urban,High,
37.39908159,-121.9845747,95054,0.205098494,0.767717885,0.241862985,0,1,1,,,,,,,Low,Low,Urban,High,
37.39908159,-121.9708832,95054,0.205098494,0.318668555,0.20733824,0,1,1,,,,,,,Low,Low,Urban,High,
37.39908159,-121.9680227,95054,0.205098494,0.146987232,0.224784907,0,1,1,,,,,,,Low,Low,Urban,High,
37.40095093,-121.9495851,95054,0.205098494,0.600991346,0.059510547,0,1,1,,,,,,,Low,Low,Urban,High,
37.39634043,-121.9333496,95134,0.134028582,0.670965255,0.22262763,0,1,1,,,,,,,Low,Low,Urban,High,
37.39634043,-121.9327425,95134,0.134028582,0.647553436,0.226849013,0,1,1,,,,,,,Low,Low,Urban,High,
37.31463554,-121.9038534,95110,0.164419397,0.502971891,0.384327183,0,0.7,1,,,,,,,Low,Medium,Urban,Medium,
37.31463554,-121.8974787,95110,0.164419397,0.601318597,0.444619665,0,0.7,1,,,,,,,Low,Medium,Urban,Medium,
37.32454467,-121.9219361,95110,0.164419397,0.832015052,0.51021389,0,0.7,1,,,,,,,Low,Medium,Urban,Medium,
37.32454467,-121.9106519,95110,0.164419397,0.581774086,0.632936631,0,0.7,1,,,,,,,Low,Medium,Urban,Medium,
37.34667353,-121.9003159,95110,0.164419397,0.230999797,0.479275683,0,0.7,1,,,,,,,Low,Medium,Urban,Medium,
37.34667353,-121.8973,95110,0.164419397,0.369759606,0.553165659,0,0.7,1,,,,,,,Low,Medium,Urban,Medium,
37.36619785,-121.9124124,95110,0.164419397,0.441555385,0.483590776,0,0.7,1,,,,,,,Low,Medium,Urban,Medium,
37.36619785,-121.906267,95110,0.164419397,0.62371701,0.535237416,0,0.7,1,,,,,,,Low,Medium,Urban,Medium,
37.35214756,-122.002267,94085,0.186514625,0.960849388,0.385410388,0,0.7,1,,,,,,,Low,Medium,Urban,Medium,
37.35687459,-122.0068284,94085,0.186514625,0.743998203,0.382313654,0,0.7,1,,,,,,,Low,Medium,Urban,Medium,
37.3581442,-122.0099174,94085,0.186514625,0.737306789,0.400165819,0,0.7,1,,,,,,,Low,Medium,Urban,Medium,
37.3581442,-122.0061766,94085,0.186514625,0.697246775,0.407340117,0,0.7,1,,,,,,,Low,Medium,Urban,Medium,
37.35870644,-122.0052129,94085,0.186514625,0.681700179,0.458255194,0,0.7,1,,,,,,,Low,Medium,Urban,Medium,
37.3591481,-122.0034954,94085,0.186514625,0.690852394,0.489759786,0,0.7,1,,,,,,,Low,Medium,Urban,Medium,
37.36073365,-122.0069784,94085,0.186514625,0.60333394,0.493192083,0,0.7,1,,,,,,,Low,Medium,Urban,Medium,
37.36073365,-122.0025177,94085,0.186514625,0.660316794,0.53562571,0,0.7,1,,,,,,,Low,Medium,Urban,Medium,
37.36454465,-122.010457,94085,0.186514625,0.539527799,0.557629903,0,0.7,1,,,,,,,Low,Medium,Urban,Medium,
37.37991662,-121.9654755,95054,0.205098494,0.284995558,0.389136853,0,0.7,1,,,,,,,Low,Medium,Urban,Medium,
37.38150858,-121.9771653,95054,0.205098494,0.082740587,0.503993885,0,0.7,1,,,,,,,Low,Medium,Urban,Medium,
37.38150858,-121.9666056,95054,0.205098494,0.198526183,0.628729297,0,0.7,1,,,,,,,Low,Medium,Urban,Medium,
37.38761416,-121.9692427,95054,0.205098494,0.120175441,0.442087583,0,0.7,1,,,,,,,Low,Medium,Urban,Medium,
37.39013772,-121.9872349,95054,0.205098494,0.686773729,0.525495425,0,0.7,1,,,,,,,Low,Medium,Urban,Medium,
37.39013772,-121.9840103,95054,0.205098494,0.497978707,0.547410235,0,0.7,1,,,,,,,Low,Medium,Urban,Medium,
37.39013772,-121.968906,95054,0.205098494,0.101512662,0.619508508,0,0.7,1,,,,,,,Low,Medium,Urban,Medium,
37.39908159,-121.9536901,95054,0.205098494,0.317579523,0.346113029,0,0.7,1,,,,,,,Low,Medium,Urban,Medium,
37.39908159,-121.9487237,95054,0.205098494,0.634288418,0.347696697,0,0.7,1,,,,,,,Low,Medium,Urban,Medium,
37.39908159,-121.9455695,95054,0.205098494,0.846213953,0.382298787,0,0.7,1,,,,,,,Low,Medium,Urban,Medium,
37.40095093,-121.9860495,95054,0.205098494,0.882655244,0.491499516,0,0.7,1,,,,,,,Low,Medium,Urban,Medium,
37.40095093,-121.9570547,95054,0.205098494,0.241864677,0.549961335,0,0.7,1,,,,,,,Low,Medium,Urban,Medium,
37.39902539,-121.9347696,95134,0.134028582,0.662160971,0.410190376,0,0.7,1,,,,,,,Low,Medium,Urban,Medium,
37.39902539,-121.9318257,95134,0.134028582,0.530759239,0.477550514,0,0.7,1,,,,,,,Low,Medium,Urban,Medium,
37.39902539,-121.9296437,95134,0.134028582,0.467892181,0.503414979,0,0.7,1,,,,,,,Low,Medium,Urban,Medium,
37.39902539,-121.9258165,95134,0.134028582,0.467556574,0.498279779,0,0.7,1,,,,,,,Low,Medium,Urban,Medium,
37.39908159,-121.939243,95134,0.134028582,0.912814255,0.515787074,0,0.7,1,,,,,,,Low,Medium,Urban,Medium,
37.39908159,-121.9362292,95134,0.134028582,0.73825727,0.532720503,0,0.7,1,,,,,,,Low,Medium,Urban,Medium,
37.39908159,-121.9279369,95134,0.134028582,0.446839271,0.605294663,0,0.7,1,,,,,,,Low,Medium,Urban,Medium,
37.31463554,-121.8992826,95110,0.164419397,0.539893389,0.392376562,0,1,1,,,,,,,Low,Medium,Urban,High,
37.32454467,-121.9180962,95110,0.164419397,0.874255365,0.553580871,0,1,1,,,,,,,Low,Medium,Urban,High,
37.32454467,-121.9138957,95110,0.164419397,0.801701898,0.586647117,0,1,1,,,,,,,Low,Medium,Urban,High,
37.32454467,-121.9075456,95110,0.164419397,0.375861197,0.650373529,0,1,1,,,,,,,Low,Medium,Urban,High,
37.33972225,-121.8950232,95110,0.164419397,0.463595392,0.388325079,0,1,1,,,,,,,Low,Medium,Urban,High,
37.34667353,-121.8915749,95110,0.164419397,0.730682493,0.631217704,0,1,1,,,,,,,Low,Medium,Urban,High,
37.36454465,-121.8907803,95110,0.164419397,1.146178445,0.409887683,0,1,1,,,,,,,Low,Medium,Urban,High,
37.36619785,-121.9177436,95110,0.164419397,0.564580365,0.445868525,0,1,1,,,,,,,Low,Medium,Urban,High,
37.36619785,-121.915657,95110,0.164419397,0.487832167,0.47070113,0,1,1,,,,,,,Low,Medium,Urban,High,
37.35214756,-122.0038477,94085,0.186514625,0.933925508,0.403833549,0,1,1,,,,,,,Low,Medium,Urban,High,
37.35476489,-122.0056491,94085,0.186514625,0.82257868,0.379501367,0,1,1,,,,,,,Low,Medium,Urban,High,
37.35476489,-122.0036062,94085,0.186514625,0.843767722,0.379316797,0,1,1,,,,,,,Low,Medium,Urban,High,
37.35870644,-122.0093206,94085,0.186514625,0.705132569,0.439313056,0,1,1,,,,,,,Low,Medium,Urban,High,
37.36454465,-122.0043212,94085,0.186514625,0.485202983,0.577893332,0,1,1,,,,,,,Low,Medium,Urban,High,
37.37991662,-121.9600724,95054,0.205098494,0.309458232,0.436792313,0,1,1,,,,,,,Low,Medium,Urban,High,
37.37991662,-121.9545359,95054,0.205098494,0.097703683,0.469026431,0,1,1,,,,,,,Low,Medium,Urban,High,
37.37991662,-121.9522869,95054,0.205098494,0.125107343,0.468703876,0,1,1,,,,,,,Low,Medium,Urban,High,
37.38150858,-121.9878369,95054,0.205098494,0.654955996,0.474993261,0,1,1,,,,,,,Low,Medium,Urban,High,
37.38150858,-121.9822614,95054,0.205098494,0.269752766,0.480503716,0,1,1,,,,,,,Low,Medium,Urban,High,
37.38150858,-121.9752323,95054,0.205098494,0.21613354,0.532330345,0,1,1,,,,,,,Low,Medium,Urban,High,
37.38150858,-121.9746912,95054,0.205098494,0.253506483,0.565367318,0,1,1,,,,,,,Low,Medium,Urban,High,
37.38761416,-121.9796668,95054,0.205098494,0.23473574,0.347415535,0,1,1,,,,,,,Low,Medium,Urban,High,
37.38761416,-121.979108,95054,0.205098494,0.222735354,0.382243951,0,1,1,,,,,,,Low,Medium,Urban,High,
37.38761416,-121.9732785,95054,0.205098494,0.394991266,0.386030628,0,1,1,,,,,,,Low,Medium,Urban,High,
37.38761416,-121.9723038,95054,0.205098494,0.327994229,0.412948314,0,1,1,,,,,,,Low,Medium,Urban,High,
37.38761416,-121.96232,95054,0.205098494,0.365782607,0.490788785,0,1,1,,,,,,,Low,Medium,Urban,High,
37.38761416,-121.9517048,95054,0.205098494,0.347670473,0.496700667,0,1,1,,,,,,,Low,Medium,Urban,High,
37.38761416,-121.9461026,95054,0.205098494,0.534429607,0.505556384,0,1,1,,,,,,,Low,Medium,Urban,High,
37.39013772,-121.9789175,95054,0.205098494,0.311384833,0.568138459,0,1,1,,,,,,,Low,Medium,Urban,High,
37.39013772,-121.9626545,95054,0.205098494,0.346389263,0.62057817,0,1,1,,,,,,,Low,Medium,Urban,High,
37.40095093,-121.9740309,95054,0.205098494,0.519810432,0.486397866,0,1,1,,,,,,,Low,Medium,Urban,High,
37.40095093,-121.9725515,95054,0.205098494,0.417894206,0.488255659,0,1,1,,,,,,,Low,Medium,Urban,High,
37.40095093,-121.9565295,95054,0.205098494,0.249735542,0.592290703,0,1,1,,,,,,,Low,Medium,Urban,High,
37.40095093,-121.9522036,95054,0.205098494,0.440944801,0.615190341,0,1,1,,,,,,,Low,Medium,Urban,High,
37.39902539,-121.9369092,95134,0.134028582,0.77737589,0.336225921,0,1,1,,,,,,,Low,Medium,Urban,High,
37.39908159,-121.9336224,95134,0.134028582,0.604725744,0.564012021,0,1,1,,,,,,,Low,Medium,Urban,High,
37.32454467,-121.9269152,95110,0.164419397,0.899135045,0.371671883,0,0.3,1,,,,,,,Low,Medium,Urban,Low,
37.32454467,-121.9264467,95110,0.164419397,0.887367555,0.441884966,0,0.3,1,,,,,,,Low,Medium,Urban,Low,
37.33972225,-121.9013272,95110,0.164419397,0.050769374,0.356443452,0,0.3,1,,,,,,,Low,Medium,Urban,Low,
37.33972225,-121.893539,95110,0.164419397,0.565777028,0.421485717,0,0.3,1,,,,,,,Low,Medium,Urban,Low,
37.33972225,-121.8881663,95110,0.164419397,0.936349617,0.458470548,0,0.3,1,,,,,,,Low,Medium,Urban,Low,
37.34667353,-121.9062649,95110,0.164419397,0.378893524,0.359578556,0,0.3,1,,,,,,,Low,Medium,Urban,Low,
37.34667353,-121.9039699,95110,0.164419397,0.262154219,0.416250585,0,0.3,1,,,,,,,Low,Medium,Urban,Low,
37.34667353,-121.8953309,95110,0.164419397,0.487868158,0.576558258,0,0.3,1,,,,,,,Low,Medium,Urban,Low,
37.36454465,-121.8922144,95110,0.164419397,1.083513423,0.360345724,0,0.3,1,,,,,,,Low,Medium,Urban,Low,
37.35214756,-122.0088179,94085,0.186514625,0.931270484,0.383096861,0,0.3,1,,,,,,,Low,Medium,Urban,Low,
37.3591481,-122.006842,94085,0.186514625,0.660836002,0.488456484,0,0.3,1,,,,,,,Low,Medium,Urban,Low,
37.3623667,-122.0065533,94085,0.186514625,0.542430739,0.551235181,0,0.3,1,,,,,,,Low,Medium,Urban,Low,
37.37991662,-121.9575991,95054,0.205098494,0.191483706,0.47489239,0,0.3,1,,,,,,,Low,Medium,Urban,Low,
37.37991662,-121.9475616,95054,0.205098494,0.2704163,0.467837104,0,0.3,1,,,,,,,Low,Medium,Urban,Low,
37.38150858,-121.9758817,95054,0.205098494,0.171289564,0.523105703,0,0.3,1,,,,,,,Low,Medium,Urban,Low,
37.38150858,-121.9676461,95054,0.205098494,0.186635503,0.596852662,0,0.3,1,,,,,,,Low,Medium,Urban,Low,
37.38761416,-121.9674615,95054,0.205098494,0.037776884,0.495131759,0,0.3,1,,,,,,,Low,Medium,Urban,Low,
37.38761416,-121.9616758,95054,0.205098494,0.363760231,0.484259018,0,0.3,1,,,,,,,Low,Medium,Urban,Low,
37.38761416,-121.9558585,95054,0.205098494,0.101370749,0.485822012,0,0.3,1,,,,,,,Low,Medium,Urban,Low,
37.38761416,-121.954206,95054,0.205098494,0.185855834,0.493767761,0,0.3,1,,,,,,,Low,Medium,Urban,Low,
37.39013772,-121.9775869,95054,0.205098494,0.31354447,0.596139895,0,0.3,1,,,,,,,Low,Medium,Urban,Low,
37.39013772,-121.9731703,95054,0.205098494,0.386766759,0.600369282,0,0.3,1,,,,,,,Low,Medium,Urban,Low,
37.39908159,-121.9422756,95054,0.205098494,1.025474827,0.426387646,0,0.3,1,,,,,,,Low,Medium,Urban,Low,
37.40095093,-121.9885932,95054,0.205098494,0.998406432,0.479416118,0,0.3,1,,,,,,,Low,Medium,Urban,Low,
37.40095093,-121.9810065,95054,0.205098494,0.728066437,0.487826252,0,0.3,1,,,,,,,Low,Medium,Urban,Low,
37.40095093,-121.9763326,95054,0.205098494,0.678558604,0.484484424,0,0.3,1,,,,,,,Low,Medium,Urban,Low,
37.40095093,-121.9683622,95054,0.205098494,0.13189369,0.493749888,0,0.3,1,,,,,,,Low,Medium,Urban,Low,
37.40095093,-121.9656897,95054,0.205098494,0.068135455,0.512040332,0,0.3,1,,,,,,,Low,Medium,Urban,Low,
37.40095093,-121.9608225,95054,0.205098494,0.32858463,0.519542026,0,0.3,1,,,,,,,Low,Medium,Urban,Low,
37.40095093,-121.9499632,95054,0.205098494,0.577119565,0.617853358,0,0.3,1,,,,,,,Low,Medium,Urban,Low,
37.39902539,-121.9356563,95134,0.134028582,0.708440258,0.386150964,0,0.3,1,,,,,,,Low,Medium,Urban,Low,
37.39902539,-121.9213005,95134,0.134028582,0.63097615,0.496298673,0,0.3,1,,,,,,,Low,Medium,Urban,Low,
37.39908159,-121.940921,95134,0.134028582,1.01552138,0.50342537,0,0.3,1,,,,,,,Low,Medium,Urban,Low,
37.39908159,-121.9235607,95134,0.134028582,0.531132183,0.641986608,0,0.3,1,,,,,,,Low,Medium,Urban,Low,
37.32454467,-121.906891,95110,0.164419397,0.333873513,0.716660184,0,1,1,,,,,,,Low,High,Urban,High,
37.32454467,-121.9002186,95110,0.164419397,0.202814985,0.783949156,0,1,1,,,,,,,Low,High,Urban,High,
37.38150858,-121.9475619,95054,0.205098494,0.304991651,0.764023373,0,1,1,,,,,,,Low,High,Urban,High,
37.38172833,-121.9802719,95054,0.205098494,0.132203372,0.851797926,0,1,1,,,,,,,Low,High,Urban,High,
37.40095093,-121.939612,95134,0.134028582,0.904494884,0.693908734,0,1,1,,,,,,,Low,High,Urban,High,
37.40095093,-121.9316189,95134,0.134028582,0.464341727,0.737537887,0,1,1,,,,,,,Low,High,Urban,High,
37.40095093,-121.9287045,95134,0.134028582,0.384329013,0.795440812,0,1,1,,,,,,,Low,High,Urban,High,
37.40095093,-121.9176485,95134,0.134028582,0.792185647,0.826672172,0,1,1,,,,,,,Low,High,Urban,High,
37.32454467,-121.9068307,95110,0.164419397,0.330048839,0.734691438,0,0.7,1,,,,,,,Low,High,Urban,Medium,
37.32454467,-121.9029902,95110,0.164419397,0.136864536,0.738003304,0,0.7,1,,,,,,,Low,High,Urban,Medium,
37.38150858,-121.9534759,95054,0.205098494,0.165576403,0.712568522,0,0.7,1,,,,,,,Low,High,Urban,Medium,
37.38150858,-121.9501708,95054,0.205098494,0.186898237,0.72176647,0,0.7,1,,,,,,,Low,High,Urban,Medium,
37.38172833,-121.9865582,95054,0.205098494,0.566567019,0.773846024,0,0.7,1,,,,,,,Low,High,Urban,Medium,
37.39013772,-121.9598018,95054,0.205098494,0.219785148,0.668191387,0,0.7,1,,,,,,,Low,High,Urban,Medium,
37.40095093,-121.9366961,95134,0.134028582,0.726384386,0.696796715,0,0.7,1,,,,,,,Low,High,Urban,Medium,
37.40095093,-121.9240152,95134,0.134028582,0.456824576,0.800861829,0,0.7,1,,,,,,,Low,High,Urban,Medium,
37.30933908,-122.0194963,95014,0.532997999,0.923869029,0.061512986,1,0.3,1,,,,,,,Medium,Low,Forest,Low,
37.30933908,-122.014985,95014,0.532997999,0.999691279,0.020184225,1,0.3,1,,,,,,,Medium,Low,Forest,Low,
37.30950653,-122.0189576,95014,0.532997999,0.92167007,0.118549132,1,0.3,1,,,,,,,Medium,Low,Forest,Low,
37.30981285,-122.0208378,95014,0.532997999,0.903324315,0.080267835,1,0.3,1,,,,,,,Medium,Low,Forest,Low,
37.30981285,-122.0186363,95014,0.532997999,0.913614295,0.04393499,1,0.3,1,,,,,,,Medium,Low,Forest,Low,
37.3125031,-122.0155583,95014,0.532997999,0.877559108,0.196465968,1,0.3,1,,,,,,,Medium,Low,Forest,Low,
37.3125031,-122.0108147,95014,0.532997999,1.052204234,0.221468002,1,0.3,1,,,,,,,Medium,Low,Forest,Low,
37.31463554,-122.0184537,95014,0.532997999,0.741877391,0.239292037,1,0.3,1,,,,,,,Medium,Low,Forest,Low,
37.31463554,-122.0155675,95014,0.532997999,0.806261628,0.267339017,1,0.3,1,,,,,,,Medium,Low,Forest,Low,
37.3149789,-122.0167617,95014,0.532997999,0.762266129,0.249578294,1,0.3,1,,,,,,,Medium,Low,Forest,Low,
37.31837613,-122.0106749,95014,0.532997999,0.90577882,0.234015763,1,0.3,1,,,,,,,Medium,Low,Forest,Low,
37.32058743,-122.0180683,95014,0.532997999,0.538340456,0.23424067,1,0.3,1,,,,,,,Medium,Low,Forest,Low,
37.32058743,-122.0172445,95014,0.532997999,0.559630834,0.249036866,1,0.3,1,,,,,,,Medium,Low,Forest,Low,
37.32454467,-122.0193727,95014,0.532997999,0.373685755,0.086538368,1,0.3,1,,,,,,,Medium,Low,Forest,Low,
37.32454467,-122.0106689,95014,0.532997999,0.778268602,0.105425041,1,0.3,1,,,,,,,Medium,Low,Forest,Low,
37.32454467,-122.0091633,95014,0.532997999,0.871614544,0.103586581,1,0.3,1,,,,,,,Medium,Low,Forest,Low,
37.32645688,-122.0201471,95014,0.532997999,0.295294747,0.113509232,1,0.3,1,,,,,,,Medium,Low,Forest,Low,
37.33055368,-122.0139449,95014,0.532997999,0.483563898,0.071719427,1,0.3,1,,,,,,,Medium,Low,Forest,Low,
37.33229121,-122.0200037,95014,0.532997999,0.09061692,0.092857536,1,0.3,1,,,,,,,Medium,Low,Forest,Low,
37.33229121,-122.0162766,95014,0.532997999,0.311097369,0.100979317,1,0.3,1,,,,,,,Medium,Low,Forest,Low,
37.33694709,-122.01846,95014,0.532997999,0.175280169,0.053518728,1,0.3,1,,,,,,,Medium,Low,Forest,Low,
37.33694709,-122.013074,95014,0.532997999,0.529874957,0.035047058,1,0.3,1,,,,,,,Medium,Low,Forest,Low,
37.33847727,-122.0149212,95014,0.532997999,0.420875404,0.030175172,1,0.3,1,,,,,,,Medium,Low,Forest,Low,
37.33972225,-122.020054,95014,0.532997999,0.196642721,0.066436775,1,0.3,1,,,,,,,Medium,Low,Forest,Low,
37.33972225,-122.0105093,95014,0.532997999,0.725263967,0.101979291,1,0.3,1,,,,,,,Medium,Low,Forest,Low,
37.33972225,-122.0104699,95014,0.532997999,0.727889029,0.092834291,1,0.3,1,,,,,,,Medium,Low,Forest,Low,
37.34449653,-122.0207596,95014,0.532997999,0.367619798,0.09071846,1,0.3,1,,,,,,,Medium,Low,Forest,Low,
37.34452043,-122.009317,95014,0.532997999,0.864054647,0.068640219,1,0.3,1,,,,,,,Medium,Low,Forest,Low,
37.34667353,-122.0169678,95014,0.532997999,0.513828252,0.021243924,1,0.3,1,,,,,,,Medium,Low,Forest,Low,
37.34667353,-122.012955,95014,0.532997999,0.693657487,0.009227127,1,0.3,1,,,,,,,Medium,Low,Forest,Low,
37.35085624,-122.0161053,95014,0.532997999,0.676951156,0.034466485,1,0.3,1,,,,,,,Medium,Low,Forest,Low,
37.35085624,-122.0099038,95014,0.532997999,0.953777743,0.078974357,1,0.3,1,,,,,,,Medium,Low,Forest,Low,
37.35214756,-122.0155121,95014,0.532997999,0.737977269,0.200635283,1,0.3,1,,,,,,,Medium,Low,Forest,Low,
37.39013772,-121.8916339,95035,0.587652305,0.947783595,0.103301413,1,0.3,1,,,,,,,Medium,Low,Forest,Low,
37.39013772,-121.8915773,95035,0.587652305,0.946881978,0.0977159,1,0.3,1,,,,,,,Medium,Low,Forest,Low,
37.39468838,-121.8942342,95035,0.587652305,0.855023445,0.052696621,1,0.3,1,,,,,,,Medium,Low,Forest,Low,
37.39902539,-121.8885608,95035,0.587652305,0.597447467,0.204807108,1,0.3,1,,,,,,,Medium,Low,Forest,Low,
37.39908159,-121.8950992,95035,0.587652305,0.752166193,0.22404768,1,0.3,1,,,,,,,Medium,Low,Forest,Low,
37.40095093,-121.8926459,95035,0.587652305,0.601696305,0.21876502,1,0.3,1,,,,,,,Medium,Low,Forest,Low,
37.30933908,-122.0138411,95014,0.532997999,1.03307818,0.042415555,1,0.7,1,,,,,,,Medium,Low,Forest,Medium,
37.30981285,-122.0182959,95014,0.532997999,0.91744924,0.080751648,1,0.7,1,,,,,,,Medium,Low,Forest,Medium,
37.3125031,-122.0164203,95014,0.532997999,0.855533124,0.124906285,1,0.7,1,,,,,,,Medium,Low,Forest,Medium,
37.31321872,-122.0157924,95014,0.532997999,0.8470783,0.233826094,1,0.7,1,,,,,,,Medium,Low,Forest,Medium,
37.31463554,-122.0129218,95014,0.532997999,0.900725184,0.30470273,1,0.7,1,,,,,,,Medium,Low,Forest,Medium,
37.3149789,-122.017079,95014,0.532997999,0.754862899,0.251819823,1,0.7,1,,,,,,,Medium,Low,Forest,Medium,
37.31650416,-122.0105939,95014,0.532997999,0.955877102,0.231106096,1,0.7,1,,,,,,,Medium,Low,Forest,Medium,
37.31837613,-122.0158411,95014,0.532997999,0.675922002,0.233301762,1,0.7,1,,,,,,,Medium,Low,Forest,Medium,
37.32058743,-122.0152397,95014,0.532997999,0.630198421,0.266481622,1,0.7,1,,,,,,,Medium,Low,Forest,Medium,
37.32058743,-122.0103459,95014,0.532997999,0.873668255,0.285415537,1,0.7,1,,,,,,,Medium,Low,Forest,Medium,
37.32194949,-122.020115,95014,0.532997999,0.459922167,0.297945548,1,0.7,1,,,,,,,Medium,Low,Forest,Medium,
37.32194949,-122.0102932,95014,0.532997999,0.84867072,0.329531962,1,0.7,1,,,,,,,Medium,Low,Forest,Medium,
37.3289879,-122.0137007,95014,0.532997999,0.519071116,0.1541984,1,0.7,1,,,,,,,Medium,Low,Forest,Medium,
37.33055368,-122.0169324,95014,0.532997999,0.2928716,0.10837827,1,0.7,1,,,,,,,Medium,Low,Forest,Medium,
37.33229121,-122.0122977,95014,0.532997999,0.58114335,0.110179647,1,0.7,1,,,,,,,Medium,Low,Forest,Medium,
37.33306415,-122.0153516,95014,0.532997999,0.368238102,0.118319511,1,0.7,1,,,,,,,Medium,Low,Forest,Medium,
37.33847727,-122.0202489,95014,0.532997999,0.149304116,0.016395449,1,0.7,1,,,,,,,Medium,Low,Forest,Medium,
37.33847727,-122.0168739,95014,0.532997999,0.298189976,0.014068247,1,0.7,1,,,,,,,Medium,Low,Forest,Medium,
37.33847727,-122.0101508,95014,0.532997999,0.738768617,0.051524571,1,0.7,1,,,,,,,Medium,Low,Forest,Medium,
37.33972225,-122.0196217,95014,0.532997999,0.204775398,0.097495193,1,0.7,1,,,,,,,Medium,Low,Forest,Medium,
37.33972225,-122.0157544,95014,0.532997999,0.387978001,0.116318139,1,0.7,1,,,,,,,Medium,Low,Forest,Medium,
37.34144029,-122.0130989,95014,0.532997999,0.579650603,0.078963186,1,0.7,1,,,,,,,Medium,Low,Forest,Medium,
37.34215097,-122.0117024,95014,0.532997999,0.678009606,0.069226032,1,0.7,1,,,,,,,Medium,Low,Forest,Medium,
37.34449653,-122.0165073,95014,0.532997999,0.464918805,0.124724766,1,0.7,1,,,,,,,Medium,Low,Forest,Medium,
37.34449653,-122.0124518,95014,0.532997999,0.673994579,0.124530632,1,0.7,1,,,,,,,Medium,Low,Forest,Medium,
37.34449653,-122.0123236,95014,0.532997999,0.681437278,0.125099248,1,0.7,1,,,,,,,Medium,Low,Forest,Medium,
37.34452043,-122.0202738,95014,0.532997999,0.369197563,0.150211746,1,0.7,1,,,,,,,Medium,Low,Forest,Medium,
37.34452043,-122.0190438,95014,0.532997999,0.38431112,0.17825909,1,0.7,1,,,,,,,Medium,Low,Forest,Medium,
37.34452043,-122.0155791,95014,0.532997999,0.507379513,0.219952606,1,0.7,1,,,,,,,Medium,Low,Forest,Medium,
37.34902014,-122.0195855,95014,0.532997999,0.538083997,0.052948051,1,0.7,1,,,,,,,Medium,Low,Forest,Medium,
37.34902014,-122.014824,95014,0.532997999,0.667217384,0.056985613,1,0.7,1,,,,,,,Medium,Low,Forest,Medium,
37.35085624,-122.0206725,95014,0.532997999,0.600518416,0.120682543,1,0.7,1,,,,,,,Medium,Low,Forest,Medium,
37.35085624,-122.012403,95014,0.532997999,0.826794509,0.034788491,1,0.7,1,,,,,,,Medium,Low,Forest,Medium,
37.35085624,-122.0104444,95014,0.532997999,0.925055972,0.035747131,1,0.7,1,,,,,,,Medium,Low,Forest,Medium,
37.35214756,-122.0163296,95014,0.532997999,0.712648933,0.143433909,1,0.7,1,,,,,,,Medium,Low,Forest,Medium,
37.39216313,-121.8928672,95035,0.587652305,0.90125417,0.098900495,1,0.7,1,,,,,,,Medium,Low,Forest,Medium,
37.39908159,-121.8868394,95035,0.587652305,0.605609987,0.230150063,1,0.7,1,,,,,,,Medium,Low,Forest,Medium,
37.40095093,-121.8915715,95035,0.587652305,0.569620354,0.218710046,1,0.7,1,,,,,,,Medium,Low,Forest,Medium,
37.31463554,-122.0146606,95014,0.532997999,0.835345369,0.314748313,1,1,1,,,,,,,Medium,Low,Forest,High,
37.31463554,-122.0117575,95014,0.532997999,0.950497866,0.292599315,1,1,1,,,,,,,Medium,Low,Forest,High,
37.3149789,-122.013182,95014,0.532997999,0.87998112,0.238027343,1,1,1,,,,,,,Medium,Low,Forest,High,
37.31650416,-122.0151746,95014,0.532997999,0.758289465,0.231121721,1,1,1,,,,,,,Medium,Low,Forest,High,
37.31650416,-122.0100176,95014,0.532997999,0.985140826,0.232278411,1,1,1,,,,,,,Medium,Low,Forest,High,
37.32194949,-122.0168706,95014,0.532997999,0.526957273,0.317154278,1,1,1,,,,,,,Medium,Low,Forest,High,
37.32454467,-122.0148063,95014,0.532997999,0.542174359,0.086810137,1,1,1,,,,,,,Medium,Low,Forest,High,
37.32645688,-122.0173369,95014,0.532997999,0.371245884,0.102985909,1,1,1,,,,,,,Medium,Low,Forest,High,
37.32645688,-122.0138103,95014,0.532997999,0.555023055,0.125038205,1,1,1,,,,,,,Medium,Low,Forest,High,
37.3289879,-122.0185539,95014,0.532997999,0.246632055,0.15145382,1,1,1,,,,,,,Medium,Low,Forest,High,
37.33055368,-122.0108777,95014,0.532997999,0.688847531,0.070264796,1,1,1,,,,,,,Medium,Low,Forest,High,
37.33306415,-122.0167077,95014,0.532997999,0.275759801,0.114933116,1,1,1,,,,,,,Medium,Low,Forest,High,
37.33306415,-122.0117115,95014,0.532997999,0.618298757,0.078680503,1,1,1,,,,,,,Medium,Low,Forest,High,
37.3354207,-122.0189033,95014,0.532997999,0.124257246,0.062604227,1,1,1,,,,,,,Medium,Low,Forest,High,
37.3354207,-122.0125465,95014,0.532997999,0.559562515,0.054712665,1,1,1,,,,,,,Medium,Low,Forest,High,
37.33694709,-122.0132199,95014,0.532997999,0.519946005,0.059205023,1,1,1,,,,,,,Medium,Low,Forest,High,
37.33972225,-122.0146069,95014,0.532997999,0.458501282,0.122470333,1,1,1,,,,,,,Medium,Low,Forest,High,
37.34144029,-122.0176264,95014,0.532997999,0.329138616,0.086521707,1,1,1,,,,,,,Medium,Low,Forest,High,
37.34144029,-122.0134531,95014,0.532997999,0.557787182,0.085817154,1,1,1,,,,,,,Medium,Low,Forest,High,
37.34215097,-122.0160674,95014,0.532997999,0.422626301,0.042365909,1,1,1,,,,,,,Medium,Low,Forest,High,
37.34449653,-122.0085301,95014,0.532997999,0.913179831,0.130429296,1,1,1,,,,,,,Medium,Low,Forest,High,
37.34452043,-122.0145194,95014,0.532997999,0.560258479,0.208609993,1,1,1,,,,,,,Medium,Low,Forest,High,
37.34452043,-122.0112113,95014,0.532997999,0.747740463,0.137409132,1,1,1,,,,,,,Medium,Low,Forest,High,
37.34667353,-122.0089807,95014,0.532997999,0.920747226,0.007556093,1,1,1,,,,,,,Medium,Low,Forest,High,
37.34902014,-122.0212881,95014,0.532997999,0.535188148,0.031854915,1,1,1,,,,,,,Medium,Low,Forest,High,
37.34902014,-122.0089281,95014,0.532997999,0.968457111,0.096695521,1,1,1,,,,,,,Medium,Low,Forest,High,
37.35085624,-122.0201379,95014,0.532997999,0.601463579,0.055164013,1,1,1,,,,,,,Medium,Low,Forest,High,
37.35085624,-122.0139706,95014,0.532997999,0.756443059,0.033702751,1,1,1,,,,,,,Medium,Low,Forest,High,
37.39013772,-121.8933186,95035,0.587652305,0.981400273,0.103636794,1,1,1,,,,,,,Medium,Low,Forest,High,
37.39216313,-121.8923984,95035,0.587652305,0.890793734,0.051722958,1,1,1,,,,,,,Medium,Low,Forest,High,
37.39468838,-121.8905885,95035,0.587652305,0.770072215,0.060967212,1,1,1,,,,,,,Medium,Low,Forest,High,
37.39634043,-121.8917237,95035,0.587652305,0.731353118,0.074128811,1,1,1,,,,,,,Medium,Low,Forest,High,
37.39902539,-121.8941993,95035,0.587652305,0.717564622,0.13183782,1,1,1,,,,,,,Medium,Low,Forest,High,
37.39902539,-121.8883798,95035,0.587652305,0.597412826,0.215092134,1,1,1,,,,,,,Medium,Low,Forest,High,
37.39908159,-121.8917055,95035,0.587652305,0.636512955,0.247335869,1,1,1,,,,,,,Medium,Low,Forest,High,
37.33972225,-121.9352208,95050,0.315346396,0.684561964,0.718943596,0,1,1,,,,,,,Low,High,Urban,High,
37.35870644,-121.8669143,95133,0.222980091,0.208747518,0.775886983,0,1,1,,,,,,,Low,High,Urban,High,
37.36619785,-121.8224506,95116,0.452052389,1.457968356,0.882407711,0,1,1,,,,,,,Medium,High,Urban,High,
37.36744695,-121.8503967,95116,0.452052389,0.474982889,0.962599119,0,1,1,,,,,,,Medium,High,Urban,High,
37.36744695,-121.8440812,95116,0.452052389,0.056420768,1,0,1,1,,,,,,,Medium,High,Urban,High,
37.38254026,-121.8816538,95131,0.250754942,0.458133998,0.741829813,0,1,1,,,,,,,Low,High,Urban,High,
37.38254026,-121.8785231,95131,0.250754942,0.376443429,0.758321536,0,1,1,,,,,,,Low,High,Urban,High,
37.39216313,-121.932139,95131,0.250754942,0.510881403,0.737095138,0,1,1,,,,,,,Low,High,Urban,High,
37.39908159,-121.8974318,95131,0.250754942,0.603322034,0.669380538,0,1,1,,,,,,,Low,High,Urban,High,
37.39908159,-121.8966058,95131,0.250754942,0.658515702,0.67273694,0,1,1,,,,,,,Low,High,Urban,High,
37.34144029,-121.9614591,95050,0.315346396,1.078026947,0.754976647,0,0.7,1,,,,,,,Low,High,Urban,Medium,
37.35870644,-121.8757181,95133,0.222980091,0.80548191,0.697072223,0,0.7,1,,,,,,,Low,High,Urban,Medium,
37.36619785,-121.842279,95116,0.452052389,0.08791125,0.688536546,0,0.7,1,,,,,,,Medium,High,Urban,Medium,
37.36619785,-121.8343467,95116,0.452052389,0.635979679,0.761222759,0,0.7,1,,,,,,,Medium,High,Urban,Medium,
37.39468838,-121.8184644,95116,0.452052389,2.019215939,0.730702419,0,0.7,1,,,,,,,Medium,High,Urban,Medium,
37.39468838,-121.8160914,95116,0.452052389,2.161595303,0.769707359,0,0.7,1,,,,,,,Medium,High,Urban,Medium,
37.38254026,-121.8882638,95131,0.250754942,0.813167862,0.698157587,0,0.7,1,,,,,,,Low,High,Urban,Medium,
37.38427138,-121.9364047,95131,0.250754942,0.64794589,0.818728233,0,0.7,1,,,,,,,Low,High,Urban,Medium,
37.35870644,-121.872523,95133,0.222980091,0.586166023,0.71345053,0,0.3,1,,,,,,,Low,High,Urban,Low,
37.37236348,-121.8553606,95133,0.222980091,0.736126496,0.691294227,0,0.3,1,,,,,,,Low,High,Urban,Low,
37.36619785,-121.8390519,95116,0.452052389,0.310867482,0.747322825,0,0.3,1,,,,,,,Medium,High,Urban,Low,
37.36619785,-121.8288423,95116,0.452052389,1.016318365,0.832516475,0,0.3,1,,,,,,,Medium,High,Urban,Low,
37.36619785,-121.8200563,95116,0.452052389,1.623408459,0.887328496,0,0.3,1,,,,,,,Medium,High,Urban,Low,
37.36744695,-121.8537948,95116,0.452052389,0.709141191,0.92454546,0,0.3,1,,,,,,,Medium,High,Urban,Low,
37.39468838,-121.8102632,95116,0.452052389,2.522438401,0.770923469,0,0.3,1,,,,,,,Medium,High,Urban,Low,
37.38254026,-121.8947409,95131,0.250754942,1.083267657,0.672303829,0,0.3,1,,,,,,,Low,High,Urban,Low,
37.38254026,-121.8718447,95131,0.250754942,0.555919119,0.787085443,0,0.3,1,,,,,,,Low,High,Urban,Low,
37.39216313,-121.9379135,95131,0.250754942,0.835158246,0.712351182,0,0.3,1,,,,,,,Low,High,Urban,Low,
37.39908159,-121.8833318,95131,0.250754942,0.445835011,0.726669481,0,0.3,1,,,,,,,Low,High,Urban,Low,
37.38150858,-121.9622606,95054,0.205098494,0.412625985,0.671109275,0,0.3,1,,,,,,,Low,High,Urban,Low,
37.38150858,-121.9584145,95054,0.205098494,0.185395812,0.700348277,0,0.3,1,,,,,,,Low,High,Urban,Low,
37.38172833,-121.9840222,95054,0.205098494,0.391336157,0.820203404,0,0.3,1,,,,,,,Low,High,Urban,Low,
37.39908159,-121.9205379,95134,0.134028582,0.667703124,0.686196277,0,0.3,1,,,,,,,Low,High,Urban,Low,